Title,Summary,EventDate,DatePrecision,Category,Importance,SourceType,SourceKey,SourceUrl
"Queen at Swiss Cottage Private School, London, UK","Queen performed at Swiss Cottage Private School in London, UK.",1970-09-04,ExactDate,Concert,30,Curated,queenconcerts-5,https://www.queenconcerts.com/detail/live/5/queen-live-04-09-1970-swiss-cottage-private-school-london-uk.html
"Queen at College of Estates Manag., London, UK","Queen performed at College of Estates Manag. in London, UK.",1970-10-16,ExactDate,Concert,30,Curated,queenconcerts-6,https://www.queenconcerts.com/detail/live/6/queen-live-16-10-1970-college-of-estates-manag-london-uk.html
"Queen at Clouds, Derby, UK","Queen performed at Clouds in Derby, UK.",1970-10-22,ExactDate,Concert,30,Curated,queenconcerts-2422,https://www.queenconcerts.com/detail/live/2422/queen-live-22-10-1970-clouds-derby-uk.html
"Queen at Potter's Bar Youth Club, London, UK","Queen performed at Potter's Bar Youth Club in London, UK.",1970-10-23,ExactDate,Concert,30,Curated,queenconcerts-1980,https://www.queenconcerts.com/detail/live/1980/queen-live-23-10-1970-potters-bar-youth-club-london-uk.html
"Queen at College of Technology, St. Helens, UK","Queen performed at College of Technology in St. Helens, UK.",1970-10-30,ExactDate,Concert,30,Curated,queenconcerts-7,https://www.queenconcerts.com/detail/live/7/queen-live-30-10-1970-college-of-technology-st-helens-uk.html
"Queen at Balls Park College, Hertford, UK","Queen performed at Balls Park College in Hertford, UK.",1970-11-14,ExactDate,Concert,30,Curated,queenconcerts-9,https://www.queenconcerts.com/detail/live/9/queen-live-14-11-1970-balls-park-college-hertford-uk.html
"Queen at Cavern Club, Liverpool, UK","Queen performed at Cavern Club in Liverpool, UK.",1970-11-27,ExactDate,Concert,30,Curated,queenconcerts-8,https://www.queenconcerts.com/detail/live/8/queen-live-27-11-1970-cavern-club-liverpool-uk.html
"Queen at Cavern Club, Liverpool, UK","Queen performed at Cavern Club in Liverpool, UK.",1970-11-28,ExactDate,Concert,30,Curated,queenconcerts-2472,https://www.queenconcerts.com/detail/live/2472/queen-live-28-11-1970-cavern-club-liverpool-uk.html
"Queen at Shoreditch College, Egham, UK","Queen performed at Shoreditch College in Egham, UK.",1970-12-05,ExactDate,Concert,30,Curated,queenconcerts-10,https://www.queenconcerts.com/detail/live/10/queen-live-05-12-1970-shoreditch-college-egham-uk.html
"Queen at Byam Shaw School of Art, London, UK","Queen performed at Byam Shaw School of Art in London, UK.",1970-12-10,ExactDate,Concert,30,Curated,queenconcerts-2295,https://www.queenconcerts.com/detail/live/2295/queen-live-10-12-1970-byam-shaw-school-of-art-london-uk.html
"Queen at College of Technology, St. Helens, UK","Queen performed at College of Technology in St. Helens, UK.",1970-12-18,ExactDate,Concert,30,Curated,queenconcerts-11,https://www.queenconcerts.com/detail/live/11/queen-live-18-12-1970-college-of-technology-st-helens-uk.html
"Queen at Congregational Church Hall, St. Helens, UK","Queen performed at Congregational Church Hall in St. Helens, UK.",1970-12-19,ExactDate,Concert,30,Curated,queenconcerts-12,https://www.queenconcerts.com/detail/live/12/queen-live-19-12-1970-congregational-church-hall-st-helens-uk.html
"Queen at Technical College, Ewell, UK","Queen performed at Technical College in Ewell, UK.",1971-01-09,ExactDate,Concert,30,Curated,queenconcerts-14,https://www.queenconcerts.com/detail/live/14/queen-live-09-01-1971-technical-college-ewell-uk.html
"Queen at Hornsey Town Hall, London, UK","Queen performed at Hornsey Town Hall in London, UK.",1971-02-19,ExactDate,Concert,30,Curated,queenconcerts-15,https://www.queenconcerts.com/detail/live/15/queen-live-19-02-1971-hornsey-town-hall-london-uk.html
"Queen at Kingston Polytechnic, London, UK","Queen performed at Kingston Polytechnic in London, UK.",1971-02-20,ExactDate,Concert,30,Curated,queenconcerts-16,https://www.queenconcerts.com/detail/live/16/queen-live-20-02-1971-kingston-polytechnic-london-uk.html
"Queen at The Garden, Penzance, UK","Queen performed at The Garden in Penzance, UK.",1971-07-17,ExactDate,Concert,30,Curated,queenconcerts-19,https://www.queenconcerts.com/detail/live/19/queen-live-17-07-1971-the-garden-penzance-uk.html
"Queen at Imperial College, London, UK","Queen performed at Imperial College in London, UK.",1971-07-18,ExactDate,Concert,30,Curated,queenconcerts-2455,https://www.queenconcerts.com/detail/live/2455/queen-live-18-07-1971-imperial-college-london-uk.html
"Queen at Rugby Club, Hayle, UK","Queen performed at Rugby Club in Hayle, UK.",1971-07-19,ExactDate,Concert,30,Curated,queenconcerts-20,https://www.queenconcerts.com/detail/live/20/queen-live-19-07-1971-rugby-club-hayle-uk.html
"Queen at Town Hall, Wadebridge, UK","Queen performed at Town Hall in Wadebridge, UK.",1971-07-24,ExactDate,Concert,30,Curated,queenconcerts-21,https://www.queenconcerts.com/detail/live/21/queen-live-24-07-1971-town-hall-wadebridge-uk.html
"Queen at The Garden, Penzance, UK","Queen performed at The Garden in Penzance, UK.",1971-07-29,ExactDate,Concert,30,Curated,queenconcerts-22,https://www.queenconcerts.com/detail/live/22/queen-live-29-07-1971-the-garden-penzance-uk.html
"Queen at City Hall, Truro, UK","Queen performed at City Hall in Truro, UK.",1971-07-31,ExactDate,Concert,30,Curated,queenconcerts-23,https://www.queenconcerts.com/detail/live/23/queen-live-31-07-1971-city-hall-truro-uk.html
"Queen at Rugby Club, Hayle, UK","Queen performed at Rugby Club in Hayle, UK.",1971-08-02,ExactDate,Concert,30,Curated,queenconcerts-24,https://www.queenconcerts.com/detail/live/24/queen-live-02-08-1971-rugby-club-hayle-uk.html
"Queen at Driftwood Spars, St. Agnes, UK","Queen performed at Driftwood Spars in St. Agnes, UK.",1971-08-09,ExactDate,Concert,30,Curated,queenconcerts-25,https://www.queenconcerts.com/detail/live/25/queen-live-09-08-1971-driftwood-spars-st-agnes-uk.html
"Queen at Tregye Hotel, Truro, UK","Queen performed at Tregye Hotel in Truro, UK.",1971-08-12,ExactDate,Concert,30,Curated,queenconcerts-26,https://www.queenconcerts.com/detail/live/26/queen-live-12-08-1971-tregye-hotel-truro-uk.html
"Queen at Warrant Officer and Senior Rates Mess, RNAS Culdrose, Culdrose, UK","Queen performed at Warrant Officer and Senior Rates Mess, RNAS Culdrose in Culdrose, UK.",1971-08-14,ExactDate,Concert,30,Curated,queenconcerts-27,https://www.queenconcerts.com/detail/live/27/queen-live-14-08-1971-warrant-officer-and-senior-rates-mess-rnas-culdrose-culdrose-uk.html
"Queen at City Hall, Truro, UK","Queen performed at City Hall in Truro, UK.",1971-08-17,ExactDate,Concert,30,Curated,queenconcerts-28,https://www.queenconcerts.com/detail/live/28/queen-live-17-08-1971-city-hall-truro-uk.html
"Queen at Imperial College, London, UK","Queen performed at Imperial College in London, UK.",1971-10-06,ExactDate,Concert,30,Curated,queenconcerts-30,https://www.queenconcerts.com/detail/live/30/queen-live-06-10-1971-imperial-college-london-uk.html
"Queen at Rugby Club, Twickenham, UK","Queen performed at Rugby Club in Twickenham, UK.",1971-12-31,ExactDate,Concert,30,Curated,queenconcerts-32,https://www.queenconcerts.com/detail/live/32/queen-live-31-12-1971-rugby-club-twickenham-uk.html
"Queen at Bedford College, London, UK","Queen performed at Bedford College in London, UK.",1972-01-28,ExactDate,Concert,30,Curated,queenconcerts-33,https://www.queenconcerts.com/detail/live/33/queen-live-28-01-1972-bedford-college-london-uk.html
"Queen at King's College Medical School, London, UK","Queen performed at King's College Medical School in London, UK.",1972-03-10,ExactDate,Concert,30,Curated,queenconcerts-34,https://www.queenconcerts.com/detail/live/34/queen-live-10-03-1972-kings-college-medical-school-london-uk.html
"Queen at Forest Hill Hospital, London, UK","Queen performed at Forest Hill Hospital in London, UK.",1972-03-24,ExactDate,Concert,30,Curated,queenconcerts-35,https://www.queenconcerts.com/detail/live/35/queen-live-24-03-1972-forest-hill-hospital-london-uk.html
"Queen at Queen Charlotte's Maternity Hospital, London, UK","Queen performed at Queen Charlotte's Maternity Hospital in London, UK.",1972-04-25,ExactDate,Concert,30,Curated,queenconcerts-2428,https://www.queenconcerts.com/detail/live/2428/queen-live-25-04-1972-queen-charlottes-maternity-hospital-london-uk.html
"Queen at Baths Hall, Epsom, UK","Queen performed at Baths Hall in Epsom, UK.",1972-12-09,ExactDate,Concert,30,Curated,queenconcerts-2379,https://www.queenconcerts.com/detail/live/2379/queen-live-09-12-1972-baths-hall-epsom-uk.html
"Queen at The Marquee Club, London, UK","Queen performed at The Marquee Club in London, UK.",1972-12-21,ExactDate,Concert,30,Curated,queenconcerts-37,https://www.queenconcerts.com/detail/live/37/queen-live-21-12-1972-the-marquee-club-london-uk.html
"Queen at The Marquee Club, London, UK","Queen performed at The Marquee Club in London, UK.",1973-04-09,ExactDate,Concert,30,Curated,queenconcerts-38,https://www.queenconcerts.com/detail/live/38/queen-live-09-04-1973-the-marquee-club-london-uk.html
"Queen at Winter Gardens, Penzance, UK","Queen performed at Winter Gardens in Penzance, UK.",1973-07-01,ExactDate,Concert,30,Curated,queenconcerts-2378,https://www.queenconcerts.com/detail/live/2378/queen-live-july-1973-winter-gardens-penzance-uk.html
"Queen at Queen Mary College, Basingstoke, UK","Queen performed at Queen Mary College in Basingstoke, UK.",1973-07-13,ExactDate,Concert,30,Curated,queenconcerts-39,https://www.queenconcerts.com/detail/live/39/queen-live-13-07-1973-queen-mary-college-basingstoke-uk.html
"Queen at The Marquee Club, London, UK","Queen performed at The Marquee Club in London, UK.",1973-07-23,ExactDate,Concert,30,Curated,queenconcerts-1728,https://www.queenconcerts.com/detail/live/1728/queen-live-23-07-1973-the-marquee-club-london-uk.html
"Queen at The Mayfair, Newcastle, UK","Queen performed at The Mayfair in Newcastle, UK.",1973-08-03,ExactDate,Concert,30,Curated,queenconcerts-1740,https://www.queenconcerts.com/detail/live/1740/queen-live-03-08-1973-the-mayfair-newcastle-uk.html
"Queen at Underground, Bonn, Germany","Queen performed at Underground in Bonn, Germany.",1973-10-11,ExactDate,Concert,30,Curated,queenconcerts-41,https://www.queenconcerts.com/detail/live/41/queen-live-11-10-1973-underground-bonn-germany.html
"Queen at Locarno, Sunderland, UK","Queen performed at Locarno in Sunderland, UK.",1973-10-12,ExactDate,Concert,30,Curated,queenconcerts-2253,https://www.queenconcerts.com/detail/live/2253/queen-live-12-10-1973-locarno-sunderland-uk.html
"Queen at Le Blow Up, Luxembourg, Luxembourg","Queen performed at Le Blow Up in Luxembourg, Luxembourg.",1973-10-14,ExactDate,Concert,30,Curated,queenconcerts-42,https://www.queenconcerts.com/detail/live/42/queen-live-14-10-1973-le-blow-up-luxembourg-luxembourg.html
"Queen at Paris Theatre, London, UK","Queen performed at Paris Theatre in London, UK.",1973-10-20,ExactDate,Concert,30,Curated,queenconcerts-43,https://www.queenconcerts.com/detail/live/43/queen-live-20-10-1973-paris-theatre-london-uk.html
"Queen at Imperial College, London, UK","Queen performed at Imperial College in London, UK.",1973-10-26,ExactDate,Concert,30,Curated,queenconcerts-44,https://www.queenconcerts.com/detail/live/44/queen-live-26-10-1973-imperial-college-london-uk.html
"Queen at Imperial College, London, UK","Queen performed at Imperial College in London, UK.",1973-11-02,ExactDate,Concert,30,Curated,queenconcerts-45,https://www.queenconcerts.com/detail/live/45/queen-live-02-11-1973-imperial-college-london-uk.html
"Queen at King George's Hall, Blackburn, UK","Queen performed at King George's Hall in Blackburn, UK.",1973-11-13,ExactDate,Concert,30,Curated,queenconcerts-47,https://www.queenconcerts.com/detail/live/47/queen-live-13-11-1973-king-georges-hall-blackburn-uk.html
"Queen at Gaumont, Worcester, UK","Queen performed at Gaumont in Worcester, UK.",1973-11-15,ExactDate,Concert,30,Curated,queenconcerts-48,https://www.queenconcerts.com/detail/live/48/queen-live-15-11-1973-gaumont-worcester-uk.html
"Queen at University, Lancaster, UK","Queen performed at University in Lancaster, UK.",1973-11-16,ExactDate,Concert,30,Curated,queenconcerts-49,https://www.queenconcerts.com/detail/live/49/queen-live-16-11-1973-university-lancaster-uk.html
"Queen at Stadium, Liverpool, UK","Queen performed at Stadium in Liverpool, UK.",1973-11-17,ExactDate,Concert,30,Curated,queenconcerts-50,https://www.queenconcerts.com/detail/live/50/queen-live-17-11-1973-stadium-liverpool-uk.html
"Queen at Victoria Hall, Hanley, UK","Queen performed at Victoria Hall in Hanley, UK.",1973-11-18,ExactDate,Concert,30,Curated,queenconcerts-51,https://www.queenconcerts.com/detail/live/51/queen-live-18-11-1973-victoria-hall-hanley-uk.html
"Queen at Civic, Wolverhampton, UK","Queen performed at Civic in Wolverhampton, UK.",1973-11-19,ExactDate,Concert,30,Curated,queenconcerts-52,https://www.queenconcerts.com/detail/live/52/queen-live-19-11-1973-civic-wolverhampton-uk.html
"Queen at New Theatre, Oxford, UK","Queen performed at New Theatre in Oxford, UK.",1973-11-20,ExactDate,Concert,30,Curated,queenconcerts-53,https://www.queenconcerts.com/detail/live/53/queen-live-20-11-1973-new-theatre-oxford-uk.html
"Queen at Guildhall, Preston, UK","Queen performed at Guildhall in Preston, UK.",1973-11-21,ExactDate,Concert,30,Curated,queenconcerts-54,https://www.queenconcerts.com/detail/live/54/queen-live-21-11-1973-guildhall-preston-uk.html
"Queen at City Hall, Newcastle, UK","Queen performed at City Hall in Newcastle, UK.",1973-11-22,ExactDate,Concert,30,Curated,queenconcerts-55,https://www.queenconcerts.com/detail/live/55/queen-live-22-11-1973-city-hall-newcastle-uk.html
"Queen at Apollo Theatre, Glasgow, UK","Queen performed at Apollo Theatre in Glasgow, UK.",1973-11-23,ExactDate,Concert,30,Curated,queenconcerts-56,https://www.queenconcerts.com/detail/live/56/queen-live-23-11-1973-apollo-theatre-glasgow-uk.html
"Queen at Caley Cinema, Edinburgh, UK","Queen performed at Caley Cinema in Edinburgh, UK.",1973-11-25,ExactDate,Concert,30,Curated,queenconcerts-57,https://www.queenconcerts.com/detail/live/57/queen-live-25-11-1973-caley-cinema-edinburgh-uk.html
"Queen at Opera House, Manchester, UK","Queen performed at Opera House in Manchester, UK.",1973-11-26,ExactDate,Concert,30,Curated,queenconcerts-58,https://www.queenconcerts.com/detail/live/58/queen-live-26-11-1973-opera-house-manchester-uk.html
"Queen at Town Hall, Birmingham, UK","Queen performed at Town Hall in Birmingham, UK.",1973-11-27,ExactDate,Concert,30,Curated,queenconcerts-59,https://www.queenconcerts.com/detail/live/59/queen-live-27-11-1973-town-hall-birmingham-uk.html
"Queen at Brangwyn Hall, Swansea, UK","Queen performed at Brangwyn Hall in Swansea, UK.",1973-11-28,ExactDate,Concert,30,Curated,queenconcerts-60,https://www.queenconcerts.com/detail/live/60/queen-live-28-11-1973-brangwyn-hall-swansea-uk.html
"Queen at Colston Hall, Bristol, UK","Queen performed at Colston Hall in Bristol, UK.",1973-11-29,ExactDate,Concert,30,Curated,queenconcerts-61,https://www.queenconcerts.com/detail/live/61/queen-live-29-11-1973-colston-hall-bristol-uk.html
"Queen at Winter Gardens, Bournemouth, UK","Queen performed at Winter Gardens in Bournemouth, UK.",1973-11-30,ExactDate,Concert,30,Curated,queenconcerts-62,https://www.queenconcerts.com/detail/live/62/queen-live-30-11-1973-winter-gardens-bournemouth-uk.html
"Queen at Kursaal, Southend, UK","Queen performed at Kursaal in Southend, UK.",1973-12-01,ExactDate,Concert,30,Curated,queenconcerts-63,https://www.queenconcerts.com/detail/live/63/queen-live-01-12-1973-kursaal-southend-uk.html
"Queen at Central, Chatham, UK","Queen performed at Central in Chatham, UK.",1973-12-02,ExactDate,Concert,30,Curated,queenconcerts-64,https://www.queenconcerts.com/detail/live/64/queen-live-02-12-1973-central-chatham-uk.html
"Queen at College, Cheltenham, UK","Queen performed at College in Cheltenham, UK.",1973-12-06,ExactDate,Concert,30,Curated,queenconcerts-65,https://www.queenconcerts.com/detail/live/65/queen-live-06-12-1973-college-cheltenham-uk.html
"Queen at Shaftesbury Hall, Cheltenham, UK","Queen performed at Shaftesbury Hall in Cheltenham, UK.",1973-12-07,ExactDate,Concert,30,Curated,queenconcerts-66,https://www.queenconcerts.com/detail/live/66/queen-live-07-12-1973-shaftesbury-hall-cheltenham-uk.html
"Queen at University, Liverpool, UK","Queen performed at University in Liverpool, UK.",1973-12-08,ExactDate,Concert,30,Curated,queenconcerts-67,https://www.queenconcerts.com/detail/live/67/queen-live-08-12-1973-university-liverpool-uk.html
"Queen at University, Leicester, UK","Queen performed at University in Leicester, UK.",1973-12-15,ExactDate,Concert,30,Curated,queenconcerts-69,https://www.queenconcerts.com/detail/live/69/queen-live-15-12-1973-university-leicester-uk.html
"Queen at County Ballroom, Taunton, UK","Queen performed at County Ballroom in Taunton, UK.",1973-12-21,ExactDate,Concert,30,Curated,queenconcerts-70,https://www.queenconcerts.com/detail/live/70/queen-live-21-12-1973-county-ballroom-taunton-uk.html
"Queen at Top Rank Club, Liverpool, UK","Queen performed at Top Rank Club in Liverpool, UK.",1973-12-28,ExactDate,Concert,30,Curated,queenconcerts-72,https://www.queenconcerts.com/detail/live/72/queen-live-28-12-1973-top-rank-club-liverpool-uk.html
"Queen at private farm, Sunbury, Australia","Queen performed at private farm in Sunbury, Australia.",1974-01-27,ExactDate,Concert,30,Curated,queenconcerts-73,https://www.queenconcerts.com/detail/live/73/queen-live-27-01-1974-private-farm-sunbury-australia.html
"Queen at Friars, Aylesbury, UK","Queen performed at Friars in Aylesbury, UK.",1974-03-02,ExactDate,Concert,30,Curated,queenconcerts-75,https://www.queenconcerts.com/detail/live/75/queen-live-02-03-1974-friars-aylesbury-uk.html
"Queen at Guildhall, Plymouth, UK","Queen performed at Guildhall in Plymouth, UK.",1974-03-03,ExactDate,Concert,30,Curated,queenconcerts-76,https://www.queenconcerts.com/detail/live/76/queen-live-03-03-1974-guildhall-plymouth-uk.html
"Queen at Festival Hall, Paignton, UK","Queen performed at Festival Hall in Paignton, UK.",1974-03-04,ExactDate,Concert,30,Curated,queenconcerts-77,https://www.queenconcerts.com/detail/live/77/queen-live-04-03-1974-festival-hall-paignton-uk.html
"Queen at Locarno, Sunderland, UK","Queen performed at Locarno in Sunderland, UK.",1974-03-08,ExactDate,Concert,30,Curated,queenconcerts-78,https://www.queenconcerts.com/detail/live/78/queen-live-08-03-1974-locarno-sunderland-uk.html
"Queen at Corn Exchange, Cambridge, UK","Queen performed at Corn Exchange in Cambridge, UK.",1974-03-09,ExactDate,Concert,30,Curated,queenconcerts-79,https://www.queenconcerts.com/detail/live/79/queen-live-09-03-1974-corn-exchange-cambridge-uk.html
"Queen at Greyhound, Croydon, UK","Queen performed at Greyhound in Croydon, UK.",1974-03-10,ExactDate,Concert,30,Curated,queenconcerts-80,https://www.queenconcerts.com/detail/live/80/queen-live-10-03-1974-greyhound-croydon-uk.html
"Queen at Dagenham Roundhouse, Dagenham, UK","Queen performed at Dagenham Roundhouse in Dagenham, UK.",1974-03-12,ExactDate,Concert,30,Curated,queenconcerts-81,https://www.queenconcerts.com/detail/live/81/queen-live-12-03-1974-dagenham-roundhouse-dagenham-uk.html
"Queen at Queen Margaret Union, University of Glasgow, Glasgow, UK","Queen performed at Queen Margaret Union, University of Glasgow in Glasgow, UK.",1974-03-15,ExactDate,Concert,30,Curated,queenconcerts-83,https://www.queenconcerts.com/detail/live/83/queen-live-15-03-1974-queen-margaret-union-university-of-glasgow-glasgow-uk.html
"Queen at University, Stirling, UK","Queen performed at University in Stirling, UK.",1974-03-16,ExactDate,Concert,30,Curated,queenconcerts-84,https://www.queenconcerts.com/detail/live/84/queen-live-16-03-1974-university-stirling-uk.html
"Queen at Winter Gardens, Cleethorpes, UK","Queen performed at Winter Gardens in Cleethorpes, UK.",1974-03-19,ExactDate,Concert,30,Curated,queenconcerts-85,https://www.queenconcerts.com/detail/live/85/queen-live-19-03-1974-winter-gardens-cleethorpes-uk.html
"Queen at University, Manchester, UK","Queen performed at University in Manchester, UK.",1974-03-20,ExactDate,Concert,30,Curated,queenconcerts-86,https://www.queenconcerts.com/detail/live/86/queen-live-20-03-1974-university-manchester-uk.html
"Queen at The Paddocks, Canvey Island, UK","Queen performed at The Paddocks in Canvey Island, UK.",1974-03-22,ExactDate,Concert,30,Curated,queenconcerts-87,https://www.queenconcerts.com/detail/live/87/queen-live-22-03-1974-the-paddocks-canvey-island-uk.html
"Queen at Links Pavilion, Cromer, UK","Queen performed at Links Pavilion in Cromer, UK.",1974-03-23,ExactDate,Concert,30,Curated,queenconcerts-88,https://www.queenconcerts.com/detail/live/88/queen-live-23-03-1974-links-pavilion-cromer-uk.html
"Queen at Woods Leisure Centre, Colchester, UK","Queen performed at Woods Leisure Centre in Colchester, UK.",1974-03-24,ExactDate,Concert,30,Curated,queenconcerts-89,https://www.queenconcerts.com/detail/live/89/queen-live-24-03-1974-woods-leisure-centre-colchester-uk.html
"Queen at University, Aberystwyth, UK","Queen performed at University in Aberystwyth, UK.",1974-03-28,ExactDate,Concert,30,Curated,queenconcerts-91,https://www.queenconcerts.com/detail/live/91/queen-live-28-03-1974-university-aberystwyth-uk.html
"Queen at The Garden, Penzance, UK","Queen performed at The Garden in Penzance, UK.",1974-03-29,ExactDate,Concert,30,Curated,queenconcerts-92,https://www.queenconcerts.com/detail/live/92/queen-live-29-03-1974-the-garden-penzance-uk.html
"Queen at County Ballroom, Taunton, UK","Queen performed at County Ballroom in Taunton, UK.",1974-03-30,ExactDate,Concert,30,Curated,queenconcerts-93,https://www.queenconcerts.com/detail/live/93/queen-live-30-03-1974-county-ballroom-taunton-uk.html
"Queen at Barbarella's, Birmingham, UK","Queen performed at Barbarella's in Birmingham, UK.",1974-04-02,ExactDate,Concert,30,Curated,queenconcerts-95,https://www.queenconcerts.com/detail/live/95/queen-live-02-04-1974-barbarellas-birmingham-uk.html
"Queen at Memorial Hall, Kansas City, USA","Queen performed at Memorial Hall in Kansas City, USA.",1974-04-17,ExactDate,Concert,30,Curated,queenconcerts-97,https://www.queenconcerts.com/detail/live/97/queen-live-17-04-1974-memorial-hall-kansas-city-ks-usa.html
"Queen at Kiel Auditorium, St. Louis, USA","Queen performed at Kiel Auditorium in St. Louis, USA.",1974-04-18,ExactDate,Concert,30,Curated,queenconcerts-98,https://www.queenconcerts.com/detail/live/98/queen-live-18-04-1974-kiel-auditorium-st-louis-mo-usa.html
"Queen at Fairgrounds Appliance Building, Oklahoma City, USA","Queen performed at Fairgrounds Appliance Building in Oklahoma City, USA.",1974-04-19,ExactDate,Concert,30,Curated,queenconcerts-99,https://www.queenconcerts.com/detail/live/99/queen-live-19-04-1974-fairgrounds-appliance-building-oklahoma-city-ok-usa.html
"Queen at Mid South Coliseum, Memphis, USA","Queen performed at Mid South Coliseum in Memphis, USA.",1974-04-20,ExactDate,Concert,30,Curated,queenconcerts-100,https://www.queenconcerts.com/detail/live/100/queen-live-20-04-1974-mid-south-coliseum-memphis-tn-usa.html
"Queen at St. Bernard Parish Civic Auditorium, New Orleans, USA","Queen performed at St. Bernard Parish Civic Auditorium in New Orleans, USA.",1974-04-21,ExactDate,Concert,30,Curated,queenconcerts-101,https://www.queenconcerts.com/detail/live/101/queen-live-21-04-1974-st-bernard-parish-civic-auditorium-new-orleans-la-usa.html
"Queen at Orpheum Theatre, Boston, USA","Queen performed at Orpheum Theatre in Boston, USA.",1974-04-26,ExactDate,Concert,30,Curated,queenconcerts-102,https://www.queenconcerts.com/detail/live/102/queen-live-26-04-1974-orpheum-theatre-boston-ma-usa.html
"Queen at Palace Theatre, Providence, USA","Queen performed at Palace Theatre in Providence, USA.",1974-04-27,ExactDate,Concert,30,Curated,queenconcerts-103,https://www.queenconcerts.com/detail/live/103/queen-live-27-04-1974-palace-theatre-providence-ri-usa.html
"Queen at Exposition Hall, Portland, USA","Queen performed at Exposition Hall in Portland, USA.",1974-04-28,ExactDate,Concert,30,Curated,queenconcerts-104,https://www.queenconcerts.com/detail/live/104/queen-live-28-04-1974-exposition-hall-portland-me-usa.html
"Queen at Agricultural Hall, Allentown, USA","Queen performed at Agricultural Hall in Allentown, USA.",1974-05-02,ExactDate,Concert,30,Curated,queenconcerts-106,https://www.queenconcerts.com/detail/live/106/queen-live-02-05-1974-agricultural-hall-allentown-pa-usa.html
"Queen at Kings College, Wilkes-Barre, USA","Queen performed at Kings College in Wilkes-Barre, USA.",1974-05-03,ExactDate,Concert,30,Curated,queenconcerts-107,https://www.queenconcerts.com/detail/live/107/queen-live-03-05-1974-kings-college-wilkes-barre-pa-usa.html
"Queen at Palace Theatre, Waterbury, USA","Queen performed at Palace Theatre in Waterbury, USA.",1974-05-04,ExactDate,Concert,30,Curated,queenconcerts-108,https://www.queenconcerts.com/detail/live/108/queen-live-04-05-1974-palace-theatre-waterbury-ct-usa.html
"Queen at Uris Theatre, New York, USA","Queen performed at Uris Theatre in New York, USA.",1974-05-08,ExactDate,Concert,30,Curated,queenconcerts-110,https://www.queenconcerts.com/detail/live/110/queen-live-08-05-1974-uris-theatre-new-york-ny-usa.html
"Queen at Uris Theatre, New York, USA","Queen performed at Uris Theatre in New York, USA.",1974-05-09,ExactDate,Concert,30,Curated,queenconcerts-111,https://www.queenconcerts.com/detail/live/111/queen-live-09-05-1974-uris-theatre-new-york-ny-usa.html
"Queen at Uris Theatre, New York, USA (first show)","Queen performed at Uris Theatre in New York, USA, the first show there that day.",1974-05-10,ExactDate,Concert,30,Curated,queenconcerts-112,https://www.queenconcerts.com/detail/live/112/queen-live-10-05-1974-uris-theatre-new-york-ny-usa-1st-gig.html
"Queen at Uris Theatre, New York, USA (second show)","Queen performed at Uris Theatre in New York, USA, the second show there that day.",1974-05-10,ExactDate,Concert,30,Curated,queenconcerts-114,https://www.queenconcerts.com/detail/live/114/queen-live-10-05-1974-uris-theatre-new-york-ny-usa-2nd-gig.html
"Queen at Uris Theatre, New York, USA","Queen performed at Uris Theatre in New York, USA.",1974-05-11,ExactDate,Concert,30,Curated,queenconcerts-113,https://www.queenconcerts.com/detail/live/113/queen-live-11-05-1974-uris-theatre-new-york-ny-usa.html
"Queen at Empire Theatre, Liverpool, UK","Queen performed at Empire Theatre in Liverpool, UK.",1974-11-01,ExactDate,Concert,30,Curated,queenconcerts-117,https://www.queenconcerts.com/detail/live/117/queen-live-01-11-1974-empire-theatre-liverpool-uk.html
"Queen at University, Leeds, UK","Queen performed at University in Leeds, UK.",1974-11-02,ExactDate,Concert,30,Curated,queenconcerts-118,https://www.queenconcerts.com/detail/live/118/queen-live-02-11-1974-university-leeds-uk.html
"Queen at Theatre, Coventry, UK","Queen performed at Theatre in Coventry, UK.",1974-11-03,ExactDate,Concert,30,Curated,queenconcerts-119,https://www.queenconcerts.com/detail/live/119/queen-live-03-11-1974-theatre-coventry-uk.html
"Queen at City Hall, Sheffield, UK","Queen performed at City Hall in Sheffield, UK.",1974-11-05,ExactDate,Concert,30,Curated,queenconcerts-120,https://www.queenconcerts.com/detail/live/120/queen-live-05-11-1974-city-hall-sheffield-uk.html
"Queen at St George's Hall, Bradford, UK","Queen performed at St George's Hall in Bradford, UK.",1974-11-06,ExactDate,Concert,30,Curated,queenconcerts-121,https://www.queenconcerts.com/detail/live/121/queen-live-06-11-1974-st-georges-hall-bradford-uk.html
"Queen at City Hall, Newcastle, UK","Queen performed at City Hall in Newcastle, UK.",1974-11-07,ExactDate,Concert,30,Curated,queenconcerts-122,https://www.queenconcerts.com/detail/live/122/queen-live-07-11-1974-city-hall-newcastle-uk.html
"Queen at University, Lancaster, UK","Queen performed at University in Lancaster, UK.",1974-11-09,ExactDate,Concert,30,Curated,queenconcerts-124,https://www.queenconcerts.com/detail/live/124/queen-live-09-11-1974-university-lancaster-uk.html
"Queen at Guildhall, Preston, UK","Queen performed at Guildhall in Preston, UK.",1974-11-10,ExactDate,Concert,30,Curated,queenconcerts-125,https://www.queenconcerts.com/detail/live/125/queen-live-10-11-1974-guildhall-preston-uk.html
"Queen at Colston Hall, Bristol, UK","Queen performed at Colston Hall in Bristol, UK.",1974-11-12,ExactDate,Concert,30,Curated,queenconcerts-126,https://www.queenconcerts.com/detail/live/126/queen-live-12-11-1974-colston-hall-bristol-uk.html
"Queen at Winter Gardens, Bournemouth, UK","Queen performed at Winter Gardens in Bournemouth, UK.",1974-11-13,ExactDate,Concert,30,Curated,queenconcerts-127,https://www.queenconcerts.com/detail/live/127/queen-live-13-11-1974-winter-gardens-bournemouth-uk.html
"Queen at Gaumont, Southampton, UK","Queen performed at Gaumont in Southampton, UK.",1974-11-14,ExactDate,Concert,30,Curated,queenconcerts-128,https://www.queenconcerts.com/detail/live/128/queen-live-14-11-1974-gaumont-southampton-uk.html
"Queen at Brangwyn Hall, Swansea, UK","Queen performed at Brangwyn Hall in Swansea, UK.",1974-11-15,ExactDate,Concert,30,Curated,queenconcerts-129,https://www.queenconcerts.com/detail/live/129/queen-live-15-11-1974-brangwyn-hall-swansea-uk.html
"Queen at Town Hall, Birmingham, UK","Queen performed at Town Hall in Birmingham, UK.",1974-11-16,ExactDate,Concert,30,Curated,queenconcerts-130,https://www.queenconcerts.com/detail/live/130/queen-live-16-11-1974-town-hall-birmingham-uk.html
"Queen at New Theatre, Oxford, UK","Queen performed at New Theatre in Oxford, UK.",1974-11-18,ExactDate,Concert,30,Curated,queenconcerts-131,https://www.queenconcerts.com/detail/live/131/queen-live-18-11-1974-new-theatre-oxford-uk.html
"Queen at Rainbow Theatre, London, UK","Queen performed at Rainbow Theatre in London, UK.",1974-11-19,ExactDate,Concert,30,Curated,queenconcerts-132,https://www.queenconcerts.com/detail/live/132/queen-live-19-11-1974-rainbow-theatre-london-uk.html
"Queen at Konserthuset, Gothenburg, Sweden","Queen performed at Konserthuset in Gothenburg, Sweden.",1974-11-23,ExactDate,Concert,30,Curated,queenconcerts-134,https://www.queenconcerts.com/detail/live/134/queen-live-23-11-1974-konserthuset-gothenburg-sweden.html
"Queen at Helsingin Kulttuuritalo, Helsinki, Finland","Queen performed at Helsingin Kulttuuritalo in Helsinki, Finland.",1974-11-25,ExactDate,Concert,30,Curated,queenconcerts-135,https://www.queenconcerts.com/detail/live/135/queen-live-25-11-1974-helsingin-kulttuuritalo-helsinki-finland.html
"Queen at Olympen, Lund, Sweden","Queen performed at Olympen in Lund, Sweden.",1974-11-27,ExactDate,Concert,30,Curated,queenconcerts-136,https://www.queenconcerts.com/detail/live/136/queen-live-27-11-1974-olympen-lund-sweden.html
"Queen at Palmengarten, Frankfurt, Germany","Queen performed at Palmengarten in Frankfurt, Germany.",1974-12-04,ExactDate,Concert,30,Curated,queenconcerts-139,https://www.queenconcerts.com/detail/live/139/queen-live-04-12-1974-palmengarten-frankfurt-germany.html
"Queen at Musikhalle, Hamburg, Germany","Queen performed at Musikhalle in Hamburg, Germany.",1974-12-05,ExactDate,Concert,30,Curated,queenconcerts-140,https://www.queenconcerts.com/detail/live/140/queen-live-05-12-1974-musikhalle-hamburg-germany.html
"Queen at Sartory Saal, Cologne, Germany","Queen performed at Sartory Saal in Cologne, Germany.",1974-12-06,ExactDate,Concert,30,Curated,queenconcerts-141,https://www.queenconcerts.com/detail/live/141/queen-live-06-12-1974-sartory-saal-cologne-germany.html
"Queen at Congres Gebouw, The Hague, The Netherlands","Queen performed at Congres Gebouw in The Hague, The Netherlands.",1974-12-08,ExactDate,Concert,30,Curated,queenconcerts-143,https://www.queenconcerts.com/detail/live/143/queen-live-08-12-1974-congres-gebouw-the-hague-the-netherlands.html
"Queen at Theatre 140, Brussels, Belgium","Queen performed at Theatre 140 in Brussels, Belgium.",1974-12-10,ExactDate,Concert,30,Curated,queenconcerts-137,https://www.queenconcerts.com/detail/live/137/queen-live-10-12-1974-theatre-140-brussels-belgium.html
"Queen at Palacio Municipal de Deportes, Barcelona, Spain","Queen performed at Palacio Municipal de Deportes in Barcelona, Spain.",1974-12-13,ExactDate,Concert,30,Curated,queenconcerts-144,https://www.queenconcerts.com/detail/live/144/queen-live-13-12-1974-palacio-municipal-de-deportes-barcelona-spain.html
"Queen at Agora, Columbus, USA","Queen performed at Agora in Columbus, USA.",1975-02-05,ExactDate,Concert,30,Curated,queenconcerts-145,https://www.queenconcerts.com/detail/live/145/queen-live-05-02-1975-agora-columbus-oh-usa.html
"Queen at Palace Theatre, Dayton, USA","Queen performed at Palace Theatre in Dayton, USA.",1975-02-07,ExactDate,Concert,30,Curated,queenconcerts-146,https://www.queenconcerts.com/detail/live/146/queen-live-07-02-1975-palace-theatre-dayton-oh-usa.html
"Queen at Music Hall, Cleveland, USA (first show)","Queen performed at Music Hall in Cleveland, USA, the first show there that day.",1975-02-08,ExactDate,Concert,30,Curated,queenconcerts-147,https://www.queenconcerts.com/detail/live/147/queen-live-08-02-1975-music-hall-cleveland-oh-usa-1st-gig.html
"Queen at Music Hall, Cleveland, USA (second show)","Queen performed at Music Hall in Cleveland, USA, the second show there that day.",1975-02-08,ExactDate,Concert,30,Curated,queenconcerts-1306,https://www.queenconcerts.com/detail/live/1306/queen-live-08-02-1975-music-hall-cleveland-oh-usa-2nd-gig.html
"Queen at Morris Civic Auditorium, South Bend, USA","Queen performed at Morris Civic Auditorium in South Bend, USA.",1975-02-09,ExactDate,Concert,30,Curated,queenconcerts-148,https://www.queenconcerts.com/detail/live/148/queen-live-09-02-1975-morris-civic-auditorium-south-bend-in-usa.html
"Queen at Ford Auditorium, Detroit, USA","Queen performed at Ford Auditorium in Detroit, USA.",1975-02-10,ExactDate,Concert,30,Curated,queenconcerts-149,https://www.queenconcerts.com/detail/live/149/queen-live-10-02-1975-ford-auditorium-detroit-mi-usa.html
"Queen at Student Union Auditorium, Toledo, USA","Queen performed at Student Union Auditorium in Toledo, USA.",1975-02-11,ExactDate,Concert,30,Curated,queenconcerts-150,https://www.queenconcerts.com/detail/live/150/queen-live-11-02-1975-student-union-auditorium-toledo-oh-usa.html
"Queen at Riverfront Coliseum, Cincinnati, USA","Queen performed at Riverfront Coliseum in Cincinnati, USA.",1975-02-12,ExactDate,Concert,30,Curated,queenconcerts-1822,https://www.queenconcerts.com/detail/live/1822/queen-live-12-02-1975-riverfront-coliseum-cincinnati-oh-usa.html
"Queen at Palace Theatre, Waterbury, USA","Queen performed at Palace Theatre in Waterbury, USA.",1975-02-14,ExactDate,Concert,30,Curated,queenconcerts-151,https://www.queenconcerts.com/detail/live/151/queen-live-14-02-1975-palace-theatre-waterbury-ct-usa.html
"Queen at Orpheum Theatre, Boston, USA (first show)","Queen performed at Orpheum Theatre in Boston, USA, the first show there that day.",1975-02-15,ExactDate,Concert,30,Curated,queenconcerts-152,https://www.queenconcerts.com/detail/live/152/queen-live-15-02-1975-orpheum-theatre-boston-ma-usa-1st-gig.html
"Queen at Orpheum Theatre, Boston, USA (second show)","Queen performed at Orpheum Theatre in Boston, USA, the second show there that day.",1975-02-15,ExactDate,Concert,30,Curated,queenconcerts-1307,https://www.queenconcerts.com/detail/live/1307/queen-live-15-02-1975-orpheum-theatre-boston-ma-usa-2nd-gig.html
"Queen at Avery Fisher Hall, New York, USA (first show)","Queen performed at Avery Fisher Hall in New York, USA, the first show there that day.",1975-02-16,ExactDate,Concert,30,Curated,queenconcerts-153,https://www.queenconcerts.com/detail/live/153/queen-live-16-02-1975-avery-fisher-hall-new-york-ny-usa-1st-gig.html
"Queen at Avery Fisher Hall, New York, USA (second show)","Queen performed at Avery Fisher Hall in New York, USA, the second show there that day.",1975-02-16,ExactDate,Concert,30,Curated,queenconcerts-1308,https://www.queenconcerts.com/detail/live/1308/queen-live-16-02-1975-avery-fisher-hall-new-york-ny-usa-2nd-gig.html
"Queen at War Memorial, Trenton, USA","Queen performed at War Memorial in Trenton, USA.",1975-02-17,ExactDate,Concert,30,Curated,queenconcerts-154,https://www.queenconcerts.com/detail/live/154/queen-live-17-02-1975-war-memorial-trenton-nj-usa.html
"Queen at Armory, Lewiston, USA","Queen performed at Armory in Lewiston, USA.",1975-02-19,ExactDate,Concert,30,Curated,queenconcerts-155,https://www.queenconcerts.com/detail/live/155/queen-live-19-02-1975-armory-lewiston-me-usa.html
"Queen at Capital Theater, Passaic, USA","Queen performed at Capital Theater in Passaic, USA.",1975-02-21,ExactDate,Concert,30,Curated,queenconcerts-156,https://www.queenconcerts.com/detail/live/156/queen-live-21-02-1975-capital-theater-passaic-nj-usa.html
"Queen at Farm Arena, Harrisburg, USA","Queen performed at Farm Arena in Harrisburg, USA.",1975-02-22,ExactDate,Concert,30,Curated,queenconcerts-157,https://www.queenconcerts.com/detail/live/157/queen-live-22-02-1975-farm-arena-harrisburg-pa-usa.html
"Queen at Erlanger Theatre, Philadelphia, USA (first show)","Queen performed at Erlanger Theatre in Philadelphia, USA, the first show there that day.",1975-02-23,ExactDate,Concert,30,Curated,queenconcerts-158,https://www.queenconcerts.com/detail/live/158/queen-live-23-02-1975-erlanger-theatre-philadelphia-pa-usa-1st-gig.html
"Queen at Erlanger Theatre, Philadelphia, USA (second show)","Queen performed at Erlanger Theatre in Philadelphia, USA, the second show there that day.",1975-02-23,ExactDate,Concert,30,Curated,queenconcerts-1309,https://www.queenconcerts.com/detail/live/1309/queen-live-23-02-1975-erlanger-theatre-philadelphia-pa-usa-2nd-gig.html
"Queen at Mary E Sawyer Auditorium, La Crosse, USA","Queen performed at Mary E Sawyer Auditorium in La Crosse, USA.",1975-03-05,ExactDate,Concert,30,Curated,queenconcerts-160,https://www.queenconcerts.com/detail/live/160/queen-live-05-03-1975-mary-e-sawyer-auditorium-la-crosse-wi-usa.html
"Queen at Dane County Coliseum, Madison, USA","Queen performed at Dane County Coliseum in Madison, USA.",1975-03-06,ExactDate,Concert,30,Curated,queenconcerts-161,https://www.queenconcerts.com/detail/live/161/queen-live-06-03-1975-dane-county-coliseum-madison-wi-usa.html
"Queen at Uptown Theatre, Milwaukee, USA","Queen performed at Uptown Theatre in Milwaukee, USA.",1975-03-07,ExactDate,Concert,30,Curated,queenconcerts-162,https://www.queenconcerts.com/detail/live/162/queen-live-07-03-1975-uptown-theatre-milwaukee-wi-usa.html
"Queen at Aragon Ballroom, Chicago, USA","Queen performed at Aragon Ballroom in Chicago, USA.",1975-03-08,ExactDate,Concert,30,Curated,queenconcerts-163,https://www.queenconcerts.com/detail/live/163/queen-live-08-03-1975-aragon-ballroom-chicago-il-usa.html
"Queen at Kiel Auditorium, St. Louis, USA","Queen performed at Kiel Auditorium in St. Louis, USA.",1975-03-09,ExactDate,Concert,30,Curated,queenconcerts-164,https://www.queenconcerts.com/detail/live/164/queen-live-09-03-1975-kiel-auditorium-st-louis-mo-usa.html
"Queen at Coliseum, Fort Wayne, USA","Queen performed at Coliseum in Fort Wayne, USA.",1975-03-10,ExactDate,Concert,30,Curated,queenconcerts-165,https://www.queenconcerts.com/detail/live/165/queen-live-10-03-1975-coliseum-fort-wayne-in-usa.html
"Queen at Municipal Auditorium, Atlanta, USA","Queen performed at Municipal Auditorium in Atlanta, USA.",1975-03-12,ExactDate,Concert,30,Curated,queenconcerts-166,https://www.queenconcerts.com/detail/live/166/queen-live-12-03-1975-municipal-auditorium-atlanta-ga-usa.html
"Queen at Civic Auditorium, Charleston, USA","Queen performed at Civic Auditorium in Charleston, USA.",1975-03-13,ExactDate,Concert,30,Curated,queenconcerts-167,https://www.queenconcerts.com/detail/live/167/queen-live-13-03-1975-civic-auditorium-charleston-sc-usa.html
"Queen at Marine Stadium, Miami, USA","Queen performed at Marine Stadium in Miami, USA.",1975-03-17,ExactDate,Concert,30,Curated,queenconcerts-168,https://www.queenconcerts.com/detail/live/168/queen-live-17-03-1975-marine-stadium-miami-fl-usa.html
"Queen at St. Bernard Parish Civic Auditorium, New Orleans, USA","Queen performed at St. Bernard Parish Civic Auditorium in New Orleans, USA.",1975-03-18,ExactDate,Concert,30,Curated,queenconcerts-169,https://www.queenconcerts.com/detail/live/169/queen-live-18-03-1975-st-bernard-parish-civic-auditorium-new-orleans-la-usa.html
"Queen at Municipal Hall, San Antonio, USA","Queen performed at Municipal Hall in San Antonio, USA.",1975-03-20,ExactDate,Concert,30,Curated,queenconcerts-170,https://www.queenconcerts.com/detail/live/170/queen-live-20-03-1975-municipal-hall-san-antonio-tx-usa.html
"Queen at McFarlin Auditorium, Dallas, USA","Queen performed at McFarlin Auditorium in Dallas, USA.",1975-03-22,ExactDate,Concert,30,Curated,queenconcerts-171,https://www.queenconcerts.com/detail/live/171/queen-live-22-03-1975-mcfarlin-auditorium-dallas-tx-usa.html
"Queen at Municipal Theatre, Tulsa, USA","Queen performed at Municipal Theatre in Tulsa, USA.",1975-03-25,ExactDate,Concert,30,Curated,queenconcerts-172,https://www.queenconcerts.com/detail/live/172/queen-live-25-03-1975-municipal-theatre-tulsa-ok-usa.html
"Queen at Santa Monica Civic Auditorium, Santa Monica, USA (first show)","Queen performed at Santa Monica Civic Auditorium in Santa Monica, USA, the first show there that day.",1975-03-29,ExactDate,Concert,30,Curated,queenconcerts-173,https://www.queenconcerts.com/detail/live/173/queen-live-29-03-1975-santa-monica-civic-auditorium-santa-monica-ca-usa-1st-gig.html
"Queen at Santa Monica Civic Auditorium, Santa Monica, USA (second show)","Queen performed at Santa Monica Civic Auditorium in Santa Monica, USA, the second show there that day.",1975-03-29,ExactDate,Concert,30,Curated,queenconcerts-1310,https://www.queenconcerts.com/detail/live/1310/queen-live-29-03-1975-santa-monica-civic-auditorium-santa-monica-ca-usa-2nd-gig.html
"Queen at Winterland Arena, San Francisco, USA","Queen performed at Winterland Arena in San Francisco, USA.",1975-03-30,ExactDate,Concert,30,Curated,queenconcerts-174,https://www.queenconcerts.com/detail/live/174/queen-live-30-03-1975-winterland-arena-san-francisco-ca-usa.html
"Queen at Kinsmen Field House, Edmonton, Canada","Queen performed at Kinsmen Field House in Edmonton, Canada.",1975-04-02,ExactDate,Concert,30,Curated,queenconcerts-175,https://www.queenconcerts.com/detail/live/175/queen-live-02-04-1975-kinsmen-field-house-edmonton-canada.html
"Queen at Corral, Calgary, Canada","Queen performed at Corral in Calgary, Canada.",1975-04-03,ExactDate,Concert,30,Curated,queenconcerts-176,https://www.queenconcerts.com/detail/live/176/queen-live-03-04-1975-corral-calgary-canada.html
"Queen at Paramount Northwest Theater, Seattle, USA","Queen performed at Paramount Northwest Theater in Seattle, USA.",1975-04-06,ExactDate,Concert,30,Curated,queenconcerts-177,https://www.queenconcerts.com/detail/live/177/queen-live-06-04-1975-paramount-northwest-theater-seattle-wa-usa.html
"Queen at Aichi Taikukan, Nagoya, Japan","Queen performed at Aichi Taikukan in Nagoya, Japan.",1975-04-22,ExactDate,Concert,30,Curated,queenconcerts-179,https://www.queenconcerts.com/detail/live/179/queen-live-22-04-1975-aichi-taikukan-nagoya-japan.html
"Queen at Kokusai Kaikan, Kobe, Japan","Queen performed at Kokusai Kaikan in Kobe, Japan.",1975-04-23,ExactDate,Concert,30,Curated,queenconcerts-180,https://www.queenconcerts.com/detail/live/180/queen-live-23-04-1975-kokusai-kaikan-kobe-japan.html
"Queen at Kyuden Kinen Taikukan, Fukuoka, Japan","Queen performed at Kyuden Kinen Taikukan in Fukuoka, Japan.",1975-04-25,ExactDate,Concert,30,Curated,queenconcerts-181,https://www.queenconcerts.com/detail/live/181/queen-live-25-04-1975-kyuden-kinen-taikukan-fukuoka-japan.html
"Queen at Okayama Kenritsu Taikukan, Okayama, Japan","Queen performed at Okayama Kenritsu Taikukan in Okayama, Japan.",1975-04-28,ExactDate,Concert,30,Curated,queenconcerts-182,https://www.queenconcerts.com/detail/live/182/queen-live-28-04-1975-okayama-kenritsu-taikukan-okayama-japan.html
"Queen at Yamaha Tsumagoi Hall, Shizuoka, Japan","Queen performed at Yamaha Tsumagoi Hall in Shizuoka, Japan.",1975-04-29,ExactDate,Concert,30,Curated,queenconcerts-183,https://www.queenconcerts.com/detail/live/183/queen-live-29-04-1975-yamaha-tsumagoi-hall-shizuoka-japan.html
"Queen at Yokohama Bunka Taikukan, Yokohama, Japan","Queen performed at Yokohama Bunka Taikukan in Yokohama, Japan.",1975-04-30,ExactDate,Concert,30,Curated,queenconcerts-184,https://www.queenconcerts.com/detail/live/184/queen-live-30-04-1975-yokohama-bunka-taikukan-yokohama-japan.html
"Queen at Nippon Budokan, Tokyo, Japan","Queen performed at Nippon Budokan in Tokyo, Japan.",1975-05-01,ExactDate,Concert,30,Curated,queenconcerts-185,https://www.queenconcerts.com/detail/live/185/queen-live-01-05-1975-nippon-budokan-tokyo-japan.html
"Queen at Empire Theatre, Liverpool, UK","Queen performed at Empire Theatre in Liverpool, UK.",1975-11-15,ExactDate,Concert,30,Curated,queenconcerts-187,https://www.queenconcerts.com/detail/live/187/queen-live-15-11-1975-empire-theatre-liverpool-uk.html
"Queen at Theatre, Coventry, UK","Queen performed at Theatre in Coventry, UK.",1975-11-16,ExactDate,Concert,30,Curated,queenconcerts-188,https://www.queenconcerts.com/detail/live/188/queen-live-16-11-1975-theatre-coventry-uk.html
"Queen at Colston Hall, Bristol, UK","Queen performed at Colston Hall in Bristol, UK.",1975-11-17,ExactDate,Concert,30,Curated,queenconcerts-189,https://www.queenconcerts.com/detail/live/189/queen-live-17-11-1975-colston-hall-bristol-uk.html
"Queen at Colston Hall, Bristol, UK","Queen performed at Colston Hall in Bristol, UK.",1975-11-18,ExactDate,Concert,30,Curated,queenconcerts-190,https://www.queenconcerts.com/detail/live/190/queen-live-18-11-1975-colston-hall-bristol-uk.html
"Queen at Capitol, Cardiff, UK","Queen performed at Capitol in Cardiff, UK.",1975-11-19,ExactDate,Concert,30,Curated,queenconcerts-191,https://www.queenconcerts.com/detail/live/191/queen-live-19-11-1975-capitol-cardiff-uk.html
"Queen at Odeon, Taunton, UK","Queen performed at Odeon in Taunton, UK.",1975-11-21,ExactDate,Concert,30,Curated,queenconcerts-192,https://www.queenconcerts.com/detail/live/192/queen-live-21-11-1975-odeon-taunton-uk.html
"Queen at Winter Gardens, Bournemouth, UK","Queen performed at Winter Gardens in Bournemouth, UK.",1975-11-23,ExactDate,Concert,30,Curated,queenconcerts-193,https://www.queenconcerts.com/detail/live/193/queen-live-23-11-1975-winter-gardens-bournemouth-uk.html
"Queen at Gaumont, Southampton, UK","Queen performed at Gaumont in Southampton, UK.",1975-11-24,ExactDate,Concert,30,Curated,queenconcerts-194,https://www.queenconcerts.com/detail/live/194/queen-live-24-11-1975-gaumont-southampton-uk.html
"Queen at Free Trade Hall, Manchester, UK (first show)","Queen performed at Free Trade Hall in Manchester, UK, the first show there that day.",1975-11-26,ExactDate,Concert,30,Curated,queenconcerts-195,https://www.queenconcerts.com/detail/live/195/queen-live-26-11-1975-free-trade-hall-manchester-uk-1st-gig.html
"Queen at Free Trade Hall, Manchester, UK (second show)","Queen performed at Free Trade Hall in Manchester, UK, the second show there that day.",1975-11-26,ExactDate,Concert,30,Curated,queenconcerts-1311,https://www.queenconcerts.com/detail/live/1311/queen-live-26-11-1975-free-trade-hall-manchester-uk-2nd-gig.html
"Queen at Hammersmith Odeon, London, UK","Queen performed at Hammersmith Odeon in London, UK.",1975-11-29,ExactDate,Concert,30,Curated,queenconcerts-196,https://www.queenconcerts.com/detail/live/196/queen-live-29-11-1975-hammersmith-odeon-london-uk.html
"Queen at Hammersmith Odeon, London, UK","Queen performed at Hammersmith Odeon in London, UK.",1975-11-30,ExactDate,Concert,30,Curated,queenconcerts-197,https://www.queenconcerts.com/detail/live/197/queen-live-30-11-1975-hammersmith-odeon-london-uk.html
"Queen at Hammersmith Odeon, London, UK","Queen performed at Hammersmith Odeon in London, UK.",1975-12-01,ExactDate,Concert,30,Curated,queenconcerts-198,https://www.queenconcerts.com/detail/live/198/queen-live-01-12-1975-hammersmith-odeon-london-uk.html
"Queen at Hammersmith Odeon, London, UK","Queen performed at Hammersmith Odeon in London, UK.",1975-12-02,ExactDate,Concert,30,Curated,queenconcerts-199,https://www.queenconcerts.com/detail/live/199/queen-live-02-12-1975-hammersmith-odeon-london-uk.html
"Queen at Hammersmith Odeon, London, UK","Queen performed at Hammersmith Odeon in London, UK.",1975-12-03,ExactDate,Concert,30,Curated,queenconcerts-1779,https://www.queenconcerts.com/detail/live/1779/queen-live-03-12-1975-hammersmith-odeon-london-uk.html
"Queen at Civic Hall, Wolverhampton, UK","Queen performed at Civic Hall in Wolverhampton, UK.",1975-12-07,ExactDate,Concert,30,Curated,queenconcerts-200,https://www.queenconcerts.com/detail/live/200/queen-live-07-12-1975-civic-hall-wolverhampton-uk.html
"Queen at Guildhall, Preston, UK","Queen performed at Guildhall in Preston, UK.",1975-12-08,ExactDate,Concert,30,Curated,queenconcerts-201,https://www.queenconcerts.com/detail/live/201/queen-live-08-12-1975-guildhall-preston-uk.html
"Queen at Odeon, Birmingham, UK","Queen performed at Odeon in Birmingham, UK.",1975-12-09,ExactDate,Concert,30,Curated,queenconcerts-202,https://www.queenconcerts.com/detail/live/202/queen-live-09-12-1975-odeon-birmingham-uk.html
"Queen at Odeon, Birmingham, UK","Queen performed at Odeon in Birmingham, UK.",1975-12-10,ExactDate,Concert,30,Curated,queenconcerts-203,https://www.queenconcerts.com/detail/live/203/queen-live-10-12-1975-odeon-birmingham-uk.html
"Queen at City Hall, Newcastle, UK","Queen performed at City Hall in Newcastle, UK.",1975-12-11,ExactDate,Concert,30,Curated,queenconcerts-204,https://www.queenconcerts.com/detail/live/204/queen-live-11-12-1975-city-hall-newcastle-uk.html
"Queen at Caird Hall, Dundee, UK","Queen performed at Caird Hall in Dundee, UK.",1975-12-13,ExactDate,Concert,30,Curated,queenconcerts-205,https://www.queenconcerts.com/detail/live/205/queen-live-13-12-1975-caird-hall-dundee-uk.html
"Queen at Capitol, Aberdeen, UK","Queen performed at Capitol in Aberdeen, UK.",1975-12-14,ExactDate,Concert,30,Curated,queenconcerts-206,https://www.queenconcerts.com/detail/live/206/queen-live-14-12-1975-capitol-aberdeen-uk.html
"Queen at Apollo Theatre, Glasgow, UK","Queen performed at Apollo Theatre in Glasgow, UK.",1975-12-15,ExactDate,Concert,30,Curated,queenconcerts-207,https://www.queenconcerts.com/detail/live/207/queen-live-15-12-1975-apollo-theatre-glasgow-uk.html
"Queen at Apollo Theatre, Glasgow, UK","Queen performed at Apollo Theatre in Glasgow, UK.",1975-12-16,ExactDate,Concert,30,Curated,queenconcerts-208,https://www.queenconcerts.com/detail/live/208/queen-live-16-12-1975-apollo-theatre-glasgow-uk.html
"Queen at Palace Theatre, Waterbury, USA","Queen performed at Palace Theatre in Waterbury, USA.",1976-01-27,ExactDate,Concert,30,Curated,queenconcerts-210,https://www.queenconcerts.com/detail/live/210/queen-live-27-01-1976-palace-theatre-waterbury-ct-usa.html
"Queen at Music Hall, Boston, USA","Queen performed at Music Hall in Boston, USA.",1976-01-29,ExactDate,Concert,30,Curated,queenconcerts-211,https://www.queenconcerts.com/detail/live/211/queen-live-29-01-1976-music-hall-boston-ma-usa.html
"Queen at Music Hall, Boston, USA","Queen performed at Music Hall in Boston, USA.",1976-01-30,ExactDate,Concert,30,Curated,queenconcerts-212,https://www.queenconcerts.com/detail/live/212/queen-live-30-01-1976-music-hall-boston-ma-usa.html
"Queen at Tower Theatre, Philadelphia, USA","Queen performed at Tower Theatre in Philadelphia, USA.",1976-01-31,ExactDate,Concert,30,Curated,queenconcerts-213,https://www.queenconcerts.com/detail/live/213/queen-live-31-01-1976-tower-theatre-philadelphia-pa-usa.html
"Queen at Tower Theatre, Philadelphia, USA","Queen performed at Tower Theatre in Philadelphia, USA.",1976-02-01,ExactDate,Concert,30,Curated,queenconcerts-214,https://www.queenconcerts.com/detail/live/214/queen-live-01-02-1976-tower-theatre-philadelphia-pa-usa.html
"Queen at Tower Theatre, Philadelphia, USA","Queen performed at Tower Theatre in Philadelphia, USA.",1976-02-02,ExactDate,Concert,30,Curated,queenconcerts-215,https://www.queenconcerts.com/detail/live/215/queen-live-02-02-1976-tower-theatre-philadelphia-pa-usa.html
"Queen at Beacon Theatre, New York, USA","Queen performed at Beacon Theatre in New York, USA.",1976-02-05,ExactDate,Concert,30,Curated,queenconcerts-216,https://www.queenconcerts.com/detail/live/216/queen-live-05-02-1976-beacon-theatre-new-york-ny-usa.html
"Queen at Beacon Theatre, New York, USA","Queen performed at Beacon Theatre in New York, USA.",1976-02-06,ExactDate,Concert,30,Curated,queenconcerts-217,https://www.queenconcerts.com/detail/live/217/queen-live-06-02-1976-beacon-theatre-new-york-ny-usa.html
"Queen at Beacon Theatre, New York, USA","Queen performed at Beacon Theatre in New York, USA.",1976-02-07,ExactDate,Concert,30,Curated,queenconcerts-218,https://www.queenconcerts.com/detail/live/218/queen-live-07-02-1976-beacon-theatre-new-york-ny-usa.html
"Queen at Beacon Theatre, New York, USA","Queen performed at Beacon Theatre in New York, USA.",1976-02-08,ExactDate,Concert,30,Curated,queenconcerts-219,https://www.queenconcerts.com/detail/live/219/queen-live-08-02-1976-beacon-theatre-new-york-ny-usa.html
"Queen at Masonic Temple, Detroit, USA","Queen performed at Masonic Temple in Detroit, USA.",1976-02-11,ExactDate,Concert,30,Curated,queenconcerts-220,https://www.queenconcerts.com/detail/live/220/queen-live-11-02-1976-masonic-temple-detroit-mi-usa.html
"Queen at Masonic Temple, Detroit, USA","Queen performed at Masonic Temple in Detroit, USA.",1976-02-12,ExactDate,Concert,30,Curated,queenconcerts-221,https://www.queenconcerts.com/detail/live/221/queen-live-12-02-1976-masonic-temple-detroit-mi-usa.html
"Queen at Riverfront Coliseum, Cincinnati, USA","Queen performed at Riverfront Coliseum in Cincinnati, USA.",1976-02-13,ExactDate,Concert,30,Curated,queenconcerts-222,https://www.queenconcerts.com/detail/live/222/queen-live-13-02-1976-riverfront-coliseum-cincinnati-oh-usa.html
"Queen at Public Hall, Cleveland, USA","Queen performed at Public Hall in Cleveland, USA.",1976-02-14,ExactDate,Concert,30,Curated,queenconcerts-223,https://www.queenconcerts.com/detail/live/223/queen-live-14-02-1976-public-hall-cleveland-oh-usa.html
"Queen at Sports Arena, Toledo, USA","Queen performed at Sports Arena in Toledo, USA.",1976-02-15,ExactDate,Concert,30,Curated,queenconcerts-224,https://www.queenconcerts.com/detail/live/224/queen-live-15-02-1976-sports-arena-toledo-oh-usa.html
"Queen at Civic Centre, Saginaw, USA","Queen performed at Civic Centre in Saginaw, USA.",1976-02-18,ExactDate,Concert,30,Curated,queenconcerts-225,https://www.queenconcerts.com/detail/live/225/queen-live-18-02-1976-civic-centre-saginaw-mi-usa.html
"Queen at Veterans Memorial Auditorium, Columbus, USA","Queen performed at Veterans Memorial Auditorium in Columbus, USA.",1976-02-19,ExactDate,Concert,30,Curated,queenconcerts-226,https://www.queenconcerts.com/detail/live/226/queen-live-19-02-1976-veterans-memorial-auditorium-columbus-oh-usa.html
"Queen at Stanley Theater, Pittsburgh, USA","Queen performed at Stanley Theater in Pittsburgh, USA.",1976-02-20,ExactDate,Concert,30,Curated,queenconcerts-227,https://www.queenconcerts.com/detail/live/227/queen-live-20-02-1976-stanley-theater-pittsburgh-pa-usa.html
"Queen at Auditorium Theater, Chicago, USA","Queen performed at Auditorium Theater in Chicago, USA.",1976-02-22,ExactDate,Concert,30,Curated,queenconcerts-2049,https://www.queenconcerts.com/detail/live/2049/queen-live-22-02-1976-auditorium-theater-chicago-il-usa.html
"Queen at Auditorium Theater, Chicago, USA","Queen performed at Auditorium Theater in Chicago, USA.",1976-02-23,ExactDate,Concert,30,Curated,queenconcerts-229,https://www.queenconcerts.com/detail/live/229/queen-live-23-02-1976-auditorium-theater-chicago-il-usa.html
"Queen at Auditorium Theater, Chicago, USA","Queen performed at Auditorium Theater in Chicago, USA.",1976-02-24,ExactDate,Concert,30,Curated,queenconcerts-228,https://www.queenconcerts.com/detail/live/228/queen-live-24-02-1976-auditorium-theater-chicago-il-usa.html
"Queen at Kiel Auditorium, St. Louis, USA","Queen performed at Kiel Auditorium in St. Louis, USA.",1976-02-26,ExactDate,Concert,30,Curated,queenconcerts-230,https://www.queenconcerts.com/detail/live/230/queen-live-26-02-1976-kiel-auditorium-st-louis-mo-usa.html
"Queen at Convention Centre, Indianapolis, USA","Queen performed at Convention Centre in Indianapolis, USA.",1976-02-27,ExactDate,Concert,30,Curated,queenconcerts-231,https://www.queenconcerts.com/detail/live/231/queen-live-27-02-1976-convention-centre-indianapolis-in-usa.html
"Queen at Dane County Coliseum, Madison, USA","Queen performed at Dane County Coliseum in Madison, USA.",1976-02-28,ExactDate,Concert,30,Curated,queenconcerts-232,https://www.queenconcerts.com/detail/live/232/queen-live-28-02-1976-dane-county-coliseum-madison-wi-usa.html
"Queen at Coliseum, Fort Wayne, USA","Queen performed at Coliseum in Fort Wayne, USA.",1976-02-29,ExactDate,Concert,30,Curated,queenconcerts-233,https://www.queenconcerts.com/detail/live/233/queen-live-29-02-1976-coliseum-fort-wayne-in-usa.html
"Queen at Auditorium, Milwaukee, USA","Queen performed at Auditorium in Milwaukee, USA.",1976-03-02,ExactDate,Concert,30,Curated,queenconcerts-234,https://www.queenconcerts.com/detail/live/234/queen-live-02-03-1976-auditorium-milwaukee-wi-usa.html
"Queen at Auditorium, St. Paul, USA","Queen performed at Auditorium in St. Paul, USA.",1976-03-03,ExactDate,Concert,30,Curated,queenconcerts-235,https://www.queenconcerts.com/detail/live/235/queen-live-03-03-1976-auditorium-st-paul-mn-usa.html
"Queen at Berkeley Community Theatre, Berkeley, USA","Queen performed at Berkeley Community Theatre in Berkeley, USA.",1976-03-07,ExactDate,Concert,30,Curated,queenconcerts-236,https://www.queenconcerts.com/detail/live/236/queen-live-07-03-1976-berkeley-community-theatre-berkeley-ca-usa.html
"Queen at Santa Monica Civic Auditorium, Santa Monica, USA (first show)","Queen performed at Santa Monica Civic Auditorium in Santa Monica, USA, the first show there that day.",1976-03-09,ExactDate,Concert,30,Curated,queenconcerts-237,https://www.queenconcerts.com/detail/live/237/queen-live-09-03-1976-santa-monica-civic-auditorium-santa-monica-ca-usa-1st-gig.html
"Queen at Santa Monica Civic Auditorium, Santa Monica, USA (second show)","Queen performed at Santa Monica Civic Auditorium in Santa Monica, USA, the second show there that day.",1976-03-09,ExactDate,Concert,30,Curated,queenconcerts-1312,https://www.queenconcerts.com/detail/live/1312/queen-live-09-03-1976-santa-monica-civic-auditorium-santa-monica-ca-usa-2nd-gig.html
"Queen at Santa Monica Civic Auditorium, Santa Monica, USA","Queen performed at Santa Monica Civic Auditorium in Santa Monica, USA.",1976-03-10,ExactDate,Concert,30,Curated,queenconcerts-238,https://www.queenconcerts.com/detail/live/238/queen-live-10-03-1976-santa-monica-civic-auditorium-santa-monica-ca-usa.html
"Queen at Santa Monica Civic Auditorium, Santa Monica, USA","Queen performed at Santa Monica Civic Auditorium in Santa Monica, USA.",1976-03-11,ExactDate,Concert,30,Curated,queenconcerts-239,https://www.queenconcerts.com/detail/live/239/queen-live-11-03-1976-santa-monica-civic-auditorium-santa-monica-ca-usa.html
"Queen at Sports Arena, San Diego, USA","Queen performed at Sports Arena in San Diego, USA.",1976-03-12,ExactDate,Concert,30,Curated,queenconcerts-240,https://www.queenconcerts.com/detail/live/240/queen-live-12-03-1976-sports-arena-san-diego-ca-usa.html
"Queen at Nippon Budokan, Tokyo, Japan","Queen performed at Nippon Budokan in Tokyo, Japan.",1976-03-22,ExactDate,Concert,30,Curated,queenconcerts-242,https://www.queenconcerts.com/detail/live/242/queen-live-22-03-1976-nippon-budokan-tokyo-japan.html
"Queen at Aichi Taikukan, Nagoya, Japan","Queen performed at Aichi Taikukan in Nagoya, Japan.",1976-03-23,ExactDate,Concert,30,Curated,queenconcerts-243,https://www.queenconcerts.com/detail/live/243/queen-live-23-03-1976-aichi-taikukan-nagoya-japan.html
"Queen at Kosei Kaikan, Himeji, Japan","Queen performed at Kosei Kaikan in Himeji, Japan.",1976-03-24,ExactDate,Concert,30,Curated,queenconcerts-244,https://www.queenconcerts.com/detail/live/244/queen-live-24-03-1976-kosei-kaikan-himeji-japan.html
"Queen at Kyuden Kinen Taikukan, Fukuoka, Japan (first show)","Queen performed at Kyuden Kinen Taikukan in Fukuoka, Japan, the first show there that day.",1976-03-26,ExactDate,Concert,30,Curated,queenconcerts-245,https://www.queenconcerts.com/detail/live/245/queen-live-26-03-1976-kyuden-kinen-taikukan-fukuoka-japan-1st-gig.html
"Queen at Kyuden Kinen Taikukan, Fukuoka, Japan (second show)","Queen performed at Kyuden Kinen Taikukan in Fukuoka, Japan, the second show there that day.",1976-03-26,ExactDate,Concert,30,Curated,queenconcerts-1313,https://www.queenconcerts.com/detail/live/1313/queen-live-26-03-1976-kyuden-kinen-taikukan-fukuoka-japan-2nd-gig.html
"Queen at Kosei Nenkin Kaikan, Osaka, Japan (first show)","Queen performed at Kosei Nenkin Kaikan in Osaka, Japan, the first show there that day.",1976-03-29,ExactDate,Concert,30,Curated,queenconcerts-246,https://www.queenconcerts.com/detail/live/246/queen-live-29-03-1976-kosei-nenkin-kaikan-osaka-japan-1st-gig.html
"Queen at Kosei Nenkin Kaikan, Osaka, Japan (second show)","Queen performed at Kosei Nenkin Kaikan in Osaka, Japan, the second show there that day.",1976-03-29,ExactDate,Concert,30,Curated,queenconcerts-1314,https://www.queenconcerts.com/detail/live/1314/queen-live-29-03-1976-kosei-nenkin-kaikan-osaka-japan-2nd-gig.html
"Queen at Nippon Budokan, Tokyo, Japan","Queen performed at Nippon Budokan in Tokyo, Japan.",1976-03-31,ExactDate,Concert,30,Curated,queenconcerts-247,https://www.queenconcerts.com/detail/live/247/queen-live-31-03-1976-nippon-budokan-tokyo-japan.html
"Queen at Nippon Budokan, Tokyo, Japan","Queen performed at Nippon Budokan in Tokyo, Japan.",1976-04-01,ExactDate,Concert,30,Curated,queenconcerts-248,https://www.queenconcerts.com/detail/live/248/queen-live-01-04-1976-nippon-budokan-tokyo-japan.html
"Queen at Miyagi-Ken Sports Centre, Sendai, Japan","Queen performed at Miyagi-Ken Sports Centre in Sendai, Japan.",1976-04-02,ExactDate,Concert,30,Curated,queenconcerts-249,https://www.queenconcerts.com/detail/live/249/queen-live-02-04-1976-miyagi-ken-sports-centre-sendai-japan.html
"Queen at Nichidai Kodo, Tokyo, Japan","Queen performed at Nichidai Kodo in Tokyo, Japan.",1976-04-04,ExactDate,Concert,30,Curated,queenconcerts-250,https://www.queenconcerts.com/detail/live/250/queen-live-04-04-1976-nichidai-kodo-tokyo-japan.html
"Queen at Entertainments Centre, Perth, Australia","Queen performed at Entertainments Centre in Perth, Australia.",1976-04-11,ExactDate,Concert,30,Curated,queenconcerts-251,https://www.queenconcerts.com/detail/live/251/queen-live-11-04-1976-entertainments-centre-perth-australia.html
"Queen at Apollo Stadium, Adelaide, Australia","Queen performed at Apollo Stadium in Adelaide, Australia.",1976-04-14,ExactDate,Concert,30,Curated,queenconcerts-252,https://www.queenconcerts.com/detail/live/252/queen-live-14-04-1976-apollo-stadium-adelaide-australia.html
"Queen at Apollo Stadium, Adelaide, Australia","Queen performed at Apollo Stadium in Adelaide, Australia.",1976-04-15,ExactDate,Concert,30,Curated,queenconcerts-253,https://www.queenconcerts.com/detail/live/253/queen-live-15-04-1976-apollo-stadium-adelaide-australia.html
"Queen at Hordern Pavilion, Sydney, Australia","Queen performed at Hordern Pavilion in Sydney, Australia.",1976-04-17,ExactDate,Concert,30,Curated,queenconcerts-254,https://www.queenconcerts.com/detail/live/254/queen-live-17-04-1976-hordern-pavilion-sydney-australia.html
"Queen at Hordern Pavilion, Sydney, Australia","Queen performed at Hordern Pavilion in Sydney, Australia.",1976-04-18,ExactDate,Concert,30,Curated,queenconcerts-255,https://www.queenconcerts.com/detail/live/255/queen-live-18-04-1976-hordern-pavilion-sydney-australia.html
"Queen at Festival Hall, Melbourne, Australia","Queen performed at Festival Hall in Melbourne, Australia.",1976-04-20,ExactDate,Concert,30,Curated,queenconcerts-257,https://www.queenconcerts.com/detail/live/257/queen-live-20-04-1976-festival-hall-melbourne-australia.html
"Queen at Festival Hall, Brisbane, Australia","Queen performed at Festival Hall in Brisbane, Australia.",1976-04-23,ExactDate,Concert,30,Curated,queenconcerts-258,https://www.queenconcerts.com/detail/live/258/queen-live-23-04-1976-festival-hall-brisbane-australia.html
"Queen at Playhouse Theatre, Edinburgh, UK","Queen performed at Playhouse Theatre in Edinburgh, UK.",1976-09-01,ExactDate,Concert,30,Curated,queenconcerts-259,https://www.queenconcerts.com/detail/live/259/queen-live-01-09-1976-playhouse-theatre-edinburgh-uk.html
"Queen at Playhouse Theatre, Edinburgh, UK","Queen performed at Playhouse Theatre in Edinburgh, UK.",1976-09-02,ExactDate,Concert,30,Curated,queenconcerts-260,https://www.queenconcerts.com/detail/live/260/queen-live-02-09-1976-playhouse-theatre-edinburgh-uk.html
"Queen at Castle, Cardiff, UK","Queen performed at Castle in Cardiff, UK.",1976-09-10,ExactDate,Concert,30,Curated,queenconcerts-261,https://www.queenconcerts.com/detail/live/261/queen-live-10-09-1976-castle-cardiff-uk.html
"Queen at St. John Arena, Columbus, USA","Queen performed at St. John Arena in Columbus, USA.",1977-01-15,ExactDate,Concert,30,Curated,queenconcerts-265,https://www.queenconcerts.com/detail/live/265/queen-live-15-01-1977-st-john-arena-columbus-oh-usa.html
"Queen at Convention Centre, Indianapolis, USA","Queen performed at Convention Centre in Indianapolis, USA.",1977-01-16,ExactDate,Concert,30,Curated,queenconcerts-266,https://www.queenconcerts.com/detail/live/266/queen-live-16-01-1977-convention-centre-indianapolis-in-usa.html
"Queen at Cobo Hall, Detroit, USA","Queen performed at Cobo Hall in Detroit, USA.",1977-01-18,ExactDate,Concert,30,Curated,queenconcerts-267,https://www.queenconcerts.com/detail/live/267/queen-live-18-01-1977-cobo-hall-detroit-mi-usa.html
"Queen at Civic Centre, Saginaw, USA","Queen performed at Civic Centre in Saginaw, USA.",1977-01-20,ExactDate,Concert,30,Curated,queenconcerts-268,https://www.queenconcerts.com/detail/live/268/queen-live-20-01-1977-civic-centre-saginaw-mi-usa.html
"Queen at The Gardens, Louisville, USA","Queen performed at The Gardens in Louisville, USA.",1977-01-21,ExactDate,Concert,30,Curated,queenconcerts-269,https://www.queenconcerts.com/detail/live/269/queen-live-21-01-1977-the-gardens-louisville-ky-usa.html
"Queen at Wings Stadium, Kalamazoo, USA","Queen performed at Wings Stadium in Kalamazoo, USA.",1977-01-22,ExactDate,Concert,30,Curated,queenconcerts-270,https://www.queenconcerts.com/detail/live/270/queen-live-22-01-1977-wings-stadium-kalamazoo-mi-usa.html
"Queen at Coliseum, Richfield, USA","Queen performed at Coliseum in Richfield, USA.",1977-01-23,ExactDate,Concert,30,Curated,queenconcerts-271,https://www.queenconcerts.com/detail/live/271/queen-live-23-01-1977-coliseum-richfield-oh-usa.html
"Queen at Civic Centre, Ottawa, Canada","Queen performed at Civic Centre in Ottawa, Canada.",1977-01-25,ExactDate,Concert,30,Curated,queenconcerts-272,https://www.queenconcerts.com/detail/live/272/queen-live-25-01-1977-civic-centre-ottawa-canada.html
"Queen at Forum, Montreal, Canada","Queen performed at Forum in Montreal, Canada.",1977-01-26,ExactDate,Concert,30,Curated,queenconcerts-273,https://www.queenconcerts.com/detail/live/273/queen-live-26-01-1977-forum-montreal-canada.html
"Queen at Stadium, Chicago, USA","Queen performed at Stadium in Chicago, USA.",1977-01-28,ExactDate,Concert,30,Curated,queenconcerts-274,https://www.queenconcerts.com/detail/live/274/queen-live-28-01-1977-stadium-chicago-il-usa.html
"Queen at Sports Arena, Toledo, USA","Queen performed at Sports Arena in Toledo, USA.",1977-01-30,ExactDate,Concert,30,Curated,queenconcerts-275,https://www.queenconcerts.com/detail/live/275/queen-live-30-01-1977-sports-arena-toledo-oh-usa.html
"Queen at Maple Leaf Gardens, Toronto, Canada","Queen performed at Maple Leaf Gardens in Toronto, Canada.",1977-02-01,ExactDate,Concert,30,Curated,queenconcerts-276,https://www.queenconcerts.com/detail/live/276/queen-live-01-02-1977-maple-leaf-gardens-toronto-canada.html
"Queen at Civic Centre, Springfield, USA","Queen performed at Civic Centre in Springfield, USA.",1977-02-03,ExactDate,Concert,30,Curated,queenconcerts-277,https://www.queenconcerts.com/detail/live/277/queen-live-03-02-1977-civic-centre-springfield-ma-usa.html
"Queen at Cole Field House, University of Maryland, College Park, USA","Queen performed at Cole Field House, University of Maryland in College Park, USA.",1977-02-04,ExactDate,Concert,30,Curated,queenconcerts-278,https://www.queenconcerts.com/detail/live/278/queen-live-04-02-1977-cole-field-house-university-of-maryland-college-park-md-usa.html
"Queen at Madison Square Garden, New York, USA","Queen performed at Madison Square Garden in New York, USA.",1977-02-05,ExactDate,Concert,30,Curated,queenconcerts-279,https://www.queenconcerts.com/detail/live/279/queen-live-05-02-1977-madison-square-garden-new-york-ny-usa.html
"Queen at Nassau Coliseum, Uniondale,  Long Island, USA","Queen performed at Nassau Coliseum in Uniondale,  Long Island, USA.",1977-02-06,ExactDate,Concert,30,Curated,queenconcerts-280,https://www.queenconcerts.com/detail/live/280/queen-live-06-02-1977-nassau-coliseum-uniondale-long-island-ny-usa.html
"Queen at War Memorial Auditorium, Syracuse, USA","Queen performed at War Memorial Auditorium in Syracuse, USA.",1977-02-08,ExactDate,Concert,30,Curated,queenconcerts-281,https://www.queenconcerts.com/detail/live/281/queen-live-08-02-1977-war-memorial-auditorium-syracuse-ny-usa.html
"Queen at Garden, Boston, USA","Queen performed at Garden in Boston, USA.",1977-02-09,ExactDate,Concert,30,Curated,queenconcerts-282,https://www.queenconcerts.com/detail/live/282/queen-live-09-02-1977-garden-boston-ma-usa.html
"Queen at Civic Centre, Providence, USA","Queen performed at Civic Centre in Providence, USA.",1977-02-10,ExactDate,Concert,30,Curated,queenconcerts-283,https://www.queenconcerts.com/detail/live/283/queen-live-10-02-1977-civic-centre-providence-ri-usa.html
"Queen at Civic Centre, Philadelphia, USA","Queen performed at Civic Centre in Philadelphia, USA.",1977-02-11,ExactDate,Concert,30,Curated,queenconcerts-284,https://www.queenconcerts.com/detail/live/284/queen-live-11-02-1977-civic-centre-philadelphia-pa-usa.html
"Queen at Sportatorium, Miami, USA","Queen performed at Sportatorium in Miami, USA.",1977-02-19,ExactDate,Concert,30,Curated,queenconcerts-285,https://www.queenconcerts.com/detail/live/285/queen-live-19-02-1977-sportatorium-miami-fl-usa.html
"Queen at Civic Centre, Lakeland, USA","Queen performed at Civic Centre in Lakeland, USA.",1977-02-20,ExactDate,Concert,30,Curated,queenconcerts-286,https://www.queenconcerts.com/detail/live/286/queen-live-20-02-1977-civic-centre-lakeland-fl-usa.html
"Queen at Omni, Atlanta, USA","Queen performed at Omni in Atlanta, USA.",1977-02-21,ExactDate,Concert,30,Curated,queenconcerts-287,https://www.queenconcerts.com/detail/live/287/queen-live-21-02-1977-omni-atlanta-ga-usa.html
"Queen at Auditorium, Birmingham, USA","Queen performed at Auditorium in Birmingham, USA.",1977-02-22,ExactDate,Concert,30,Curated,queenconcerts-288,https://www.queenconcerts.com/detail/live/288/queen-live-22-02-1977-auditorium-birmingham-al-usa.html
"Queen at Kiel Auditorium, St. Louis, USA","Queen performed at Kiel Auditorium in St. Louis, USA.",1977-02-23,ExactDate,Concert,30,Curated,queenconcerts-293,https://www.queenconcerts.com/detail/live/293/queen-live-23-02-1977-kiel-auditorium-st-louis-mo-usa.html
"Queen at SMU Moody Coliseum, Dallas, USA","Queen performed at SMU Moody Coliseum in Dallas, USA.",1977-02-25,ExactDate,Concert,30,Curated,queenconcerts-294,https://www.queenconcerts.com/detail/live/294/queen-live-25-02-1977-smu-moody-coliseum-dallas-tx-usa.html
"Queen at Sam Houston, Houston, USA","Queen performed at Sam Houston in Houston, USA.",1977-02-26,ExactDate,Concert,30,Curated,queenconcerts-295,https://www.queenconcerts.com/detail/live/295/queen-live-26-02-1977-sam-houston-houston-tx-usa.html
"Queen at Coliseum, Phoenix, USA","Queen performed at Coliseum in Phoenix, USA.",1977-03-01,ExactDate,Concert,30,Curated,queenconcerts-296,https://www.queenconcerts.com/detail/live/296/queen-live-01-03-1977-coliseum-phoenix-az-usa.html
"Queen at Forum, Inglewood, USA","Queen performed at Forum in Inglewood, USA.",1977-03-02,ExactDate,Concert,30,Curated,queenconcerts-297,https://www.queenconcerts.com/detail/live/297/queen-live-02-03-1977-forum-inglewood-ca-usa.html
"Queen at Forum, Inglewood, USA","Queen performed at Forum in Inglewood, USA.",1977-03-03,ExactDate,Concert,30,Curated,queenconcerts-298,https://www.queenconcerts.com/detail/live/298/queen-live-03-03-1977-forum-inglewood-ca-usa.html
"Queen at Sports Arena, San Diego, USA","Queen performed at Sports Arena in San Diego, USA.",1977-03-05,ExactDate,Concert,30,Curated,queenconcerts-299,https://www.queenconcerts.com/detail/live/299/queen-live-05-03-1977-sports-arena-san-diego-ca-usa.html
"Queen at Winterland Arena, San Francisco, USA","Queen performed at Winterland Arena in San Francisco, USA.",1977-03-06,ExactDate,Concert,30,Curated,queenconcerts-300,https://www.queenconcerts.com/detail/live/300/queen-live-06-03-1977-winterland-arena-san-francisco-ca-usa.html
"Queen at PNE Coliseum, Vancouver, Canada","Queen performed at PNE Coliseum in Vancouver, Canada.",1977-03-11,ExactDate,Concert,30,Curated,queenconcerts-301,https://www.queenconcerts.com/detail/live/301/queen-live-11-03-1977-pne-coliseum-vancouver-canada.html
"Queen at Paramount, Portland, USA","Queen performed at Paramount in Portland, USA.",1977-03-12,ExactDate,Concert,30,Curated,queenconcerts-302,https://www.queenconcerts.com/detail/live/302/queen-live-12-03-1977-paramount-portland-or-usa.html
"Queen at Arena, Seattle, USA","Queen performed at Arena in Seattle, USA.",1977-03-13,ExactDate,Concert,30,Curated,queenconcerts-303,https://www.queenconcerts.com/detail/live/303/queen-live-13-03-1977-arena-seattle-wa-usa.html
"Queen at Jubilee Auditorium, Calgary, Canada","Queen performed at Jubilee Auditorium in Calgary, Canada.",1977-03-16,ExactDate,Concert,30,Curated,queenconcerts-304,https://www.queenconcerts.com/detail/live/304/queen-live-16-03-1977-jubilee-auditorium-calgary-canada.html
"Queen at Jubilee Auditorium, Calgary, Canada","Queen performed at Jubilee Auditorium in Calgary, Canada.",1977-03-17,ExactDate,Concert,30,Curated,queenconcerts-305,https://www.queenconcerts.com/detail/live/305/queen-live-17-03-1977-jubilee-auditorium-calgary-canada.html
"Queen at Northlands Arena, Edmonton, Canada","Queen performed at Northlands Arena in Edmonton, Canada.",1977-03-18,ExactDate,Concert,30,Curated,queenconcerts-306,https://www.queenconcerts.com/detail/live/306/queen-live-18-03-1977-northlands-arena-edmonton-canada.html
"Queen at Ice Stadium, Stockholm, Sweden","Queen performed at Ice Stadium in Stockholm, Sweden.",1977-05-08,ExactDate,Concert,30,Curated,queenconcerts-307,https://www.queenconcerts.com/detail/live/307/queen-live-08-05-1977-ice-stadium-stockholm-sweden.html
"Queen at Scandinavium, Gothenburg, Sweden","Queen performed at Scandinavium in Gothenburg, Sweden.",1977-05-10,ExactDate,Concert,30,Curated,queenconcerts-308,https://www.queenconcerts.com/detail/live/308/queen-live-10-05-1977-scandinavium-gothenburg-sweden.html
"Queen at Broendby Hall, Copenhagen, Denmark","Queen performed at Broendby Hall in Copenhagen, Denmark.",1977-05-12,ExactDate,Concert,30,Curated,queenconcerts-309,https://www.queenconcerts.com/detail/live/309/queen-live-12-05-1977-broendby-hall-copenhagen-denmark.html
"Queen at Congresscentrum, Hamburg, Germany","Queen performed at Congresscentrum in Hamburg, Germany.",1977-05-13,ExactDate,Concert,30,Curated,queenconcerts-310,https://www.queenconcerts.com/detail/live/310/queen-live-13-05-1977-congresscentrum-hamburg-germany.html
"Queen at Festhalle, Frankfurt, Germany","Queen performed at Festhalle in Frankfurt, Germany.",1977-05-14,ExactDate,Concert,30,Curated,queenconcerts-311,https://www.queenconcerts.com/detail/live/311/queen-live-14-05-1977-festhalle-frankfurt-germany.html
"Queen at Phillipshalle, Dusseldorf, Germany","Queen performed at Phillipshalle in Dusseldorf, Germany.",1977-05-16,ExactDate,Concert,30,Curated,queenconcerts-312,https://www.queenconcerts.com/detail/live/312/queen-live-16-05-1977-phillipshalle-dusseldorf-germany.html
"Queen at Ahoy Hall, Rotterdam, The Netherlands","Queen performed at Ahoy Hall in Rotterdam, The Netherlands.",1977-05-17,ExactDate,Concert,30,Curated,queenconcerts-313,https://www.queenconcerts.com/detail/live/313/queen-live-17-05-1977-ahoy-hall-rotterdam-the-netherlands.html
"Queen at Sporthalle, Basel, Switzerland","Queen performed at Sporthalle in Basel, Switzerland.",1977-05-19,ExactDate,Concert,30,Curated,queenconcerts-314,https://www.queenconcerts.com/detail/live/314/queen-live-19-05-1977-sporthalle-basel-switzerland.html
"Queen at Hippodrome, Bristol, UK","Queen performed at Hippodrome in Bristol, UK.",1977-05-23,ExactDate,Concert,30,Curated,queenconcerts-315,https://www.queenconcerts.com/detail/live/315/queen-live-23-05-1977-hippodrome-bristol-uk.html
"Queen at Hippodrome, Bristol, UK","Queen performed at Hippodrome in Bristol, UK.",1977-05-24,ExactDate,Concert,30,Curated,queenconcerts-316,https://www.queenconcerts.com/detail/live/316/queen-live-24-05-1977-hippodrome-bristol-uk.html
"Queen at Gaumont, Southampton, UK","Queen performed at Gaumont in Southampton, UK.",1977-05-26,ExactDate,Concert,30,Curated,queenconcerts-317,https://www.queenconcerts.com/detail/live/317/queen-live-26-05-1977-gaumont-southampton-uk.html
"Queen at Gaumont, Southampton, UK","Queen performed at Gaumont in Southampton, UK.",1977-05-27,ExactDate,Concert,30,Curated,queenconcerts-318,https://www.queenconcerts.com/detail/live/318/queen-live-27-05-1977-gaumont-southampton-uk.html
"Queen at New Bingley Hall, Stafford, UK","Queen performed at New Bingley Hall in Stafford, UK.",1977-05-29,ExactDate,Concert,30,Curated,queenconcerts-319,https://www.queenconcerts.com/detail/live/319/queen-live-29-05-1977-new-bingley-hall-stafford-uk.html
"Queen at Apollo Theatre, Glasgow, UK","Queen performed at Apollo Theatre in Glasgow, UK.",1977-05-30,ExactDate,Concert,30,Curated,queenconcerts-320,https://www.queenconcerts.com/detail/live/320/queen-live-30-05-1977-apollo-theatre-glasgow-uk.html
"Queen at Apollo Theatre, Glasgow, UK","Queen performed at Apollo Theatre in Glasgow, UK.",1977-05-31,ExactDate,Concert,30,Curated,queenconcerts-321,https://www.queenconcerts.com/detail/live/321/queen-live-31-05-1977-apollo-theatre-glasgow-uk.html
"Queen at Empire Theatre, Liverpool, UK","Queen performed at Empire Theatre in Liverpool, UK.",1977-06-02,ExactDate,Concert,30,Curated,queenconcerts-322,https://www.queenconcerts.com/detail/live/322/queen-live-02-06-1977-empire-theatre-liverpool-uk.html
"Queen at Empire Theatre, Liverpool, UK","Queen performed at Empire Theatre in Liverpool, UK.",1977-06-03,ExactDate,Concert,30,Curated,queenconcerts-323,https://www.queenconcerts.com/detail/live/323/queen-live-03-06-1977-empire-theatre-liverpool-uk.html
"Queen at Earls Court, London, UK","Queen performed at Earls Court in London, UK.",1977-06-07,ExactDate,Concert,30,Curated,queenconcerts-325,https://www.queenconcerts.com/detail/live/325/queen-live-07-06-1977-earls-court-london-uk.html
"Queen at New London Theatre, London, UK",Queen played a short live set for fans after filming the 'We Are the Champions' video.,1977-10-06,ExactDate,Concert,30,Curated,queen-concert-special-1977-10-06,https://www.queenconcerts.com/live/queen/other.html
"Queen at Garden, Boston, USA","Queen performed at Garden in Boston, USA.",1977-11-12,ExactDate,Concert,30,Curated,queenconcerts-328,https://www.queenconcerts.com/detail/live/328/queen-live-12-11-1977-garden-boston-ma-usa.html
"Queen at Civic Centre, Springfield, USA","Queen performed at Civic Centre in Springfield, USA.",1977-11-13,ExactDate,Concert,30,Curated,queenconcerts-329,https://www.queenconcerts.com/detail/live/329/queen-live-13-11-1977-civic-centre-springfield-ma-usa.html
"Queen at Civic Centre, Providence, USA","Queen performed at Civic Centre in Providence, USA.",1977-11-15,ExactDate,Concert,30,Curated,queenconcerts-330,https://www.queenconcerts.com/detail/live/330/queen-live-15-11-1977-civic-centre-providence-ri-usa.html
"Queen at Memorial Coliseum, New Haven, USA","Queen performed at Memorial Coliseum in New Haven, USA.",1977-11-16,ExactDate,Concert,30,Curated,queenconcerts-331,https://www.queenconcerts.com/detail/live/331/queen-live-16-11-1977-memorial-coliseum-new-haven-ct-usa.html
"Queen at Cobo Hall, Detroit, USA","Queen performed at Cobo Hall in Detroit, USA.",1977-11-18,ExactDate,Concert,30,Curated,queenconcerts-332,https://www.queenconcerts.com/detail/live/332/queen-live-18-11-1977-cobo-hall-detroit-mi-usa.html
"Queen at Cobo Hall, Detroit, USA","Queen performed at Cobo Hall in Detroit, USA.",1977-11-19,ExactDate,Concert,30,Curated,queenconcerts-333,https://www.queenconcerts.com/detail/live/333/queen-live-19-11-1977-cobo-hall-detroit-mi-usa.html
"Queen at Maple Leaf Gardens, Toronto, Canada","Queen performed at Maple Leaf Gardens in Toronto, Canada.",1977-11-21,ExactDate,Concert,30,Curated,queenconcerts-334,https://www.queenconcerts.com/detail/live/334/queen-live-21-11-1977-maple-leaf-gardens-toronto-canada.html
"Queen at The Spectrum, Philadelphia, USA","Queen performed at The Spectrum in Philadelphia, USA.",1977-11-23,ExactDate,Concert,30,Curated,queenconcerts-335,https://www.queenconcerts.com/detail/live/335/queen-live-23-11-1977-the-spectrum-philadelphia-pa-usa.html
"Queen at The Spectrum, Philadelphia, USA","Queen performed at The Spectrum in Philadelphia, USA.",1977-11-24,ExactDate,Concert,30,Curated,queenconcerts-336,https://www.queenconcerts.com/detail/live/336/queen-live-24-11-1977-the-spectrum-philadelphia-pa-usa.html
"Queen at Scope Arena, Norfolk, USA","Queen performed at Scope Arena in Norfolk, USA.",1977-11-25,ExactDate,Concert,30,Curated,queenconcerts-337,https://www.queenconcerts.com/detail/live/337/queen-live-25-11-1977-scope-arena-norfolk-va-usa.html
"Queen at Coliseum, Richfield, USA","Queen performed at Coliseum in Richfield, USA.",1977-11-27,ExactDate,Concert,30,Curated,queenconcerts-338,https://www.queenconcerts.com/detail/live/338/queen-live-27-11-1977-coliseum-richfield-oh-usa.html
"Queen at Capital Centre, Landover, USA","Queen performed at Capital Centre in Landover, USA.",1977-11-29,ExactDate,Concert,30,Curated,queenconcerts-339,https://www.queenconcerts.com/detail/live/339/queen-live-29-11-1977-capital-centre-landover-md-usa.html
"Queen at Madison Square Garden, New York, USA","Queen performed at Madison Square Garden in New York, USA.",1977-12-01,ExactDate,Concert,30,Curated,queenconcerts-340,https://www.queenconcerts.com/detail/live/340/queen-live-01-12-1977-madison-square-garden-new-york-ny-usa.html
"Queen at Madison Square Garden, New York, USA","Queen performed at Madison Square Garden in New York, USA.",1977-12-02,ExactDate,Concert,30,Curated,queenconcerts-341,https://www.queenconcerts.com/detail/live/341/queen-live-02-12-1977-madison-square-garden-new-york-ny-usa.html
"Queen at University Arena, Dayton, USA","Queen performed at University Arena in Dayton, USA.",1977-12-04,ExactDate,Concert,30,Curated,queenconcerts-342,https://www.queenconcerts.com/detail/live/342/queen-live-04-12-1977-university-arena-dayton-oh-usa.html
"Queen at Stadium, Chicago, USA","Queen performed at Stadium in Chicago, USA.",1977-12-05,ExactDate,Concert,30,Curated,queenconcerts-343,https://www.queenconcerts.com/detail/live/343/queen-live-05-12-1977-stadium-chicago-il-usa.html
"Queen at Omni, Atlanta, USA","Queen performed at Omni in Atlanta, USA.",1977-12-08,ExactDate,Concert,30,Curated,queenconcerts-344,https://www.queenconcerts.com/detail/live/344/queen-live-08-12-1977-omni-atlanta-ga-usa.html
"Queen at Convention Centre, Fort Worth, USA","Queen performed at Convention Centre in Fort Worth, USA.",1977-12-10,ExactDate,Concert,30,Curated,queenconcerts-345,https://www.queenconcerts.com/detail/live/345/queen-live-10-12-1977-convention-centre-fort-worth-tx-usa.html
"Queen at Aladdin Centre, Las Vegas, USA","Queen performed at Aladdin Centre in Las Vegas, USA.",1977-12-15,ExactDate,Concert,30,Curated,queenconcerts-347,https://www.queenconcerts.com/detail/live/347/queen-live-15-12-1977-aladdin-centre-las-vegas-nv-usa.html
"Queen at County Coliseum, Oakland, USA","Queen performed at County Coliseum in Oakland, USA.",1977-12-17,ExactDate,Concert,30,Curated,queenconcerts-349,https://www.queenconcerts.com/detail/live/349/queen-live-17-12-1977-county-coliseum-oakland-ca-usa.html
"Queen at Long Beach Arena, Long Beach, USA","Queen performed at Long Beach Arena in Long Beach, USA.",1977-12-20,ExactDate,Concert,30,Curated,queenconcerts-350,https://www.queenconcerts.com/detail/live/350/queen-live-20-12-1977-long-beach-arena-long-beach-ca-usa.html
"Queen at Long Beach Arena, Long Beach, USA","Queen performed at Long Beach Arena in Long Beach, USA.",1977-12-21,ExactDate,Concert,30,Curated,queenconcerts-351,https://www.queenconcerts.com/detail/live/351/queen-live-21-12-1977-long-beach-arena-long-beach-ca-usa.html
"Queen at Forum, Inglewood, USA","Queen performed at Forum in Inglewood, USA.",1977-12-22,ExactDate,Concert,30,Curated,queenconcerts-352,https://www.queenconcerts.com/detail/live/352/queen-live-22-12-1977-forum-inglewood-ca-usa.html
"Queen at Ice Stadium, Stockholm, Sweden","Queen performed at Ice Stadium in Stockholm, Sweden.",1978-04-12,ExactDate,Concert,30,Curated,queenconcerts-353,https://www.queenconcerts.com/detail/live/353/queen-live-12-04-1978-ice-stadium-stockholm-sweden.html
"Queen at Falkoner Theatre, Copenhagen, Denmark","Queen performed at Falkoner Theatre in Copenhagen, Denmark.",1978-04-13,ExactDate,Concert,30,Curated,queenconcerts-354,https://www.queenconcerts.com/detail/live/354/queen-live-13-04-1978-falkoner-theatre-copenhagen-denmark.html
"Queen at Ernst-Merck Halle, Hamburg, Germany","Queen performed at Ernst-Merck Halle in Hamburg, Germany.",1978-04-14,ExactDate,Concert,30,Curated,queenconcerts-355,https://www.queenconcerts.com/detail/live/355/queen-live-14-04-1978-ernst-merck-halle-hamburg-germany.html
"Queen at Forest National, Brussels, Belgium","Queen performed at Forest National in Brussels, Belgium.",1978-04-16,ExactDate,Concert,30,Curated,queenconcerts-356,https://www.queenconcerts.com/detail/live/356/queen-live-16-04-1978-forest-national-brussels-belgium.html
"Queen at Forest National, Brussels, Belgium","Queen performed at Forest National in Brussels, Belgium.",1978-04-17,ExactDate,Concert,30,Curated,queenconcerts-357,https://www.queenconcerts.com/detail/live/357/queen-live-17-04-1978-forest-national-brussels-belgium.html
"Queen at Ahoy Hall, Rotterdam, The Netherlands","Queen performed at Ahoy Hall in Rotterdam, The Netherlands.",1978-04-19,ExactDate,Concert,30,Curated,queenconcerts-358,https://www.queenconcerts.com/detail/live/358/queen-live-19-04-1978-ahoy-hall-rotterdam-the-netherlands.html
"Queen at Ahoy Hall, Rotterdam, The Netherlands","Queen performed at Ahoy Hall in Rotterdam, The Netherlands.",1978-04-20,ExactDate,Concert,30,Curated,queenconcerts-359,https://www.queenconcerts.com/detail/live/359/queen-live-20-04-1978-ahoy-hall-rotterdam-the-netherlands.html
"Queen at Forest National, Brussels, Belgium","Queen performed at Forest National in Brussels, Belgium.",1978-04-21,ExactDate,Concert,30,Curated,queenconcerts-360,https://www.queenconcerts.com/detail/live/360/queen-live-21-04-1978-forest-national-brussels-belgium.html
"Queen at Pavillon, Paris, France","Queen performed at Pavillon in Paris, France.",1978-04-23,ExactDate,Concert,30,Curated,queenconcerts-361,https://www.queenconcerts.com/detail/live/361/queen-live-23-04-1978-pavillon-paris-france.html
"Queen at Pavillon, Paris, France","Queen performed at Pavillon in Paris, France.",1978-04-24,ExactDate,Concert,30,Curated,queenconcerts-362,https://www.queenconcerts.com/detail/live/362/queen-live-24-04-1978-pavillon-paris-france.html
"Queen at Westfallenhalle, Dortmund, Germany","Queen performed at Westfallenhalle in Dortmund, Germany.",1978-04-26,ExactDate,Concert,30,Curated,queenconcerts-363,https://www.queenconcerts.com/detail/live/363/queen-live-26-04-1978-westfallenhalle-dortmund-germany.html
"Queen at Deutschlandhalle, Berlin, Germany","Queen performed at Deutschlandhalle in Berlin, Germany.",1978-04-28,ExactDate,Concert,30,Curated,queenconcerts-364,https://www.queenconcerts.com/detail/live/364/queen-live-28-04-1978-deutschlandhalle-berlin-germany.html
"Queen at Hallenstadion, Zurich, Switzerland","Queen performed at Hallenstadion in Zurich, Switzerland.",1978-04-30,ExactDate,Concert,30,Curated,queenconcerts-365,https://www.queenconcerts.com/detail/live/365/queen-live-30-04-1978-hallenstadion-zurich-switzerland.html
"Queen at Stadthalle, Vienna, Austria","Queen performed at Stadthalle in Vienna, Austria.",1978-05-02,ExactDate,Concert,30,Curated,queenconcerts-366,https://www.queenconcerts.com/detail/live/366/queen-live-02-05-1978-stadthalle-vienna-austria.html
"Queen at Olympiahalle, Munich, Germany","Queen performed at Olympiahalle in Munich, Germany.",1978-05-03,ExactDate,Concert,30,Curated,queenconcerts-367,https://www.queenconcerts.com/detail/live/367/queen-live-03-05-1978-olympiahalle-munich-germany.html
"Queen at New Bingley Hall, Stafford, UK","Queen performed at New Bingley Hall in Stafford, UK.",1978-05-07,ExactDate,Concert,30,Curated,queenconcerts-368,https://www.queenconcerts.com/detail/live/368/queen-live-07-05-1978-new-bingley-hall-stafford-uk.html
"Queen at Empire Pool, London, UK","Queen performed at Empire Pool in London, UK.",1978-05-11,ExactDate,Concert,30,Curated,queenconcerts-369,https://www.queenconcerts.com/detail/live/369/queen-live-11-05-1978-empire-pool-london-uk.html
"Queen at Empire Pool, London, UK","Queen performed at Empire Pool in London, UK.",1978-05-12,ExactDate,Concert,30,Curated,queenconcerts-370,https://www.queenconcerts.com/detail/live/370/queen-live-12-05-1978-empire-pool-london-uk.html
"Queen at Mid South Coliseum, Memphis, USA","Queen performed at Mid South Coliseum in Memphis, USA.",1978-10-29,ExactDate,Concert,30,Curated,queenconcerts-373,https://www.queenconcerts.com/detail/live/373/queen-live-29-10-1978-mid-south-coliseum-memphis-tn-usa.html
"Queen at Municipal Auditorium, New Orleans, USA","Queen performed at Municipal Auditorium in New Orleans, USA.",1978-10-31,ExactDate,Concert,30,Curated,queenconcerts-374,https://www.queenconcerts.com/detail/live/374/queen-live-31-10-1978-municipal-auditorium-new-orleans-la-usa.html
"Queen at Sportatorium, Miami, USA","Queen performed at Sportatorium in Miami, USA.",1978-11-03,ExactDate,Concert,30,Curated,queenconcerts-375,https://www.queenconcerts.com/detail/live/375/queen-live-03-11-1978-sportatorium-miami-fl-usa.html
"Queen at Civic Centre, Lakeland, USA","Queen performed at Civic Centre in Lakeland, USA.",1978-11-04,ExactDate,Concert,30,Curated,queenconcerts-376,https://www.queenconcerts.com/detail/live/376/queen-live-04-11-1978-civic-centre-lakeland-fl-usa.html
"Queen at Capital Centre, Landover, USA","Queen performed at Capital Centre in Landover, USA.",1978-11-06,ExactDate,Concert,30,Curated,queenconcerts-377,https://www.queenconcerts.com/detail/live/377/queen-live-06-11-1978-capital-centre-landover-md-usa.html
"Queen at Coliseum, New Haven, USA","Queen performed at Coliseum in New Haven, USA.",1978-11-07,ExactDate,Concert,30,Curated,queenconcerts-378,https://www.queenconcerts.com/detail/live/378/queen-live-07-11-1978-coliseum-new-haven-ct-usa.html
"Queen at Cobo Arena, Detroit, USA","Queen performed at Cobo Arena in Detroit, USA.",1978-11-09,ExactDate,Concert,30,Curated,queenconcerts-379,https://www.queenconcerts.com/detail/live/379/queen-live-09-11-1978-cobo-arena-detroit-mi-usa.html
"Queen at Cobo Arena, Detroit, USA","Queen performed at Cobo Arena in Detroit, USA.",1978-11-10,ExactDate,Concert,30,Curated,queenconcerts-380,https://www.queenconcerts.com/detail/live/380/queen-live-10-11-1978-cobo-arena-detroit-mi-usa.html
"Queen at Wings Stadium, Kalamazoo, USA","Queen performed at Wings Stadium in Kalamazoo, USA.",1978-11-11,ExactDate,Concert,30,Curated,queenconcerts-381,https://www.queenconcerts.com/detail/live/381/queen-live-11-11-1978-wings-stadium-kalamazoo-mi-usa.html
"Queen at Garden, Boston, USA","Queen performed at Garden in Boston, USA.",1978-11-13,ExactDate,Concert,30,Curated,queenconcerts-382,https://www.queenconcerts.com/detail/live/382/queen-live-13-11-1978-garden-boston-ma-usa.html
"Queen at Rhode Island Civic Centre, Providence, USA","Queen performed at Rhode Island Civic Centre in Providence, USA.",1978-11-14,ExactDate,Concert,30,Curated,queenconcerts-383,https://www.queenconcerts.com/detail/live/383/queen-live-14-11-1978-rhode-island-civic-centre-providence-ri-usa.html
"Queen at Madison Square Garden, New York, USA","Queen performed at Madison Square Garden in New York, USA.",1978-11-16,ExactDate,Concert,30,Curated,queenconcerts-384,https://www.queenconcerts.com/detail/live/384/queen-live-16-11-1978-madison-square-garden-new-york-ny-usa.html
"Queen at Madison Square Garden, New York, USA","Queen performed at Madison Square Garden in New York, USA.",1978-11-17,ExactDate,Concert,30,Curated,queenconcerts-385,https://www.queenconcerts.com/detail/live/385/queen-live-17-11-1978-madison-square-garden-new-york-ny-usa.html
"Queen at Nassau Coliseum, Uniondale,  Long Island, USA","Queen performed at Nassau Coliseum in Uniondale,  Long Island, USA.",1978-11-19,ExactDate,Concert,30,Curated,queenconcerts-386,https://www.queenconcerts.com/detail/live/386/queen-live-19-11-1978-nassau-coliseum-uniondale-long-island-ny-usa.html
"Queen at The Spectrum, Philadelphia, USA","Queen performed at The Spectrum in Philadelphia, USA.",1978-11-20,ExactDate,Concert,30,Curated,queenconcerts-387,https://www.queenconcerts.com/detail/live/387/queen-live-20-11-1978-the-spectrum-philadelphia-pa-usa.html
"Queen at Auditorium, Nashville, USA","Queen performed at Auditorium in Nashville, USA.",1978-11-22,ExactDate,Concert,30,Curated,queenconcerts-388,https://www.queenconcerts.com/detail/live/388/queen-live-22-11-1978-auditorium-nashville-tn-usa.html
"Queen at Checkerdome, St. Louis, USA","Queen performed at Checkerdome in St. Louis, USA.",1978-11-23,ExactDate,Concert,30,Curated,queenconcerts-389,https://www.queenconcerts.com/detail/live/389/queen-live-23-11-1978-checkerdome-st-louis-mo-usa.html
"Queen at Coliseum, Richfield, USA","Queen performed at Coliseum in Richfield, USA.",1978-11-25,ExactDate,Concert,30,Curated,queenconcerts-390,https://www.queenconcerts.com/detail/live/390/queen-live-25-11-1978-coliseum-richfield-oh-usa.html
"Queen at Riverfront Coliseum, Cincinnati, USA","Queen performed at Riverfront Coliseum in Cincinnati, USA.",1978-11-26,ExactDate,Concert,30,Curated,queenconcerts-391,https://www.queenconcerts.com/detail/live/391/queen-live-26-11-1978-riverfront-coliseum-cincinnati-oh-usa.html
"Queen at War Memorial Auditorium, Buffalo, USA","Queen performed at War Memorial Auditorium in Buffalo, USA.",1978-11-28,ExactDate,Concert,30,Curated,queenconcerts-392,https://www.queenconcerts.com/detail/live/392/queen-live-28-11-1978-war-memorial-auditorium-buffalo-ny-usa.html
"Queen at Civic Centre, Ottawa, Canada","Queen performed at Civic Centre in Ottawa, Canada.",1978-11-30,ExactDate,Concert,30,Curated,queenconcerts-393,https://www.queenconcerts.com/detail/live/393/queen-live-30-11-1978-civic-centre-ottawa-canada.html
"Queen at Forum, Montreal, Canada","Queen performed at Forum in Montreal, Canada.",1978-12-01,ExactDate,Concert,30,Curated,queenconcerts-394,https://www.queenconcerts.com/detail/live/394/queen-live-01-12-1978-forum-montreal-canada.html
"Queen at Maple Leaf Gardens, Toronto, Canada","Queen performed at Maple Leaf Gardens in Toronto, Canada.",1978-12-03,ExactDate,Concert,30,Curated,queenconcerts-395,https://www.queenconcerts.com/detail/live/395/queen-live-03-12-1978-maple-leaf-gardens-toronto-canada.html
"Queen at Maple Leaf Gardens, Toronto, Canada","Queen performed at Maple Leaf Gardens in Toronto, Canada.",1978-12-04,ExactDate,Concert,30,Curated,queenconcerts-396,https://www.queenconcerts.com/detail/live/396/queen-live-04-12-1978-maple-leaf-gardens-toronto-canada.html
"Queen at Dane County Coliseum, Madison, USA","Queen performed at Dane County Coliseum in Madison, USA.",1978-12-06,ExactDate,Concert,30,Curated,queenconcerts-397,https://www.queenconcerts.com/detail/live/397/queen-live-06-12-1978-dane-county-coliseum-madison-wi-usa.html
"Queen at Stadium, Chicago, USA","Queen performed at Stadium in Chicago, USA.",1978-12-07,ExactDate,Concert,30,Curated,queenconcerts-398,https://www.queenconcerts.com/detail/live/398/queen-live-07-12-1978-stadium-chicago-il-usa.html
"Queen at Kemper Arena, Kansas City, USA","Queen performed at Kemper Arena in Kansas City, USA.",1978-12-08,ExactDate,Concert,30,Curated,queenconcerts-399,https://www.queenconcerts.com/detail/live/399/queen-live-08-12-1978-kemper-arena-kansas-city-mo-usa.html
"Queen at Coliseum, Seattle, USA","Queen performed at Coliseum in Seattle, USA.",1978-12-12,ExactDate,Concert,30,Curated,queenconcerts-400,https://www.queenconcerts.com/detail/live/400/queen-live-12-12-1978-coliseum-seattle-wa-usa.html
"Queen at Coliseum, Portland, USA","Queen performed at Coliseum in Portland, USA.",1978-12-13,ExactDate,Concert,30,Curated,queenconcerts-401,https://www.queenconcerts.com/detail/live/401/queen-live-13-12-1978-coliseum-portland-or-usa.html
"Queen at PNE Coliseum, Vancouver, Canada","Queen performed at PNE Coliseum in Vancouver, Canada.",1978-12-14,ExactDate,Concert,30,Curated,queenconcerts-402,https://www.queenconcerts.com/detail/live/402/queen-live-14-12-1978-pne-coliseum-vancouver-canada.html
"Queen at Oakland Coliseum Arena, Oakland, USA","Queen performed at Oakland Coliseum Arena in Oakland, USA.",1978-12-16,ExactDate,Concert,30,Curated,queenconcerts-403,https://www.queenconcerts.com/detail/live/403/queen-live-16-12-1978-oakland-coliseum-arena-oakland-ca-usa.html
"Queen at Forum, Inglewood, USA","Queen performed at Forum in Inglewood, USA.",1978-12-18,ExactDate,Concert,30,Curated,queenconcerts-404,https://www.queenconcerts.com/detail/live/404/queen-live-18-12-1978-forum-inglewood-ca-usa.html
"Queen at Forum, Inglewood, USA","Queen performed at Forum in Inglewood, USA.",1978-12-19,ExactDate,Concert,30,Curated,queenconcerts-405,https://www.queenconcerts.com/detail/live/405/queen-live-19-12-1978-forum-inglewood-ca-usa.html
"Queen at Forum, Inglewood, USA","Queen performed at Forum in Inglewood, USA.",1978-12-20,ExactDate,Concert,30,Curated,queenconcerts-406,https://www.queenconcerts.com/detail/live/406/queen-live-20-12-1978-forum-inglewood-ca-usa.html
"Queen at Ernst-Merck Halle, Hamburg, Germany","Queen performed at Ernst-Merck Halle in Hamburg, Germany.",1979-01-17,ExactDate,Concert,30,Curated,queenconcerts-407,https://www.queenconcerts.com/detail/live/407/queen-live-17-01-1979-ernst-merck-halle-hamburg-germany.html
"Queen at Ostseehalle, Kiel, Germany","Queen performed at Ostseehalle in Kiel, Germany.",1979-01-18,ExactDate,Concert,30,Curated,queenconcerts-408,https://www.queenconcerts.com/detail/live/408/queen-live-18-01-1979-ostseehalle-kiel-germany.html
"Queen at Stadthalle, Bremen, Germany","Queen performed at Stadthalle in Bremen, Germany.",1979-01-20,ExactDate,Concert,30,Curated,queenconcerts-409,https://www.queenconcerts.com/detail/live/409/queen-live-20-01-1979-stadthalle-bremen-germany.html
"Queen at Westfallenhalle, Dortmund, Germany","Queen performed at Westfallenhalle in Dortmund, Germany.",1979-01-21,ExactDate,Concert,30,Curated,queenconcerts-410,https://www.queenconcerts.com/detail/live/410/queen-live-21-01-1979-westfallenhalle-dortmund-germany.html
"Queen at Messesportspalace, Hanover, Germany","Queen performed at Messesportspalace in Hanover, Germany.",1979-01-23,ExactDate,Concert,30,Curated,queenconcerts-411,https://www.queenconcerts.com/detail/live/411/queen-live-23-01-1979-messesportspalace-hanover-germany.html
"Queen at Deutschlandhalle, Berlin, Germany","Queen performed at Deutschlandhalle in Berlin, Germany.",1979-01-24,ExactDate,Concert,30,Curated,queenconcerts-412,https://www.queenconcerts.com/detail/live/412/queen-live-24-01-1979-deutschlandhalle-berlin-germany.html
"Queen at Forest National, Brussels, Belgium","Queen performed at Forest National in Brussels, Belgium.",1979-01-27,ExactDate,Concert,30,Curated,queenconcerts-414,https://www.queenconcerts.com/detail/live/414/queen-live-27-01-1979-forest-national-brussels-belgium.html
"Queen at Ahoy Hall, Rotterdam, The Netherlands","Queen performed at Ahoy Hall in Rotterdam, The Netherlands.",1979-01-29,ExactDate,Concert,30,Curated,queenconcerts-415,https://www.queenconcerts.com/detail/live/415/queen-live-29-01-1979-ahoy-hall-rotterdam-the-netherlands.html
"Queen at Ahoy Hall, Rotterdam, The Netherlands","Queen performed at Ahoy Hall in Rotterdam, The Netherlands.",1979-01-30,ExactDate,Concert,30,Curated,queenconcerts-416,https://www.queenconcerts.com/detail/live/416/queen-live-30-01-1979-ahoy-hall-rotterdam-the-netherlands.html
"Queen at Festhalle, Frankfurt, Germany","Queen performed at Festhalle in Frankfurt, Germany.",1979-02-02,ExactDate,Concert,30,Curated,queenconcerts-418,https://www.queenconcerts.com/detail/live/418/queen-live-02-02-1979-festhalle-frankfurt-germany.html
"Queen at Hallenstadium, Zurich, Switzerland","Queen performed at Hallenstadium in Zurich, Switzerland.",1979-02-04,ExactDate,Concert,30,Curated,queenconcerts-419,https://www.queenconcerts.com/detail/live/419/queen-live-04-02-1979-hallenstadium-zurich-switzerland.html
"Queen at Dom Sportova, Zagreb, Yugoslavia","Queen performed at Dom Sportova in Zagreb, Yugoslavia.",1979-02-06,ExactDate,Concert,30,Curated,queenconcerts-420,https://www.queenconcerts.com/detail/live/420/queen-live-06-02-1979-dom-sportova-zagreb-yugoslavia.html
"Queen at Tivoli Halle, Ljubljana, Yugoslavia","Queen performed at Tivoli Halle in Ljubljana, Yugoslavia.",1979-02-07,ExactDate,Concert,30,Curated,queenconcerts-421,https://www.queenconcerts.com/detail/live/421/queen-live-07-02-1979-tivoli-halle-ljubljana-yugoslavia.html
"Queen at Rudi Sedlmayer Halle, Munich, Germany","Queen performed at Rudi Sedlmayer Halle in Munich, Germany.",1979-02-10,ExactDate,Concert,30,Curated,queenconcerts-422,https://www.queenconcerts.com/detail/live/422/queen-live-10-02-1979-rudi-sedlmayer-halle-munich-germany.html
"Queen at Rudi Sedlmayer Halle, Munich, Germany","Queen performed at Rudi Sedlmayer Halle in Munich, Germany.",1979-02-11,ExactDate,Concert,30,Curated,queenconcerts-423,https://www.queenconcerts.com/detail/live/423/queen-live-11-02-1979-rudi-sedlmayer-halle-munich-germany.html
"Queen at Sporthalle, Boblingen, Germany","Queen performed at Sporthalle in Boblingen, Germany.",1979-02-13,ExactDate,Concert,30,Curated,queenconcerts-424,https://www.queenconcerts.com/detail/live/424/queen-live-13-02-1979-sporthalle-boblingen-germany.html
"Queen at Saarlandhalle, Saarbrucken, Germany","Queen performed at Saarlandhalle in Saarbrucken, Germany.",1979-02-15,ExactDate,Concert,30,Curated,queenconcerts-425,https://www.queenconcerts.com/detail/live/425/queen-live-15-02-1979-saarlandhalle-saarbrucken-germany.html
"Queen at Palais Des Sports, Lyon, France","Queen performed at Palais Des Sports in Lyon, France.",1979-02-17,ExactDate,Concert,30,Curated,queenconcerts-426,https://www.queenconcerts.com/detail/live/426/queen-live-17-02-1979-palais-des-sports-lyon-france.html
"Queen at Palacio De Deportes, Barcelona, Spain","Queen performed at Palacio De Deportes in Barcelona, Spain.",1979-02-19,ExactDate,Concert,30,Curated,queenconcerts-427,https://www.queenconcerts.com/detail/live/427/queen-live-19-02-1979-palacio-de-deportes-barcelona-spain.html
"Queen at Palacio De Deportes, Barcelona, Spain","Queen performed at Palacio De Deportes in Barcelona, Spain.",1979-02-20,ExactDate,Concert,30,Curated,queenconcerts-428,https://www.queenconcerts.com/detail/live/428/queen-live-20-02-1979-palacio-de-deportes-barcelona-spain.html
"Queen at Pabellon De Real Madrid, Madrid, Spain","Queen performed at Pabellon De Real Madrid in Madrid, Spain.",1979-02-22,ExactDate,Concert,30,Curated,queenconcerts-429,https://www.queenconcerts.com/detail/live/429/queen-live-22-02-1979-pabellon-de-real-madrid-madrid-spain.html
"Queen at Pabellon De Real Madrid, Madrid, Spain","Queen performed at Pabellon De Real Madrid in Madrid, Spain.",1979-02-23,ExactDate,Concert,30,Curated,queenconcerts-430,https://www.queenconcerts.com/detail/live/430/queen-live-23-02-1979-pabellon-de-real-madrid-madrid-spain.html
"Queen at Les Arenes, Poitiers, France","Queen performed at Les Arenes in Poitiers, France.",1979-02-25,ExactDate,Concert,30,Curated,queenconcerts-431,https://www.queenconcerts.com/detail/live/431/queen-live-25-02-1979-les-arenes-poitiers-france.html
"Queen at Pavillon De Paris, Paris, France","Queen performed at Pavillon De Paris in Paris, France.",1979-02-27,ExactDate,Concert,30,Curated,queenconcerts-432,https://www.queenconcerts.com/detail/live/432/queen-live-27-02-1979-pavillon-de-paris-paris-france.html
"Queen at Pavillon De Paris, Paris, France","Queen performed at Pavillon De Paris in Paris, France.",1979-02-28,ExactDate,Concert,30,Curated,queenconcerts-433,https://www.queenconcerts.com/detail/live/433/queen-live-28-02-1979-pavillon-de-paris-paris-france.html
"Queen at Pavillon De Paris, Paris, France","Queen performed at Pavillon De Paris in Paris, France.",1979-03-01,ExactDate,Concert,30,Curated,queenconcerts-434,https://www.queenconcerts.com/detail/live/434/queen-live-01-03-1979-pavillon-de-paris-paris-france.html
"Queen at Nippon Budokan, Tokyo, Japan","Queen performed at Nippon Budokan in Tokyo, Japan.",1979-04-13,ExactDate,Concert,30,Curated,queenconcerts-435,https://www.queenconcerts.com/detail/live/435/queen-live-13-04-1979-nippon-budokan-tokyo-japan.html
"Queen at Nippon Budokan, Tokyo, Japan","Queen performed at Nippon Budokan in Tokyo, Japan.",1979-04-14,ExactDate,Concert,30,Curated,queenconcerts-436,https://www.queenconcerts.com/detail/live/436/queen-live-14-04-1979-nippon-budokan-tokyo-japan.html
"Queen at Festival Hall, Osaka, Japan","Queen performed at Festival Hall in Osaka, Japan.",1979-04-19,ExactDate,Concert,30,Curated,queenconcerts-437,https://www.queenconcerts.com/detail/live/437/queen-live-19-04-1979-festival-hall-osaka-japan.html
"Queen at Festival Hall, Osaka, Japan","Queen performed at Festival Hall in Osaka, Japan.",1979-04-20,ExactDate,Concert,30,Curated,queenconcerts-438,https://www.queenconcerts.com/detail/live/438/queen-live-20-04-1979-festival-hall-osaka-japan.html
"Queen at Practica Ethics Commemor. Hall, Kanazawa, Japan","Queen performed at Practica Ethics Commemor. Hall in Kanazawa, Japan.",1979-04-21,ExactDate,Concert,30,Curated,queenconcerts-439,https://www.queenconcerts.com/detail/live/439/queen-live-21-04-1979-practica-ethics-commemor-hall-kanazawa-japan.html
"Queen at Nippon Budokan, Tokyo, Japan","Queen performed at Nippon Budokan in Tokyo, Japan.",1979-04-23,ExactDate,Concert,30,Curated,queenconcerts-440,https://www.queenconcerts.com/detail/live/440/queen-live-23-04-1979-nippon-budokan-tokyo-japan.html
"Queen at Nippon Budokan, Tokyo, Japan","Queen performed at Nippon Budokan in Tokyo, Japan.",1979-04-24,ExactDate,Concert,30,Curated,queenconcerts-441,https://www.queenconcerts.com/detail/live/441/queen-live-24-04-1979-nippon-budokan-tokyo-japan.html
"Queen at Nippon Budokan, Tokyo, Japan","Queen performed at Nippon Budokan in Tokyo, Japan.",1979-04-25,ExactDate,Concert,30,Curated,queenconcerts-442,https://www.queenconcerts.com/detail/live/442/queen-live-25-04-1979-nippon-budokan-tokyo-japan.html
"Queen at Central International Display, Kobe, Japan","Queen performed at Central International Display in Kobe, Japan.",1979-04-27,ExactDate,Concert,30,Curated,queenconcerts-443,https://www.queenconcerts.com/detail/live/443/queen-live-27-04-1979-central-international-display-kobe-japan.html
"Queen at International Display, Nagoya, Japan","Queen performed at International Display in Nagoya, Japan.",1979-04-28,ExactDate,Concert,30,Curated,queenconcerts-444,https://www.queenconcerts.com/detail/live/444/queen-live-28-04-1979-international-display-nagoya-japan.html
"Queen at Kyuden Kinen Taikukan, Fukuoka, Japan","Queen performed at Kyuden Kinen Taikukan in Fukuoka, Japan.",1979-04-30,ExactDate,Concert,30,Curated,queenconcerts-445,https://www.queenconcerts.com/detail/live/445/queen-live-30-04-1979-kyuden-kinen-taikukan-fukuoka-japan.html
"Queen at Kyuden Kinen Taikukan, Fukuoka, Japan","Queen performed at Kyuden Kinen Taikukan in Fukuoka, Japan.",1979-05-01,ExactDate,Concert,30,Curated,queenconcerts-446,https://www.queenconcerts.com/detail/live/446/queen-live-01-05-1979-kyuden-kinen-taikukan-fukuoka-japan.html
"Queen at Prefectural Athletic Association, Yamaguchi, Japan","Queen performed at Prefectural Athletic Association in Yamaguchi, Japan.",1979-05-02,ExactDate,Concert,30,Curated,queenconcerts-447,https://www.queenconcerts.com/detail/live/447/queen-live-02-05-1979-prefectural-athletic-association-yamaguchi-japan.html
"Queen at Makomani Ice Arena, Sapporo, Japan","Queen performed at Makomani Ice Arena in Sapporo, Japan.",1979-05-05,ExactDate,Concert,30,Curated,queenconcerts-448,https://www.queenconcerts.com/detail/live/448/queen-live-05-05-1979-makomani-ice-arena-sapporo-japan.html
"Queen at Makomani Ice Arena, Sapporo, Japan","Queen performed at Makomani Ice Arena in Sapporo, Japan.",1979-05-06,ExactDate,Concert,30,Curated,queenconcerts-449,https://www.queenconcerts.com/detail/live/449/queen-live-06-05-1979-makomani-ice-arena-sapporo-japan.html
"Queen at Ludwigsparkstadion, Saarbrucken, Germany","Queen performed at Ludwigsparkstadion in Saarbrucken, Germany.",1979-08-18,ExactDate,Concert,30,Curated,queenconcerts-450,https://www.queenconcerts.com/detail/live/450/queen-live-18-08-1979-ludwigsparkstadion-saarbrucken-germany.html
"Queen at RDS Simmons Hall, Dublin, Ireland","Queen performed at RDS Simmons Hall in Dublin, Ireland.",1979-11-22,ExactDate,Concert,30,Curated,queenconcerts-451,https://www.queenconcerts.com/detail/live/451/queen-live-22-11-1979-rds-simmons-hall-dublin-ireland.html
"Queen at Apollo Theatre, Manchester, UK","Queen performed at Apollo Theatre in Manchester, UK.",1979-11-26,ExactDate,Concert,30,Curated,queenconcerts-453,https://www.queenconcerts.com/detail/live/453/queen-live-26-11-1979-apollo-theatre-manchester-uk.html
"Queen at Apollo Theatre, Manchester, UK","Queen performed at Apollo Theatre in Manchester, UK.",1979-11-27,ExactDate,Concert,30,Curated,queenconcerts-454,https://www.queenconcerts.com/detail/live/454/queen-live-27-11-1979-apollo-theatre-manchester-uk.html
"Queen at Apollo Theatre, Glasgow, UK","Queen performed at Apollo Theatre in Glasgow, UK.",1979-11-30,ExactDate,Concert,30,Curated,queenconcerts-455,https://www.queenconcerts.com/detail/live/455/queen-live-30-11-1979-apollo-theatre-glasgow-uk.html
"Queen at Apollo Theatre, Glasgow, UK","Queen performed at Apollo Theatre in Glasgow, UK.",1979-12-01,ExactDate,Concert,30,Curated,queenconcerts-456,https://www.queenconcerts.com/detail/live/456/queen-live-01-12-1979-apollo-theatre-glasgow-uk.html
"Queen at City Hall, Newcastle, UK","Queen performed at City Hall in Newcastle, UK.",1979-12-03,ExactDate,Concert,30,Curated,queenconcerts-457,https://www.queenconcerts.com/detail/live/457/queen-live-03-12-1979-city-hall-newcastle-uk.html
"Queen at City Hall, Newcastle, UK","Queen performed at City Hall in Newcastle, UK.",1979-12-04,ExactDate,Concert,30,Curated,queenconcerts-458,https://www.queenconcerts.com/detail/live/458/queen-live-04-12-1979-city-hall-newcastle-uk.html
"Queen at Empire Theatre, Liverpool, UK","Queen performed at Empire Theatre in Liverpool, UK.",1979-12-06,ExactDate,Concert,30,Curated,queenconcerts-459,https://www.queenconcerts.com/detail/live/459/queen-live-06-12-1979-empire-theatre-liverpool-uk.html
"Queen at Empire Theatre, Liverpool, UK","Queen performed at Empire Theatre in Liverpool, UK.",1979-12-07,ExactDate,Concert,30,Curated,queenconcerts-460,https://www.queenconcerts.com/detail/live/460/queen-live-07-12-1979-empire-theatre-liverpool-uk.html
"Queen at Hippodrome, Bristol, UK","Queen performed at Hippodrome in Bristol, UK.",1979-12-09,ExactDate,Concert,30,Curated,queenconcerts-461,https://www.queenconcerts.com/detail/live/461/queen-live-09-12-1979-hippodrome-bristol-uk.html
"Queen at Centre, Brighton, UK","Queen performed at Centre in Brighton, UK.",1979-12-10,ExactDate,Concert,30,Curated,queenconcerts-462,https://www.queenconcerts.com/detail/live/462/queen-live-10-12-1979-centre-brighton-uk.html
"Queen at Centre, Brighton, UK","Queen performed at Centre in Brighton, UK.",1979-12-11,ExactDate,Concert,30,Curated,queenconcerts-463,https://www.queenconcerts.com/detail/live/463/queen-live-11-12-1979-centre-brighton-uk.html
"Queen at Rainbow Theatre, London, UK","Queen performed at Rainbow Theatre in London, UK.",1979-12-14,ExactDate,Concert,30,Curated,queenconcerts-465,https://www.queenconcerts.com/detail/live/465/queen-live-14-12-1979-rainbow-theatre-london-uk.html
"Queen at Purley Tiffany's, London, UK","Queen performed at Purley Tiffany's in London, UK.",1979-12-17,ExactDate,Concert,30,Curated,queenconcerts-466,https://www.queenconcerts.com/detail/live/466/queen-live-17-12-1979-purley-tiffanys-london-uk.html
"Queen at Tottenham Mayfair, London, UK","Queen performed at Tottenham Mayfair in London, UK.",1979-12-19,ExactDate,Concert,30,Curated,queenconcerts-467,https://www.queenconcerts.com/detail/live/467/queen-live-19-12-1979-tottenham-mayfair-london-uk.html
"Queen at Lewisham Odeon, London, UK","Queen performed at Lewisham Odeon in London, UK.",1979-12-20,ExactDate,Concert,30,Curated,queenconcerts-468,https://www.queenconcerts.com/detail/live/468/queen-live-20-12-1979-lewisham-odeon-london-uk.html
"Queen at Alexandra Palace, London, UK","Queen performed at Alexandra Palace in London, UK.",1979-12-22,ExactDate,Concert,30,Curated,queenconcerts-469,https://www.queenconcerts.com/detail/live/469/queen-live-22-12-1979-alexandra-palace-london-uk.html
"Queen at Coliseum, Seattle, USA","Queen performed at Coliseum in Seattle, USA.",1980-07-01,ExactDate,Concert,30,Curated,queenconcerts-472,https://www.queenconcerts.com/detail/live/472/queen-live-01-07-1980-coliseum-seattle-wa-usa.html
"Queen at Coliseum, Portland, USA","Queen performed at Coliseum in Portland, USA.",1980-07-02,ExactDate,Concert,30,Curated,queenconcerts-473,https://www.queenconcerts.com/detail/live/473/queen-live-02-07-1980-coliseum-portland-or-usa.html
"Queen at Sports Arena, San Diego, USA","Queen performed at Sports Arena in San Diego, USA.",1980-07-05,ExactDate,Concert,30,Curated,queenconcerts-474,https://www.queenconcerts.com/detail/live/474/queen-live-05-07-1980-sports-arena-san-diego-ca-usa.html
"Queen at Compton Terrace, Phoenix, USA","Queen performed at Compton Terrace in Phoenix, USA.",1980-07-06,ExactDate,Concert,30,Curated,queenconcerts-475,https://www.queenconcerts.com/detail/live/475/queen-live-06-07-1980-compton-terrace-phoenix-az-usa.html
"Queen at Forum, Inglewood, USA","Queen performed at Forum in Inglewood, USA.",1980-07-08,ExactDate,Concert,30,Curated,queenconcerts-476,https://www.queenconcerts.com/detail/live/476/queen-live-08-07-1980-forum-inglewood-ca-usa.html
"Queen at Forum, Inglewood, USA","Queen performed at Forum in Inglewood, USA.",1980-07-09,ExactDate,Concert,30,Curated,queenconcerts-477,https://www.queenconcerts.com/detail/live/477/queen-live-09-07-1980-forum-inglewood-ca-usa.html
"Queen at Forum, Inglewood, USA","Queen performed at Forum in Inglewood, USA.",1980-07-12,ExactDate,Concert,30,Curated,queenconcerts-479,https://www.queenconcerts.com/detail/live/479/queen-live-12-07-1980-forum-inglewood-ca-usa.html
"Queen at Oakland Coliseum Arena, Oakland, USA","Queen performed at Oakland Coliseum Arena in Oakland, USA.",1980-07-13,ExactDate,Concert,30,Curated,queenconcerts-480,https://www.queenconcerts.com/detail/live/480/queen-live-13-07-1980-oakland-coliseum-arena-oakland-ca-usa.html
"Queen at Oakland Coliseum Arena, Oakland, USA","Queen performed at Oakland Coliseum Arena in Oakland, USA.",1980-07-14,ExactDate,Concert,30,Curated,queenconcerts-481,https://www.queenconcerts.com/detail/live/481/queen-live-14-07-1980-oakland-coliseum-arena-oakland-ca-usa.html
"Queen at Mid South Coliseum, Memphis, USA","Queen performed at Mid South Coliseum in Memphis, USA.",1980-08-05,ExactDate,Concert,30,Curated,queenconcerts-482,https://www.queenconcerts.com/detail/live/482/queen-live-05-08-1980-mid-south-coliseum-memphis-tn-usa.html
"Queen at Riverside Centroplex, Baton Rouge, USA","Queen performed at Riverside Centroplex in Baton Rouge, USA.",1980-08-06,ExactDate,Concert,30,Curated,queenconcerts-483,https://www.queenconcerts.com/detail/live/483/queen-live-06-08-1980-riverside-centroplex-baton-rouge-la-usa.html
"Queen at Myriad, Oklahoma City, USA","Queen performed at Myriad in Oklahoma City, USA.",1980-08-08,ExactDate,Concert,30,Curated,queenconcerts-484,https://www.queenconcerts.com/detail/live/484/queen-live-08-08-1980-myriad-oklahoma-city-ok-usa.html
"Queen at Reunion, Dallas, USA","Queen performed at Reunion in Dallas, USA.",1980-08-09,ExactDate,Concert,30,Curated,queenconcerts-485,https://www.queenconcerts.com/detail/live/485/queen-live-09-08-1980-reunion-dallas-tx-usa.html
"Queen at Summit, Houston, USA","Queen performed at Summit in Houston, USA.",1980-08-10,ExactDate,Concert,30,Curated,queenconcerts-486,https://www.queenconcerts.com/detail/live/486/queen-live-10-08-1980-summit-houston-tx-usa.html
"Queen at Omni, Atlanta, USA","Queen performed at Omni in Atlanta, USA.",1980-08-12,ExactDate,Concert,30,Curated,queenconcerts-487,https://www.queenconcerts.com/detail/live/487/queen-live-12-08-1980-omni-atlanta-ga-usa.html
"Queen at Coliseum, Charlotte, USA","Queen performed at Coliseum in Charlotte, USA.",1980-08-13,ExactDate,Concert,30,Curated,queenconcerts-488,https://www.queenconcerts.com/detail/live/488/queen-live-13-08-1980-coliseum-charlotte-nc-usa.html
"Queen at Coliseum, Greensboro, USA","Queen performed at Coliseum in Greensboro, USA.",1980-08-14,ExactDate,Concert,30,Curated,queenconcerts-489,https://www.queenconcerts.com/detail/live/489/queen-live-14-08-1980-coliseum-greensboro-nc-usa.html
"Queen at Civic Centre, Charleston, USA","Queen performed at Civic Centre in Charleston, USA.",1980-08-16,ExactDate,Concert,30,Curated,queenconcerts-490,https://www.queenconcerts.com/detail/live/490/queen-live-16-08-1980-civic-centre-charleston-wv-usa.html
"Queen at Market Square Arena, Indianapolis, USA","Queen performed at Market Square Arena in Indianapolis, USA.",1980-08-17,ExactDate,Concert,30,Curated,queenconcerts-502,https://www.queenconcerts.com/detail/live/502/queen-live-17-08-1980-market-square-arena-indianapolis-in-usa.html
"Queen at Civic Centre, Hartford, USA","Queen performed at Civic Centre in Hartford, USA.",1980-08-20,ExactDate,Concert,30,Curated,queenconcerts-492,https://www.queenconcerts.com/detail/live/492/queen-live-20-08-1980-civic-centre-hartford-ct-usa.html
"Queen at The Spectrum, Philadelphia, USA","Queen performed at The Spectrum in Philadelphia, USA.",1980-08-22,ExactDate,Concert,30,Curated,queenconcerts-493,https://www.queenconcerts.com/detail/live/493/queen-live-22-08-1980-the-spectrum-philadelphia-pa-usa.html
"Queen at Civic Centre, Baltimore, USA","Queen performed at Civic Centre in Baltimore, USA.",1980-08-23,ExactDate,Concert,30,Curated,queenconcerts-494,https://www.queenconcerts.com/detail/live/494/queen-live-23-08-1980-civic-centre-baltimore-md-usa.html
"Queen at Civic Centre, Pittsburgh, USA","Queen performed at Civic Centre in Pittsburgh, USA.",1980-08-24,ExactDate,Concert,30,Curated,queenconcerts-495,https://www.queenconcerts.com/detail/live/495/queen-live-24-08-1980-civic-centre-pittsburgh-pa-usa.html
"Queen at Civic Centre, Providence, USA","Queen performed at Civic Centre in Providence, USA.",1980-08-26,ExactDate,Concert,30,Curated,queenconcerts-496,https://www.queenconcerts.com/detail/live/496/queen-live-26-08-1980-civic-centre-providence-ri-usa.html
"Queen at Cumberland County Civic Center, Portland, USA","Queen performed at Cumberland County Civic Center in Portland, USA.",1980-08-27,ExactDate,Concert,30,Curated,queenconcerts-497,https://www.queenconcerts.com/detail/live/497/queen-live-27-08-1980-cumberland-county-civic-center-portland-me-usa.html
"Queen at Forum, Montreal, Canada","Queen performed at Forum in Montreal, Canada.",1980-08-29,ExactDate,Concert,30,Curated,queenconcerts-498,https://www.queenconcerts.com/detail/live/498/queen-live-29-08-1980-forum-montreal-canada.html
"Queen at CNE, Toronto, Canada","Queen performed at CNE in Toronto, Canada.",1980-08-30,ExactDate,Concert,30,Curated,queenconcerts-499,https://www.queenconcerts.com/detail/live/499/queen-live-30-08-1980-cne-toronto-canada.html
"Queen at Mecca, Milwaukee, USA","Queen performed at Mecca in Milwaukee, USA.",1980-09-10,ExactDate,Concert,30,Curated,queenconcerts-501,https://www.queenconcerts.com/detail/live/501/queen-live-10-09-1980-mecca-milwaukee-wi-usa.html
"Queen at Kemper Arena, Kansas City, USA","Queen performed at Kemper Arena in Kansas City, USA.",1980-09-12,ExactDate,Concert,30,Curated,queenconcerts-1646,https://www.queenconcerts.com/detail/live/1646/queen-live-12-09-1980-kemper-arena-kansas-city-mo-usa.html
"Queen at Civic, Omaha, USA","Queen performed at Civic in Omaha, USA.",1980-09-13,ExactDate,Concert,30,Curated,queenconcerts-503,https://www.queenconcerts.com/detail/live/503/queen-live-13-09-1980-civic-omaha-ne-usa.html
"Queen at Civic Centre, St. Paul, USA","Queen performed at Civic Centre in St. Paul, USA.",1980-09-14,ExactDate,Concert,30,Curated,queenconcerts-504,https://www.queenconcerts.com/detail/live/504/queen-live-14-09-1980-civic-centre-st-paul-mn-usa.html
"Queen at Hilton Coliseum, Ames, USA","Queen performed at Hilton Coliseum in Ames, USA.",1980-09-16,ExactDate,Concert,30,Curated,queenconcerts-505,https://www.queenconcerts.com/detail/live/505/queen-live-16-09-1980-hilton-coliseum-ames-ia-usa.html
"Queen at Checkerdome, St. Louis, USA","Queen performed at Checkerdome in St. Louis, USA.",1980-09-17,ExactDate,Concert,30,Curated,queenconcerts-506,https://www.queenconcerts.com/detail/live/506/queen-live-17-09-1980-checkerdome-st-louis-mo-usa.html
"Queen at Rosemont Horizon, Rosemont, USA","Queen performed at Rosemont Horizon in Rosemont, USA.",1980-09-19,ExactDate,Concert,30,Curated,queenconcerts-507,https://www.queenconcerts.com/detail/live/507/queen-live-19-09-1980-rosemont-horizon-rosemont-il-usa.html
"Queen at Joe Louis Arena, Detroit, USA","Queen performed at Joe Louis Arena in Detroit, USA.",1980-09-20,ExactDate,Concert,30,Curated,queenconcerts-508,https://www.queenconcerts.com/detail/live/508/queen-live-20-09-1980-joe-louis-arena-detroit-mi-usa.html
"Queen at Coliseum, Richfield, USA","Queen performed at Coliseum in Richfield, USA.",1980-09-21,ExactDate,Concert,30,Curated,queenconcerts-509,https://www.queenconcerts.com/detail/live/509/queen-live-21-09-1980-coliseum-richfield-oh-usa.html
"Queen at Civic Center, Glens Falls, USA","Queen performed at Civic Center in Glens Falls, USA.",1980-09-23,ExactDate,Concert,30,Curated,queenconcerts-510,https://www.queenconcerts.com/detail/live/510/queen-live-23-09-1980-civic-center-glens-falls-ny-usa.html
"Queen at War Memorial Auditorium, Syracuse, USA","Queen performed at War Memorial Auditorium in Syracuse, USA.",1980-09-24,ExactDate,Concert,30,Curated,queenconcerts-511,https://www.queenconcerts.com/detail/live/511/queen-live-24-09-1980-war-memorial-auditorium-syracuse-ny-usa.html
"Queen at Garden, Boston, USA","Queen performed at Garden in Boston, USA.",1980-09-26,ExactDate,Concert,30,Curated,queenconcerts-512,https://www.queenconcerts.com/detail/live/512/queen-live-26-09-1980-garden-boston-ma-usa.html
"Queen at Madison Square Garden, New York, USA","Queen performed at Madison Square Garden in New York, USA.",1980-09-28,ExactDate,Concert,30,Curated,queenconcerts-513,https://www.queenconcerts.com/detail/live/513/queen-live-28-09-1980-madison-square-garden-new-york-ny-usa.html
"Queen at Madison Square Garden, New York, USA","Queen performed at Madison Square Garden in New York, USA.",1980-09-29,ExactDate,Concert,30,Curated,queenconcerts-514,https://www.queenconcerts.com/detail/live/514/queen-live-29-09-1980-madison-square-garden-new-york-ny-usa.html
"Queen at Madison Square Garden, New York, USA","Queen performed at Madison Square Garden in New York, USA.",1980-09-30,ExactDate,Concert,30,Curated,queenconcerts-515,https://www.queenconcerts.com/detail/live/515/queen-live-30-09-1980-madison-square-garden-new-york-ny-usa.html
"Queen at Hallenstadion, Zurich, Switzerland","Queen performed at Hallenstadion in Zurich, Switzerland.",1980-11-23,ExactDate,Concert,30,Curated,queenconcerts-516,https://www.queenconcerts.com/detail/live/516/queen-live-23-11-1980-hallenstadion-zurich-switzerland.html
"Queen at Le Bourget La Rotonde, Paris, France","Queen performed at Le Bourget La Rotonde in Paris, France.",1980-11-25,ExactDate,Concert,30,Curated,queenconcerts-517,https://www.queenconcerts.com/detail/live/517/queen-live-25-11-1980-le-bourget-la-rotonde-paris-france.html
"Queen at Sporthalle, Cologne, Germany","Queen performed at Sporthalle in Cologne, Germany.",1980-11-26,ExactDate,Concert,30,Curated,queenconcerts-518,https://www.queenconcerts.com/detail/live/518/queen-live-26-11-1980-sporthalle-cologne-germany.html
"Queen at Groenoordhallen, Leiden, The Netherlands","Queen performed at Groenoordhallen in Leiden, The Netherlands.",1980-11-27,ExactDate,Concert,30,Curated,queenconcerts-519,https://www.queenconcerts.com/detail/live/519/queen-live-27-11-1980-groenoordhallen-leiden-the-netherlands.html
"Queen at Grugahalle, Essen, Germany","Queen performed at Grugahalle in Essen, Germany.",1980-11-29,ExactDate,Concert,30,Curated,queenconcerts-520,https://www.queenconcerts.com/detail/live/520/queen-live-29-11-1980-grugahalle-essen-germany.html
"Queen at Deutschlandhalle, Berlin, Germany","Queen performed at Deutschlandhalle in Berlin, Germany.",1980-11-30,ExactDate,Concert,30,Curated,queenconcerts-521,https://www.queenconcerts.com/detail/live/521/queen-live-30-11-1980-deutschlandhalle-berlin-germany.html
"Queen at Stadthalle, Bremen, Germany","Queen performed at Stadthalle in Bremen, Germany.",1980-12-01,ExactDate,Concert,30,Curated,queenconcerts-522,https://www.queenconcerts.com/detail/live/522/queen-live-01-12-1980-stadthalle-bremen-germany.html
"Queen at National Exhibition Centre, Birmingham, UK","Queen performed at National Exhibition Centre in Birmingham, UK.",1980-12-05,ExactDate,Concert,30,Curated,queenconcerts-523,https://www.queenconcerts.com/detail/live/523/queen-live-05-12-1980-national-exhibition-centre-birmingham-uk.html
"Queen at National Exhibition Centre, Birmingham, UK","Queen performed at National Exhibition Centre in Birmingham, UK.",1980-12-06,ExactDate,Concert,30,Curated,queenconcerts-524,https://www.queenconcerts.com/detail/live/524/queen-live-06-12-1980-national-exhibition-centre-birmingham-uk.html
"Queen at Wembley Arena, London, UK","Queen performed at Wembley Arena in London, UK.",1980-12-08,ExactDate,Concert,30,Curated,queenconcerts-525,https://www.queenconcerts.com/detail/live/525/queen-live-08-12-1980-wembley-arena-london-uk.html
"Queen at Wembley Arena, London, UK","Queen performed at Wembley Arena in London, UK.",1980-12-09,ExactDate,Concert,30,Curated,queenconcerts-526,https://www.queenconcerts.com/detail/live/526/queen-live-09-12-1980-wembley-arena-london-uk.html
"Queen at Wembley Arena, London, UK","Queen performed at Wembley Arena in London, UK.",1980-12-10,ExactDate,Concert,30,Curated,queenconcerts-527,https://www.queenconcerts.com/detail/live/527/queen-live-10-12-1980-wembley-arena-london-uk.html
"Queen at Forest National, Brussels, Belgium","Queen performed at Forest National in Brussels, Belgium.",1980-12-12,ExactDate,Concert,30,Curated,queenconcerts-528,https://www.queenconcerts.com/detail/live/528/queen-live-12-12-1980-forest-national-brussels-belgium.html
"Queen at Forest National, Brussels, Belgium","Queen performed at Forest National in Brussels, Belgium.",1980-12-13,ExactDate,Concert,30,Curated,queenconcerts-529,https://www.queenconcerts.com/detail/live/529/queen-live-13-12-1980-forest-national-brussels-belgium.html
"Queen at Festhalle, Frankfurt, Germany","Queen performed at Festhalle in Frankfurt, Germany.",1980-12-14,ExactDate,Concert,30,Curated,queenconcerts-530,https://www.queenconcerts.com/detail/live/530/queen-live-14-12-1980-festhalle-frankfurt-germany.html
"Queen at Hall Rhénus, Strasbourg, France","Queen performed at Hall Rhénus in Strasbourg, France.",1980-12-16,ExactDate,Concert,30,Curated,queenconcerts-531,https://www.queenconcerts.com/detail/live/531/queen-live-16-12-1980-hall-rhenus-strasbourg-france.html
"Queen at Olympiahalle, Munich, Germany","Queen performed at Olympiahalle in Munich, Germany.",1980-12-18,ExactDate,Concert,30,Curated,queenconcerts-532,https://www.queenconcerts.com/detail/live/532/queen-live-18-12-1980-olympiahalle-munich-germany.html
"Queen at Nippon Budokan, Tokyo, Japan","Queen performed at Nippon Budokan in Tokyo, Japan.",1981-02-12,ExactDate,Concert,30,Curated,queenconcerts-533,https://www.queenconcerts.com/detail/live/533/queen-live-12-02-1981-nippon-budokan-tokyo-japan.html
"Queen at Nippon Budokan, Tokyo, Japan","Queen performed at Nippon Budokan in Tokyo, Japan.",1981-02-13,ExactDate,Concert,30,Curated,queenconcerts-534,https://www.queenconcerts.com/detail/live/534/queen-live-13-02-1981-nippon-budokan-tokyo-japan.html
"Queen at Nippon Budokan, Tokyo, Japan","Queen performed at Nippon Budokan in Tokyo, Japan.",1981-02-16,ExactDate,Concert,30,Curated,queenconcerts-535,https://www.queenconcerts.com/detail/live/535/queen-live-16-02-1981-nippon-budokan-tokyo-japan.html
"Queen at Nippon Budokan, Tokyo, Japan","Queen performed at Nippon Budokan in Tokyo, Japan.",1981-02-17,ExactDate,Concert,30,Curated,queenconcerts-536,https://www.queenconcerts.com/detail/live/536/queen-live-17-02-1981-nippon-budokan-tokyo-japan.html
"Queen at Nippon Budokan, Tokyo, Japan","Queen performed at Nippon Budokan in Tokyo, Japan.",1981-02-18,ExactDate,Concert,30,Curated,queenconcerts-537,https://www.queenconcerts.com/detail/live/537/queen-live-18-02-1981-nippon-budokan-tokyo-japan.html
"Queen at Estadio José Amalfitani de Velez Sarsfield, Buenos Aires, Argentina","Queen performed at Estadio José Amalfitani de Velez Sarsfield in Buenos Aires, Argentina.",1981-03-01,ExactDate,Concert,30,Curated,queenconcerts-539,https://www.queenconcerts.com/detail/live/539/queen-live-01-03-1981-estadio-jose-amalfitani-de-velez-sarsfield-buenos-aires-argentina.html
"Queen at Estadio José María Minella, Mar del Plata, Argentina","Queen performed at Estadio José María Minella in Mar del Plata, Argentina.",1981-03-04,ExactDate,Concert,30,Curated,queenconcerts-540,https://www.queenconcerts.com/detail/live/540/queen-live-04-03-1981-estadio-jose-maría-minella-mar-del-plata-argentina.html
"Queen at El Gigante de Arroyito (Estadio Rosario Central), Rosario, Argentina","Queen performed at El Gigante de Arroyito (Estadio Rosario Central) in Rosario, Argentina.",1981-03-06,ExactDate,Concert,30,Curated,queenconcerts-541,https://www.queenconcerts.com/detail/live/541/queen-live-06-03-1981-el-gigante-de-arroyito-estadio-rosario-central-rosario-argentina.html
"Queen at Estadio José Amalfitani de Velez Sarsfield, Buenos Aires, Argentina","Queen performed at Estadio José Amalfitani de Velez Sarsfield in Buenos Aires, Argentina.",1981-03-08,ExactDate,Concert,30,Curated,queenconcerts-542,https://www.queenconcerts.com/detail/live/542/queen-live-08-03-1981-estadio-jose-amalfitani-de-velez-sarsfield-buenos-aires-argentina.html
"Queen at Estádio do Morumbi, Sao Paulo, Brazil","Queen performed at Estádio do Morumbi in Sao Paulo, Brazil.",1981-03-21,ExactDate,Concert,30,Curated,queenconcerts-544,https://www.queenconcerts.com/detail/live/544/queen-live-21-03-1981-estádio-do-morumbi-sao-paulo-brazil.html
"Queen at Poliedro De Caracas, Caracas, Venezuela","Queen performed at Poliedro De Caracas in Caracas, Venezuela.",1981-09-26,ExactDate,Concert,30,Curated,queenconcerts-546,https://www.queenconcerts.com/detail/live/546/queen-live-26-09-1981-poliedro-de-caracas-caracas-venezuela.html
"Queen at Poliedro De Caracas, Caracas, Venezuela","Queen performed at Poliedro De Caracas in Caracas, Venezuela.",1981-09-27,ExactDate,Concert,30,Curated,queenconcerts-547,https://www.queenconcerts.com/detail/live/547/queen-live-27-09-1981-poliedro-de-caracas-caracas-venezuela.html
"Queen at Estadio de Beisbol Ignacio Zaragoza, Puebla, Mexico","Queen performed at Estadio de Beisbol Ignacio Zaragoza in Puebla, Mexico.",1981-10-17,ExactDate,Concert,30,Curated,queenconcerts-549,https://www.queenconcerts.com/detail/live/549/queen-live-17-10-1981-estadio-de-beisbol-ignacio-zaragoza-puebla-mexico.html
"Queen at Estadio de Beisbol Ignacio Zaragoza, Puebla, Mexico","Queen performed at Estadio de Beisbol Ignacio Zaragoza in Puebla, Mexico.",1981-10-18,ExactDate,Concert,30,Curated,queenconcerts-550,https://www.queenconcerts.com/detail/live/550/queen-live-18-10-1981-estadio-de-beisbol-ignacio-zaragoza-puebla-mexico.html
"Queen at Forum, Montreal, Canada","Queen performed at Forum in Montreal, Canada.",1981-11-25,ExactDate,Concert,30,Curated,queenconcerts-552,https://www.queenconcerts.com/detail/live/552/queen-live-25-11-1981-forum-montreal-canada.html
"Queen at Scandinavium, Gothenburg, Sweden","Queen performed at Scandinavium in Gothenburg, Sweden.",1982-04-09,ExactDate,Concert,30,Curated,queenconcerts-553,https://www.queenconcerts.com/detail/live/553/queen-live-09-04-1982-scandinavium-gothenburg-sweden.html
"Queen at Ice Stadium, Stockholm, Sweden","Queen performed at Ice Stadium in Stockholm, Sweden.",1982-04-10,ExactDate,Concert,30,Curated,queenconcerts-554,https://www.queenconcerts.com/detail/live/554/queen-live-10-04-1982-ice-stadium-stockholm-sweden.html
"Queen at Drammenshallen, Drammen, Norway","Queen performed at Drammenshallen in Drammen, Norway.",1982-04-12,ExactDate,Concert,30,Curated,queenconcerts-555,https://www.queenconcerts.com/detail/live/555/queen-live-12-04-1982-drammenshallen-drammen-norway.html
"Queen at Hallenstadion, Zurich, Switzerland","Queen performed at Hallenstadion in Zurich, Switzerland.",1982-04-16,ExactDate,Concert,30,Curated,queenconcerts-556,https://www.queenconcerts.com/detail/live/556/queen-live-16-04-1982-hallenstadion-zurich-switzerland.html
"Queen at Hallenstadion, Zurich, Switzerland","Queen performed at Hallenstadion in Zurich, Switzerland.",1982-04-17,ExactDate,Concert,30,Curated,queenconcerts-557,https://www.queenconcerts.com/detail/live/557/queen-live-17-04-1982-hallenstadion-zurich-switzerland.html
"Queen at Palais Des Sports, Paris, France","Queen performed at Palais Des Sports in Paris, France.",1982-04-19,ExactDate,Concert,30,Curated,queenconcerts-558,https://www.queenconcerts.com/detail/live/558/queen-live-19-04-1982-palais-des-sports-paris-france.html
"Queen at Palais Des Sports, Lyon, France","Queen performed at Palais Des Sports in Lyon, France.",1982-04-20,ExactDate,Concert,30,Curated,queenconcerts-559,https://www.queenconcerts.com/detail/live/559/queen-live-20-04-1982-palais-des-sports-lyon-france.html
"Queen at Forest National, Brussels, Belgium","Queen performed at Forest National in Brussels, Belgium.",1982-04-22,ExactDate,Concert,30,Curated,queenconcerts-560,https://www.queenconcerts.com/detail/live/560/queen-live-22-04-1982-forest-national-brussels-belgium.html
"Queen at Forest National, Brussels, Belgium","Queen performed at Forest National in Brussels, Belgium.",1982-04-23,ExactDate,Concert,30,Curated,queenconcerts-561,https://www.queenconcerts.com/detail/live/561/queen-live-23-04-1982-forest-national-brussels-belgium.html
"Queen at Groenoordhallen, Leiden, The Netherlands","Queen performed at Groenoordhallen in Leiden, The Netherlands.",1982-04-24,ExactDate,Concert,30,Curated,queenconcerts-562,https://www.queenconcerts.com/detail/live/562/queen-live-24-04-1982-groenoordhallen-leiden-the-netherlands.html
"Queen at Groenoordhallen, Leiden, The Netherlands","Queen performed at Groenoordhallen in Leiden, The Netherlands.",1982-04-25,ExactDate,Concert,30,Curated,queenconcerts-563,https://www.queenconcerts.com/detail/live/563/queen-live-25-04-1982-groenoordhallen-leiden-the-netherlands.html
"Queen at Festhalle, Frankfurt, Germany","Queen performed at Festhalle in Frankfurt, Germany.",1982-04-28,ExactDate,Concert,30,Curated,queenconcerts-564,https://www.queenconcerts.com/detail/live/564/queen-live-28-04-1982-festhalle-frankfurt-germany.html
"Queen at Westfallenhalle, Dortmund, Germany","Queen performed at Westfallenhalle in Dortmund, Germany.",1982-05-01,ExactDate,Concert,30,Curated,queenconcerts-566,https://www.queenconcerts.com/detail/live/566/queen-live-01-05-1982-westfallenhalle-dortmund-germany.html
"Queen at Palais Des Sports, Paris, France","Queen performed at Palais Des Sports in Paris, France.",1982-05-03,ExactDate,Concert,30,Curated,queenconcerts-567,https://www.queenconcerts.com/detail/live/567/queen-live-03-05-1982-palais-des-sports-paris-france.html
"Queen at Eilenriedehalle, Hanover, Germany","Queen performed at Eilenriedehalle in Hanover, Germany.",1982-05-05,ExactDate,Concert,30,Curated,queenconcerts-568,https://www.queenconcerts.com/detail/live/568/queen-live-05-05-1982-eilenriedehalle-hanover-germany.html
"Queen at Sporthalle, Cologne, Germany","Queen performed at Sporthalle in Cologne, Germany.",1982-05-06,ExactDate,Concert,30,Curated,queenconcerts-569,https://www.queenconcerts.com/detail/live/569/queen-live-06-05-1982-sporthalle-cologne-germany.html
"Queen at Sporthalle, Cologne, Germany","Queen performed at Sporthalle in Cologne, Germany.",1982-05-07,ExactDate,Concert,30,Curated,queenconcerts-570,https://www.queenconcerts.com/detail/live/570/queen-live-07-05-1982-sporthalle-cologne-germany.html
"Queen at Carl-Diem Halle, Wurzburg, Germany","Queen performed at Carl-Diem Halle in Wurzburg, Germany.",1982-05-09,ExactDate,Concert,30,Curated,queenconcerts-571,https://www.queenconcerts.com/detail/live/571/queen-live-09-05-1982-carl-diem-halle-wurzburg-germany.html
"Queen at Sporthalle, Boblingen, Germany","Queen performed at Sporthalle in Boblingen, Germany.",1982-05-10,ExactDate,Concert,30,Curated,queenconcerts-572,https://www.queenconcerts.com/detail/live/572/queen-live-10-05-1982-sporthalle-boblingen-germany.html
"Queen at Stadthalle, Vienna, Austria","Queen performed at Stadthalle in Vienna, Austria.",1982-05-12,ExactDate,Concert,30,Curated,queenconcerts-573,https://www.queenconcerts.com/detail/live/573/queen-live-12-05-1982-stadthalle-vienna-austria.html
"Queen at Stadthalle, Vienna, Austria","Queen performed at Stadthalle in Vienna, Austria.",1982-05-13,ExactDate,Concert,30,Curated,queenconcerts-574,https://www.queenconcerts.com/detail/live/574/queen-live-13-05-1982-stadthalle-vienna-austria.html
"Queen at Waldbühne, Berlin, Germany","Queen performed at Waldbühne in Berlin, Germany.",1982-05-15,ExactDate,Concert,30,Curated,queenconcerts-575,https://www.queenconcerts.com/detail/live/575/queen-live-15-05-1982-waldbuhne-berlin-germany.html
"Queen at Ernst-Merck Halle, Hamburg, Germany","Queen performed at Ernst-Merck Halle in Hamburg, Germany.",1982-05-16,ExactDate,Concert,30,Curated,queenconcerts-576,https://www.queenconcerts.com/detail/live/576/queen-live-16-05-1982-ernst-merck-halle-hamburg-germany.html
"Queen at Eissporthalle, Kassel, Germany","Queen performed at Eissporthalle in Kassel, Germany.",1982-05-18,ExactDate,Concert,30,Curated,queenconcerts-577,https://www.queenconcerts.com/detail/live/577/queen-live-18-05-1982-eissporthalle-kassel-germany.html
"Queen at Olympiahalle, Munich, Germany","Queen performed at Olympiahalle in Munich, Germany.",1982-05-21,ExactDate,Concert,30,Curated,queenconcerts-578,https://www.queenconcerts.com/detail/live/578/queen-live-21-05-1982-olympiahalle-munich-germany.html
"Queen at Olympiahalle, Munich, Germany","Queen performed at Olympiahalle in Munich, Germany.",1982-05-22,ExactDate,Concert,30,Curated,queenconcerts-1727,https://www.queenconcerts.com/detail/live/1727/queen-live-22-05-1982-olympiahalle-munich-germany.html
"Queen at Ingliston Showground, Edinburgh, UK","Queen performed at Ingliston Showground in Edinburgh, UK.",1982-06-02,ExactDate,Concert,30,Curated,queenconcerts-581,https://www.queenconcerts.com/detail/live/581/queen-live-02-06-1982-ingliston-showground-edinburgh-uk.html
"Queen at Forum, Montreal, Canada","Queen performed at Forum in Montreal, Canada.",1982-07-21,ExactDate,Concert,30,Curated,queenconcerts-583,https://www.queenconcerts.com/detail/live/583/queen-live-21-07-1982-forum-montreal-canada.html
"Queen at Garden, Boston, USA","Queen performed at Garden in Boston, USA.",1982-07-23,ExactDate,Concert,30,Curated,queenconcerts-584,https://www.queenconcerts.com/detail/live/584/queen-live-23-07-1982-garden-boston-ma-usa.html
"Queen at The Spectrum, Philadelphia, USA","Queen performed at The Spectrum in Philadelphia, USA.",1982-07-24,ExactDate,Concert,30,Curated,queenconcerts-585,https://www.queenconcerts.com/detail/live/585/queen-live-24-07-1982-the-spectrum-philadelphia-pa-usa.html
"Queen at Capital Centre, Landover, USA","Queen performed at Capital Centre in Landover, USA.",1982-07-25,ExactDate,Concert,30,Curated,queenconcerts-586,https://www.queenconcerts.com/detail/live/586/queen-live-25-07-1982-capital-centre-landover-md-usa.html
"Queen at Madison Square Garden, New York, USA","Queen performed at Madison Square Garden in New York, USA.",1982-07-27,ExactDate,Concert,30,Curated,queenconcerts-587,https://www.queenconcerts.com/detail/live/587/queen-live-27-07-1982-madison-square-garden-new-york-ny-usa.html
"Queen at Madison Square Garden, New York, USA","Queen performed at Madison Square Garden in New York, USA.",1982-07-28,ExactDate,Concert,30,Curated,queenconcerts-588,https://www.queenconcerts.com/detail/live/588/queen-live-28-07-1982-madison-square-garden-new-york-ny-usa.html
"Queen at Coliseum, Richfield, USA","Queen performed at Coliseum in Richfield, USA.",1982-07-31,ExactDate,Concert,30,Curated,queenconcerts-589,https://www.queenconcerts.com/detail/live/589/queen-live-31-07-1982-coliseum-richfield-oh-usa.html
"Queen at Maple Leaf Gardens, Toronto, Canada","Queen performed at Maple Leaf Gardens in Toronto, Canada.",1982-08-03,ExactDate,Concert,30,Curated,queenconcerts-591,https://www.queenconcerts.com/detail/live/591/queen-live-03-08-1982-maple-leaf-gardens-toronto-canada.html
"Queen at Market Square Arena, Indianapolis, USA","Queen performed at Market Square Arena in Indianapolis, USA.",1982-08-05,ExactDate,Concert,30,Curated,queenconcerts-592,https://www.queenconcerts.com/detail/live/592/queen-live-05-08-1982-market-square-arena-indianapolis-in-usa.html
"Queen at Joe Louis Arena, Detroit, USA","Queen performed at Joe Louis Arena in Detroit, USA.",1982-08-06,ExactDate,Concert,30,Curated,queenconcerts-593,https://www.queenconcerts.com/detail/live/593/queen-live-06-08-1982-joe-louis-arena-detroit-mi-usa.html
"Queen at Riverfront Coliseum, Cincinnati, USA","Queen performed at Riverfront Coliseum in Cincinnati, USA.",1982-08-07,ExactDate,Concert,30,Curated,queenconcerts-594,https://www.queenconcerts.com/detail/live/594/queen-live-07-08-1982-riverfront-coliseum-cincinnati-oh-usa.html
"Queen at Brendan Byrne Arena, East Rutherford, USA","Queen performed at Brendan Byrne Arena in East Rutherford, USA.",1982-08-09,ExactDate,Concert,30,Curated,queenconcerts-595,https://www.queenconcerts.com/detail/live/595/queen-live-09-08-1982-brendan-byrne-arena-east-rutherford-nj-usa.html
"Queen at Coliseum, New Haven, USA","Queen performed at Coliseum in New Haven, USA.",1982-08-10,ExactDate,Concert,30,Curated,queenconcerts-596,https://www.queenconcerts.com/detail/live/596/queen-live-10-08-1982-coliseum-new-haven-ct-usa.html
"Queen at Poplar Creek Music Theater, Hoffman Estates, USA","Queen performed at Poplar Creek Music Theater in Hoffman Estates, USA.",1982-08-13,ExactDate,Concert,30,Curated,queenconcerts-597,https://www.queenconcerts.com/detail/live/597/queen-live-13-08-1982-poplar-creek-music-theater-hoffman-estates-il-usa.html
"Queen at Poplar Creek Music Theater, Hoffman Estates, USA","Queen performed at Poplar Creek Music Theater in Hoffman Estates, USA.",1982-08-14,ExactDate,Concert,30,Curated,queenconcerts-598,https://www.queenconcerts.com/detail/live/598/queen-live-14-08-1982-poplar-creek-music-theater-hoffman-estates-il-usa.html
"Queen at Civic Centre, St. Paul, USA","Queen performed at Civic Centre in St. Paul, USA.",1982-08-15,ExactDate,Concert,30,Curated,queenconcerts-599,https://www.queenconcerts.com/detail/live/599/queen-live-15-08-1982-civic-centre-st-paul-mn-usa.html
"Queen at Mississippi Coast Coliseum, Biloxi, USA","Queen performed at Mississippi Coast Coliseum in Biloxi, USA.",1982-08-19,ExactDate,Concert,30,Curated,queenconcerts-600,https://www.queenconcerts.com/detail/live/600/queen-live-19-08-1982-mississippi-coast-coliseum-biloxi-ms-usa.html
"Queen at Summit, Houston, USA","Queen performed at Summit in Houston, USA.",1982-08-20,ExactDate,Concert,30,Curated,queenconcerts-601,https://www.queenconcerts.com/detail/live/601/queen-live-20-08-1982-summit-houston-tx-usa.html
"Queen at Reunion, Dallas, USA","Queen performed at Reunion in Dallas, USA.",1982-08-21,ExactDate,Concert,30,Curated,queenconcerts-602,https://www.queenconcerts.com/detail/live/602/queen-live-21-08-1982-reunion-dallas-tx-usa.html
"Queen at Omni, Atlanta, USA","Queen performed at Omni in Atlanta, USA.",1982-08-24,ExactDate,Concert,30,Curated,queenconcerts-603,https://www.queenconcerts.com/detail/live/603/queen-live-24-08-1982-omni-atlanta-ga-usa.html
"Queen at Myriad, Oklahoma City, USA","Queen performed at Myriad in Oklahoma City, USA.",1982-08-27,ExactDate,Concert,30,Curated,queenconcerts-605,https://www.queenconcerts.com/detail/live/605/queen-live-27-08-1982-myriad-oklahoma-city-ok-usa.html
"Queen at Kemper Arena, Kansas City, USA","Queen performed at Kemper Arena in Kansas City, USA.",1982-08-28,ExactDate,Concert,30,Curated,queenconcerts-606,https://www.queenconcerts.com/detail/live/606/queen-live-28-08-1982-kemper-arena-kansas-city-mo-usa.html
"Queen at McNichols Arena, Denver, USA","Queen performed at McNichols Arena in Denver, USA.",1982-08-30,ExactDate,Concert,30,Curated,queenconcerts-607,https://www.queenconcerts.com/detail/live/607/queen-live-30-08-1982-mcnichols-arena-denver-co-usa.html
"Queen at Coliseum, Portland, USA","Queen performed at Coliseum in Portland, USA.",1982-09-02,ExactDate,Concert,30,Curated,queenconcerts-608,https://www.queenconcerts.com/detail/live/608/queen-live-02-09-1982-coliseum-portland-or-usa.html
"Queen at Coliseum, Seattle, USA","Queen performed at Coliseum in Seattle, USA.",1982-09-03,ExactDate,Concert,30,Curated,queenconcerts-609,https://www.queenconcerts.com/detail/live/609/queen-live-03-09-1982-coliseum-seattle-wa-usa.html
"Queen at PNE Coliseum, Vancouver, Canada","Queen performed at PNE Coliseum in Vancouver, Canada.",1982-09-04,ExactDate,Concert,30,Curated,queenconcerts-610,https://www.queenconcerts.com/detail/live/610/queen-live-04-09-1982-pne-coliseum-vancouver-canada.html
"Queen at Oakland Coliseum Arena, Oakland, USA","Queen performed at Oakland Coliseum Arena in Oakland, USA.",1982-09-07,ExactDate,Concert,30,Curated,queenconcerts-611,https://www.queenconcerts.com/detail/live/611/queen-live-07-09-1982-oakland-coliseum-arena-oakland-ca-usa.html
"Queen at Veteran's Memorial Coliseum, Phoenix, USA","Queen performed at Veteran's Memorial Coliseum in Phoenix, USA.",1982-09-10,ExactDate,Concert,30,Curated,queenconcerts-612,https://www.queenconcerts.com/detail/live/612/queen-live-10-09-1982-veterans-memorial-coliseum-phoenix-az-usa.html
"Queen at Irvine Meadows, Irvine, USA","Queen performed at Irvine Meadows in Irvine, USA.",1982-09-11,ExactDate,Concert,30,Curated,queenconcerts-613,https://www.queenconcerts.com/detail/live/613/queen-live-11-09-1982-irvine-meadows-irvine-ca-usa.html
"Queen at Irvine Meadows, Irvine, USA","Queen performed at Irvine Meadows in Irvine, USA.",1982-09-12,ExactDate,Concert,30,Curated,queenconcerts-614,https://www.queenconcerts.com/detail/live/614/queen-live-12-09-1982-irvine-meadows-irvine-ca-usa.html
"Queen at Forum, Inglewood, USA","Queen performed at Forum in Inglewood, USA.",1982-09-14,ExactDate,Concert,30,Curated,queenconcerts-615,https://www.queenconcerts.com/detail/live/615/queen-live-14-09-1982-forum-inglewood-ca-usa.html
"Queen at Kyuden Auditorium, Fukuoka, Japan","Queen performed at Kyuden Auditorium in Fukuoka, Japan.",1982-10-19,ExactDate,Concert,30,Curated,queenconcerts-617,https://www.queenconcerts.com/detail/live/617/queen-live-19-10-1982-kyuden-auditorium-fukuoka-japan.html
"Queen at Kyuden Auditorium, Fukuoka, Japan","Queen performed at Kyuden Auditorium in Fukuoka, Japan.",1982-10-20,ExactDate,Concert,30,Curated,queenconcerts-618,https://www.queenconcerts.com/detail/live/618/queen-live-20-10-1982-kyuden-auditorium-fukuoka-japan.html
"Queen at Hankyu Nishinomiya Stadium, Nishinomiya, Japan","Queen performed at Hankyu Nishinomiya Stadium in Nishinomiya, Japan.",1982-10-24,ExactDate,Concert,30,Curated,queenconcerts-619,https://www.queenconcerts.com/detail/live/619/queen-live-24-10-1982-hankyu-nishinomiya-stadium-nishinomiya-japan.html
"Queen at Kosusai Tenjijo, Nagoya, Japan","Queen performed at Kosusai Tenjijo in Nagoya, Japan.",1982-10-26,ExactDate,Concert,30,Curated,queenconcerts-620,https://www.queenconcerts.com/detail/live/620/queen-live-26-10-1982-kosusai-tenjijo-nagoya-japan.html
"Queen at Hokkaidoritso Sangyo Kyoshinajaijo, Sapporo, Japan","Queen performed at Hokkaidoritso Sangyo Kyoshinajaijo in Sapporo, Japan.",1982-10-29,ExactDate,Concert,30,Curated,queenconcerts-621,https://www.queenconcerts.com/detail/live/621/queen-live-29-10-1982-hokkaidoritso-sangyo-kyoshinajaijo-sapporo-japan.html
"Queen at Seibu Lions Stadium, Tokorozawa, Japan","Queen performed at Seibu Lions Stadium in Tokorozawa, Japan.",1982-11-03,ExactDate,Concert,30,Curated,queenconcerts-622,https://www.queenconcerts.com/detail/live/622/queen-live-03-11-1982-seibu-lions-stadium-tokorozawa-japan.html
"Queen at RDS Simmons Hall, Dublin, Ireland","Queen performed at RDS Simmons Hall in Dublin, Ireland.",1984-08-28,ExactDate,Concert,30,Curated,queenconcerts-626,https://www.queenconcerts.com/detail/live/626/queen-live-28-08-1984-rds-simmons-hall-dublin-ireland.html
"Queen at RDS Simmons Hall, Dublin, Ireland","Queen performed at RDS Simmons Hall in Dublin, Ireland.",1984-08-29,ExactDate,Concert,30,Curated,queenconcerts-627,https://www.queenconcerts.com/detail/live/627/queen-live-29-08-1984-rds-simmons-hall-dublin-ireland.html
"Queen at National Exhibition Centre, Birmingham, UK","Queen performed at National Exhibition Centre in Birmingham, UK.",1984-08-31,ExactDate,Concert,30,Curated,queenconcerts-628,https://www.queenconcerts.com/detail/live/628/queen-live-31-08-1984-national-exhibition-centre-birmingham-uk.html
"Queen at National Exhibition Centre, Birmingham, UK","Queen performed at National Exhibition Centre in Birmingham, UK.",1984-09-02,ExactDate,Concert,30,Curated,queenconcerts-630,https://www.queenconcerts.com/detail/live/630/queen-live-02-09-1984-national-exhibition-centre-birmingham-uk.html
"Queen at Wembley Arena, London, UK","Queen performed at Wembley Arena in London, UK.",1984-09-05,ExactDate,Concert,30,Curated,queenconcerts-632,https://www.queenconcerts.com/detail/live/632/queen-live-05-09-1984-wembley-arena-london-uk.html
"Queen at Wembley Arena, London, UK","Queen performed at Wembley Arena in London, UK.",1984-09-07,ExactDate,Concert,30,Curated,queenconcerts-633,https://www.queenconcerts.com/detail/live/633/queen-live-07-09-1984-wembley-arena-london-uk.html
"Queen at Wembley Arena, London, UK","Queen performed at Wembley Arena in London, UK.",1984-09-08,ExactDate,Concert,30,Curated,queenconcerts-634,https://www.queenconcerts.com/detail/live/634/queen-live-08-09-1984-wembley-arena-london-uk.html
"Queen at Westallenhalle, Dortmund, Germany","Queen performed at Westallenhalle in Dortmund, Germany.",1984-09-11,ExactDate,Concert,30,Curated,queenconcerts-635,https://www.queenconcerts.com/detail/live/635/queen-live-11-09-1984-westallenhalle-dortmund-germany.html
"Queen at Sportspalace, Milan, Italy","Queen performed at Sportspalace in Milan, Italy.",1984-09-15,ExactDate,Concert,30,Curated,queenconcerts-637,https://www.queenconcerts.com/detail/live/637/queen-live-15-09-1984-sportspalace-milan-italy.html
"Queen at Olympiahalle, Munich, Germany","Queen performed at Olympiahalle in Munich, Germany.",1984-09-16,ExactDate,Concert,30,Curated,queenconcerts-638,https://www.queenconcerts.com/detail/live/638/queen-live-16-09-1984-olympiahalle-munich-germany.html
"Queen at Palais Omnisports de Bercy, Paris, France","Queen performed at Palais Omnisports de Bercy in Paris, France.",1984-09-18,ExactDate,Concert,30,Curated,queenconcerts-639,https://www.queenconcerts.com/detail/live/639/queen-live-18-09-1984-palais-omnisports-de-bercy-paris-france.html
"Queen at Groenoordhallen, Leiden, The Netherlands","Queen performed at Groenoordhallen in Leiden, The Netherlands.",1984-09-20,ExactDate,Concert,30,Curated,queenconcerts-640,https://www.queenconcerts.com/detail/live/640/queen-live-20-09-1984-groenoordhallen-leiden-the-netherlands.html
"Queen at Forest National, Brussels, Belgium","Queen performed at Forest National in Brussels, Belgium.",1984-09-21,ExactDate,Concert,30,Curated,queenconcerts-641,https://www.queenconcerts.com/detail/live/641/queen-live-21-09-1984-forest-national-brussels-belgium.html
"Queen at Europahalle, Hanover, Germany","Queen performed at Europahalle in Hanover, Germany.",1984-09-22,ExactDate,Concert,30,Curated,queenconcerts-642,https://www.queenconcerts.com/detail/live/642/queen-live-22-09-1984-europahalle-hanover-germany.html
"Queen at Deutschlandhalle, Berlin, Germany","Queen performed at Deutschlandhalle in Berlin, Germany.",1984-09-24,ExactDate,Concert,30,Curated,queenconcerts-643,https://www.queenconcerts.com/detail/live/643/queen-live-24-09-1984-deutschlandhalle-berlin-germany.html
"Queen at Festhalle, Frankfurt, Germany","Queen performed at Festhalle in Frankfurt, Germany.",1984-09-26,ExactDate,Concert,30,Curated,queenconcerts-644,https://www.queenconcerts.com/detail/live/644/queen-live-26-09-1984-festhalle-frankfurt-germany.html
"Queen at Schleyerhalle, Stuttgart, Germany","Queen performed at Schleyerhalle in Stuttgart, Germany.",1984-09-27,ExactDate,Concert,30,Curated,queenconcerts-645,https://www.queenconcerts.com/detail/live/645/queen-live-27-09-1984-schleyerhalle-stuttgart-germany.html
"Queen at Stadthalle, Vienna, Austria","Queen performed at Stadthalle in Vienna, Austria.",1984-09-29,ExactDate,Concert,30,Curated,queenconcerts-646,https://www.queenconcerts.com/detail/live/646/queen-live-29-09-1984-stadthalle-vienna-austria.html
"Queen at Super Bowl, Sun City, Bophuthatswana","Queen performed at Super Bowl in Sun City, Bophuthatswana.",1984-10-06,ExactDate,Concert,30,Curated,queenconcerts-1735,https://www.queenconcerts.com/detail/live/1735/queen-live-06-10-1984-super-bowl-sun-city-bophuthatswana.html
"Queen at Super Bowl, Sun City, Bophuthatswana","Queen performed at Super Bowl in Sun City, Bophuthatswana.",1984-10-07,ExactDate,Concert,30,Curated,queenconcerts-1736,https://www.queenconcerts.com/detail/live/1736/queen-live-07-10-1984-super-bowl-sun-city-bophuthatswana.html
"Queen at Super Bowl, Sun City, Bophuthatswana","Queen performed at Super Bowl in Sun City, Bophuthatswana.",1984-10-10,ExactDate,Concert,30,Curated,queenconcerts-1737,https://www.queenconcerts.com/detail/live/1737/queen-live-10-10-1984-super-bowl-sun-city-bophuthatswana.html
"Queen at Super Bowl, Sun City, Bophuthatswana","Queen performed at Super Bowl in Sun City, Bophuthatswana.",1984-10-13,ExactDate,Concert,30,Curated,queenconcerts-650,https://www.queenconcerts.com/detail/live/650/queen-live-13-10-1984-super-bowl-sun-city-bophuthatswana.html
"Queen at Super Bowl, Sun City, Bophuthatswana","Queen performed at Super Bowl in Sun City, Bophuthatswana.",1984-10-14,ExactDate,Concert,30,Curated,queenconcerts-651,https://www.queenconcerts.com/detail/live/651/queen-live-14-10-1984-super-bowl-sun-city-bophuthatswana.html
"Queen at Super Bowl, Sun City, Bophuthatswana","Queen performed at Super Bowl in Sun City, Bophuthatswana.",1984-10-18,ExactDate,Concert,30,Curated,queenconcerts-652,https://www.queenconcerts.com/detail/live/652/queen-live-18-10-1984-super-bowl-sun-city-bophuthatswana.html
"Queen at Super Bowl, Sun City, Bophuthatswana","Queen performed at Super Bowl in Sun City, Bophuthatswana.",1984-10-19,ExactDate,Concert,30,Curated,queenconcerts-653,https://www.queenconcerts.com/detail/live/653/queen-live-19-10-1984-super-bowl-sun-city-bophuthatswana.html
"Queen at Super Bowl, Sun City, Bophuthatswana","Queen performed at Super Bowl in Sun City, Bophuthatswana.",1984-10-20,ExactDate,Concert,30,Curated,queenconcerts-654,https://www.queenconcerts.com/detail/live/654/queen-live-20-10-1984-super-bowl-sun-city-bophuthatswana.html
"Queen at Sports & Entertainments Centre, Melbourne, Australia","Queen performed at Sports & Entertainments Centre in Melbourne, Australia.",1985-04-16,ExactDate,Concert,30,Curated,queenconcerts-658,https://www.queenconcerts.com/detail/live/658/queen-live-16-04-1985-sports-entertainments-centre-melbourne-australia.html
"Queen at Sports & Entertainments Centre, Melbourne, Australia","Queen performed at Sports & Entertainments Centre in Melbourne, Australia.",1985-04-17,ExactDate,Concert,30,Curated,queenconcerts-659,https://www.queenconcerts.com/detail/live/659/queen-live-17-04-1985-sports-entertainments-centre-melbourne-australia.html
"Queen at Sports & Entertainments Centre, Melbourne, Australia","Queen performed at Sports & Entertainments Centre in Melbourne, Australia.",1985-04-19,ExactDate,Concert,30,Curated,queenconcerts-660,https://www.queenconcerts.com/detail/live/660/queen-live-19-04-1985-sports-entertainments-centre-melbourne-australia.html
"Queen at Sports & Entertainments Centre, Melbourne, Australia","Queen performed at Sports & Entertainments Centre in Melbourne, Australia.",1985-04-20,ExactDate,Concert,30,Curated,queenconcerts-661,https://www.queenconcerts.com/detail/live/661/queen-live-20-04-1985-sports-entertainments-centre-melbourne-australia.html
"Queen at Entertainments Centre, Sydney, Australia","Queen performed at Entertainments Centre in Sydney, Australia.",1985-04-25,ExactDate,Concert,30,Curated,queenconcerts-662,https://www.queenconcerts.com/detail/live/662/queen-live-25-04-1985-entertainments-centre-sydney-australia.html
"Queen at Entertainments Centre, Sydney, Australia","Queen performed at Entertainments Centre in Sydney, Australia.",1985-04-26,ExactDate,Concert,30,Curated,queenconcerts-663,https://www.queenconcerts.com/detail/live/663/queen-live-26-04-1985-entertainments-centre-sydney-australia.html
"Queen at Entertainments Centre, Sydney, Australia","Queen performed at Entertainments Centre in Sydney, Australia.",1985-04-28,ExactDate,Concert,30,Curated,queenconcerts-664,https://www.queenconcerts.com/detail/live/664/queen-live-28-04-1985-entertainments-centre-sydney-australia.html
"Queen at Entertainments Centre, Sydney, Australia","Queen performed at Entertainments Centre in Sydney, Australia.",1985-04-29,ExactDate,Concert,30,Curated,queenconcerts-665,https://www.queenconcerts.com/detail/live/665/queen-live-29-04-1985-entertainments-centre-sydney-australia.html
"Queen at Nippon Budokan, Tokyo, Japan","Queen performed at Nippon Budokan in Tokyo, Japan.",1985-05-08,ExactDate,Concert,30,Curated,queenconcerts-666,https://www.queenconcerts.com/detail/live/666/queen-live-08-05-1985-nippon-budokan-tokyo-japan.html
"Queen at Nippon Budokan, Tokyo, Japan","Queen performed at Nippon Budokan in Tokyo, Japan.",1985-05-09,ExactDate,Concert,30,Curated,queenconcerts-667,https://www.queenconcerts.com/detail/live/667/queen-live-09-05-1985-nippon-budokan-tokyo-japan.html
"Queen at Yoyogi Taiikukan, Tokyo, Japan","Queen performed at Yoyogi Taiikukan in Tokyo, Japan.",1985-05-11,ExactDate,Concert,30,Curated,queenconcerts-669,https://www.queenconcerts.com/detail/live/669/queen-live-11-05-1985-yoyogi-taiikukan-tokyo-japan.html
"Queen at Aichi Auditorium, Nagoya, Japan","Queen performed at Aichi Auditorium in Nagoya, Japan.",1985-05-13,ExactDate,Concert,30,Curated,queenconcerts-670,https://www.queenconcerts.com/detail/live/670/queen-live-13-05-1985-aichi-auditorium-nagoya-japan.html
"Queen at Castle Hall, Osaka, Japan","Queen performed at Castle Hall in Osaka, Japan.",1985-05-15,ExactDate,Concert,30,Curated,queenconcerts-671,https://www.queenconcerts.com/detail/live/671/queen-live-15-05-1985-castle-hall-osaka-japan.html
"Queen at Groenoordhallen, Leiden, The Netherlands","Queen performed at Groenoordhallen in Leiden, The Netherlands.",1986-06-11,ExactDate,Concert,30,Curated,queenconcerts-675,https://www.queenconcerts.com/detail/live/675/queen-live-11-06-1986-groenoordhallen-leiden-the-netherlands.html
"Queen at Groenoordhallen, Leiden, The Netherlands","Queen performed at Groenoordhallen in Leiden, The Netherlands.",1986-06-12,ExactDate,Concert,30,Curated,queenconcerts-676,https://www.queenconcerts.com/detail/live/676/queen-live-12-06-1986-groenoordhallen-leiden-the-netherlands.html
"Queen at Hippodrome de Vincennes, Paris, France","Queen performed at Hippodrome de Vincennes in Paris, France.",1986-06-14,ExactDate,Concert,30,Curated,queenconcerts-677,https://www.queenconcerts.com/detail/live/677/queen-live-14-06-1986-hippodrome-de-vincennes-paris-france.html
"Queen at Forest National, Brussels, Belgium","Queen performed at Forest National in Brussels, Belgium.",1986-06-17,ExactDate,Concert,30,Curated,queenconcerts-678,https://www.queenconcerts.com/detail/live/678/queen-live-17-06-1986-forest-national-brussels-belgium.html
"Queen at Groenoordhallen, Leiden, The Netherlands","Queen performed at Groenoordhallen in Leiden, The Netherlands.",1986-06-19,ExactDate,Concert,30,Curated,queenconcerts-679,https://www.queenconcerts.com/detail/live/679/queen-live-19-06-1986-groenoordhallen-leiden-the-netherlands.html
"Queen at Maimarktgelände, Mannheim, Germany","Queen performed at Maimarktgelände in Mannheim, Germany.",1986-06-21,ExactDate,Concert,30,Curated,queenconcerts-680,https://www.queenconcerts.com/detail/live/680/queen-live-21-06-1986-maimarktgelande-mannheim-germany.html
"Queen at Olympiahalle, Munich, Germany","Queen performed at Olympiahalle in Munich, Germany.",1986-06-28,ExactDate,Concert,30,Curated,queenconcerts-682,https://www.queenconcerts.com/detail/live/682/queen-live-28-06-1986-olympiahalle-munich-germany.html
"Queen at Olympiahalle, Munich, Germany","Queen performed at Olympiahalle in Munich, Germany.",1986-06-29,ExactDate,Concert,30,Curated,queenconcerts-683,https://www.queenconcerts.com/detail/live/683/queen-live-29-06-1986-olympiahalle-munich-germany.html
"Queen at Hallenstadion, Zurich, Switzerland","Queen performed at Hallenstadion in Zurich, Switzerland.",1986-07-01,ExactDate,Concert,30,Curated,queenconcerts-684,https://www.queenconcerts.com/detail/live/684/queen-live-01-07-1986-hallenstadion-zurich-switzerland.html
"Queen at Hallenstadion, Zurich, Switzerland","Queen performed at Hallenstadion in Zurich, Switzerland.",1986-07-02,ExactDate,Concert,30,Curated,queenconcerts-685,https://www.queenconcerts.com/detail/live/685/queen-live-02-07-1986-hallenstadion-zurich-switzerland.html
"Queen at St. James Park, Newcastle, UK","Queen performed at St. James Park in Newcastle, UK.",1986-07-09,ExactDate,Concert,30,Curated,queenconcerts-687,https://www.queenconcerts.com/detail/live/687/queen-live-09-07-1986-st-james-park-newcastle-uk.html
"Queen at Wembley Stadium, London, UK","Queen performed at Wembley Stadium in London, UK.",1986-07-12,ExactDate,Concert,30,Curated,queenconcerts-689,https://www.queenconcerts.com/detail/live/689/queen-live-12-07-1986-wembley-stadium-london-uk.html
"Queen at Maine Road, Manchester, UK","Queen performed at Maine Road in Manchester, UK.",1986-07-16,ExactDate,Concert,30,Curated,queenconcerts-691,https://www.queenconcerts.com/detail/live/691/queen-live-16-07-1986-maine-road-manchester-uk.html
"Queen at Stadthalle, Vienna, Austria","Queen performed at Stadthalle in Vienna, Austria.",1986-07-21,ExactDate,Concert,30,Curated,queenconcerts-693,https://www.queenconcerts.com/detail/live/693/queen-live-21-07-1986-stadthalle-vienna-austria.html
"Queen at Stadthalle, Vienna, Austria","Queen performed at Stadthalle in Vienna, Austria.",1986-07-22,ExactDate,Concert,30,Curated,queenconcerts-694,https://www.queenconcerts.com/detail/live/694/queen-live-22-07-1986-stadthalle-vienna-austria.html
"Queen at Rayo Vallecano, Madrid, Spain","Queen performed at Rayo Vallecano in Madrid, Spain.",1986-08-03,ExactDate,Concert,30,Curated,queenconcerts-698,https://www.queenconcerts.com/detail/live/698/queen-live-03-08-1986-rayo-vallecano-madrid-spain.html
"Queen at Estadio Municipal, Marbella, Spain","Queen performed at Estadio Municipal in Marbella, Spain.",1986-08-05,ExactDate,Concert,30,Curated,queenconcerts-699,https://www.queenconcerts.com/detail/live/699/queen-live-05-08-1986-estadio-municipal-marbella-spain.html
Roger Taylor and John Deacon at Cowdray Park,"Roger Taylor and John Deacon performed at Cowdray Park, billed as Queen.",1993-09-18,ExactDate,Concert,40,Curated,queen-concert-special-1993-09-18,https://www.queenonline.com/features/on-the-spotjason-falloon
