QuizTitle,QuizDescription,QuestionText,Category,Difficulty,Points,OptionText,IsCorrect
Queen Quiz: Before the Crown (Part 1),Additional sourced Queen questions for editorial review.,Which future Queen drummer answered Brian May's noticeboard advert?,Smile,medium,2,Roger Taylor,true
Queen Quiz: Before the Crown (Part 1),,Which future Queen drummer answered Brian May's noticeboard advert?,,,,John Deacon,false
Queen Quiz: Before the Crown (Part 1),,Which future Queen drummer answered Brian May's noticeboard advert?,,,,Brian May,false
Queen Quiz: Before the Crown (Part 1),,Which future Queen drummer answered Brian May's noticeboard advert?,,,,Freddie Mercury,false
Queen Quiz: Before the Crown (Part 1),,At which college did Barry Mitchell first play a Queen gig in August 1970?,Early Queen,hard,4,Chelsea College,false
Queen Quiz: Before the Crown (Part 1),,At which college did Barry Mitchell first play a Queen gig in August 1970?,,,,Ealing College of Art,false
Queen Quiz: Before the Crown (Part 1),,At which college did Barry Mitchell first play a Queen gig in August 1970?,,,,Imperial College,true
Queen Quiz: Before the Crown (Part 1),,At which college did Barry Mitchell first play a Queen gig in August 1970?,,,,Bedford College,false
Queen Quiz: Before the Crown (Part 1),,Who played bass at Queen's first three shows in 1970?,Early Queen,hard,3,Barry Mitchell,false
Queen Quiz: Before the Crown (Part 1),,Who played bass at Queen's first three shows in 1970?,,,,Tim Staffell,false
Queen Quiz: Before the Crown (Part 1),,Who played bass at Queen's first three shows in 1970?,,,,John Deacon,false
Queen Quiz: Before the Crown (Part 1),,Who played bass at Queen's first three shows in 1970?,,,,Mike Grose,true
Queen Quiz: Before the Crown (Part 1),,At what type of venue did John Deacon organise a 1972 Queen gig attended by just six people?,Early Queen,hard,3,Rainbow Theatre,false
Queen Quiz: Before the Crown (Part 1),,At what type of venue did John Deacon organise a 1972 Queen gig attended by just six people?,,,,Hyde Park,false
Queen Quiz: Before the Crown (Part 1),,At what type of venue did John Deacon organise a 1972 Queen gig attended by just six people?,,,,Royal Albert Hall,false
Queen Quiz: Before the Crown (Part 1),,At what type of venue did John Deacon organise a 1972 Queen gig attended by just six people?,,,,Bedford College,true
Queen Quiz: Before the Crown (Part 1),,Which qualification did Freddie gain from Ealing College of Art in 1969?,Freddie Mercury,hard,3,A degree in physics,false
Queen Quiz: Before the Crown (Part 1),,Which qualification did Freddie gain from Ealing College of Art in 1969?,,,,A biology degree,false
Queen Quiz: Before the Crown (Part 1),,Which qualification did Freddie gain from Ealing College of Art in 1969?,,,,A dentistry diploma,false
Queen Quiz: Before the Crown (Part 1),,Which qualification did Freddie gain from Ealing College of Art in 1969?,,,,A diploma in graphic art and design,true
Queen Quiz: Before the Crown (Part 1),,Which London market did Freddie and Roger run a stall in?,Freddie Mercury,hard,3,Kensington Market,true
Queen Quiz: Before the Crown (Part 1),,Which London market did Freddie and Roger run a stall in?,,,,Camden Market,false
Queen Quiz: Before the Crown (Part 1),,Which London market did Freddie and Roger run a stall in?,,,,Portobello Road Market,false
Queen Quiz: Before the Crown (Part 1),,Which London market did Freddie and Roger run a stall in?,,,,Covent Garden Market,false
Queen Quiz: Before the Crown (Part 1),,Which band member earned a biology degree before Queen's debut album?,Early Queen,medium,2,John Deacon,false
Queen Quiz: Before the Crown (Part 1),,Which band member earned a biology degree before Queen's debut album?,,,,Brian May,false
Queen Quiz: Before the Crown (Part 1),,Which band member earned a biology degree before Queen's debut album?,,,,Freddie Mercury,false
Queen Quiz: Before the Crown (Part 1),,Which band member earned a biology degree before Queen's debut album?,,,,Roger Taylor,true
Queen Quiz: Before the Crown (Part 1),,In which town did Brian May and his father begin building the Red Special?,Brian May,hard,3,Feltham,true
Queen Quiz: Before the Crown (Part 1),,In which town did Brian May and his father begin building the Red Special?,,,,Hampton,false
Queen Quiz: Before the Crown (Part 1),,In which town did Brian May and his father begin building the Red Special?,,,,Twickenham,false
Queen Quiz: Before the Crown (Part 1),,In which town did Brian May and his father begin building the Red Special?,,,,Ealing,false
Queen Quiz: Before the Crown (Part 1),,Which Truro venue hosted the first gig actually billed under the name Queen?,Early Queen,hard,4,City Hall,false
Queen Quiz: Before the Crown (Part 1),,Which Truro venue hosted the first gig actually billed under the name Queen?,,,,PJ's,true
Queen Quiz: Before the Crown (Part 1),,Which Truro venue hosted the first gig actually billed under the name Queen?,,,,The Marquee,false
Queen Quiz: Before the Crown (Part 1),,Which Truro venue hosted the first gig actually billed under the name Queen?,,,,Tregye Country Club,false
Queen Quiz: Before the Crown (Part 1),,"Which pre-Queen band included Freddie, Mike Bersin and Tupp Taylor?",Freddie Mercury,hard,3,Smile,false
Queen Quiz: Before the Crown (Part 1),,"Which pre-Queen band included Freddie, Mike Bersin and Tupp Taylor?",,,,The Art,false
Queen Quiz: Before the Crown (Part 1),,"Which pre-Queen band included Freddie, Mike Bersin and Tupp Taylor?",,,,Wreckage,true
Queen Quiz: Before the Crown (Part 1),,"Which pre-Queen band included Freddie, Mike Bersin and Tupp Taylor?",,,,The Hectics,false
Queen Quiz: Before the Crown (Part 1),,What was the venue for 1984's first public gig in October 1964?,Brian May,hard,3,Imperial College,false
Queen Quiz: Before the Crown (Part 1),,What was the venue for 1984's first public gig in October 1964?,,,,St Mary's Church Hall,true
Queen Quiz: Before the Crown (Part 1),,What was the venue for 1984's first public gig in October 1964?,,,,Truro City Hall,false
Queen Quiz: Before the Crown (Part 1),,What was the venue for 1984's first public gig in October 1964?,,,,Royal Albert Hall,false
Queen Quiz: Before the Crown (Part 1),,Which college awarded John Deacon a first-class honours degree in electronics?,John Deacon,hard,3,Chelsea College,true
Queen Quiz: Before the Crown (Part 1),,Which college awarded John Deacon a first-class honours degree in electronics?,,,,Imperial College,false
Queen Quiz: Before the Crown (Part 1),,Which college awarded John Deacon a first-class honours degree in electronics?,,,,Ealing College of Art,false
Queen Quiz: Before the Crown (Part 1),,Which college awarded John Deacon a first-class honours degree in electronics?,,,,Truro School,false
Queen Quiz: Before the Crown (Part 1),,At which unusual Epsom venue did Queen support Arthur Brown's Kingdom Come in 1971?,Early Queen,hard,4,A swimming baths,true
Queen Quiz: Before the Crown (Part 1),,At which unusual Epsom venue did Queen support Arthur Brown's Kingdom Come in 1971?,,,,A racecourse,false
Queen Quiz: Before the Crown (Part 1),,At which unusual Epsom venue did Queen support Arthur Brown's Kingdom Come in 1971?,,,,A cinema,false
Queen Quiz: Before the Crown (Part 1),,At which unusual Epsom venue did Queen support Arthur Brown's Kingdom Come in 1971?,,,,A football ground,false
Queen Quiz: Before the Crown (Part 1),,What was Roger Taylor's Truro band the Cousin Jacks briefly renamed?,Roger Taylor,hard,3,The Falcons,true
Queen Quiz: Before the Crown (Part 1),,What was Roger Taylor's Truro band the Cousin Jacks briefly renamed?,,,,The Hectics,false
Queen Quiz: Before the Crown (Part 1),,What was Roger Taylor's Truro band the Cousin Jacks briefly renamed?,,,,The Reaction,false
Queen Quiz: Before the Crown (Part 1),,What was Roger Taylor's Truro band the Cousin Jacks briefly renamed?,,,,Smile,false
Queen Quiz: Before the Crown (Part 1),,Which company released Queen's debut album in the United States?,Early Queen,hard,3,EMI,false
Queen Quiz: Before the Crown (Part 1),,Which company released Queen's debut album in the United States?,,,,Mercury Records,false
Queen Quiz: Before the Crown (Part 1),,Which company released Queen's debut album in the United States?,,,,Capitol Records,false
Queen Quiz: Before the Crown (Part 1),,Which company released Queen's debut album in the United States?,,,,Elektra Records,true
Queen Quiz: Before the Crown (Part 1),,Which band did Smile support at their first public gig at Imperial College?,Smile,hard,3,The Who,false
Queen Quiz: Before the Crown (Part 1),,Which band did Smile support at their first public gig at Imperial College?,,,,Pink Floyd,true
Queen Quiz: Before the Crown (Part 1),,Which band did Smile support at their first public gig at Imperial College?,,,,Led Zeppelin,false
Queen Quiz: Before the Crown (Part 1),,Which band did Smile support at their first public gig at Imperial College?,,,,The Kinks,false
Queen Quiz: Before the Crown (Part 1),,Which future Queen member studied graphic design at Ealing College of Art?,Early Queen,hard,3,Brian May,false
Queen Quiz: Before the Crown (Part 1),,Which future Queen member studied graphic design at Ealing College of Art?,,,,Freddie Mercury,true
Queen Quiz: Before the Crown (Part 1),,Which future Queen member studied graphic design at Ealing College of Art?,,,,John Deacon,false
Queen Quiz: Before the Crown (Part 1),,Which future Queen member studied graphic design at Ealing College of Art?,,,,Roger Taylor,false
Queen Quiz: Before the Crown (Part 1),,Which band headlined Queen's first outdoor gig near Truro in 1971?,Early Queen,hard,3,Mott the Hoople,false
Queen Quiz: Before the Crown (Part 1),,Which band headlined Queen's first outdoor gig near Truro in 1971?,,,,Pink Floyd,false
Queen Quiz: Before the Crown (Part 1),,Which band headlined Queen's first outdoor gig near Truro in 1971?,,,,Arthur Brown's Kingdom Come,true
Queen Quiz: Before the Crown (Part 1),,Which band headlined Queen's first outdoor gig near Truro in 1971?,,,,The Who,false
Queen Quiz: Before the Crown (Part 1),,Which US label released Smile's 'Earth' single?,Smile,hard,3,Mercury Records,true
Queen Quiz: Before the Crown (Part 1),,Which US label released Smile's 'Earth' single?,,,,EMI,false
Queen Quiz: Before the Crown (Part 1),,Which US label released Smile's 'Earth' single?,,,,Elektra,false
Queen Quiz: Before the Crown (Part 1),,Which US label released Smile's 'Earth' single?,,,,Capitol Records,false
Queen Quiz: Before the Crown (Part 1),,Which guitarist's band 1984 supported Jimi Hendrix at Imperial College in 1967?,Brian May,hard,3,Roger Taylor,false
Queen Quiz: Before the Crown (Part 1),,Which guitarist's band 1984 supported Jimi Hendrix at Imperial College in 1967?,,,,Freddie Mercury,false
Queen Quiz: Before the Crown (Part 1),,Which guitarist's band 1984 supported Jimi Hendrix at Imperial College in 1967?,,,,John Deacon,false
Queen Quiz: Before the Crown (Part 1),,Which guitarist's band 1984 supported Jimi Hendrix at Imperial College in 1967?,,,,Brian May,true
Queen Quiz: Before the Crown (Part 1),,Which school gave Roger Taylor a choral scholarship?,Roger Taylor,hard,3,Truro School,false
Queen Quiz: Before the Crown (Part 1),,Which school gave Roger Taylor a choral scholarship?,,,,Hampton Grammar School,false
Queen Quiz: Before the Crown (Part 1),,Which school gave Roger Taylor a choral scholarship?,,,,St Peter's School,false
Queen Quiz: Before the Crown (Part 1),,Which school gave Roger Taylor a choral scholarship?,,,,Truro Cathedral School,true
Queen Quiz: Before the Crown (Part 1),,At which college disco was John Deacon introduced to Brian May and Roger Taylor?,John Deacon,hard,4,Imperial College,false
Queen Quiz: Before the Crown (Part 1),,At which college disco was John Deacon introduced to Brian May and Roger Taylor?,,,,Maria Assumpta College,true
Queen Quiz: Before the Crown (Part 1),,At which college disco was John Deacon introduced to Brian May and Roger Taylor?,,,,Bedford College,false
Queen Quiz: Before the Crown (Part 1),,At which college disco was John Deacon introduced to Brian May and Roger Taylor?,,,,Chelsea College,false
Queen Quiz: Before the Crown (Part 1),,Which short-lived band did Freddie audition for in Leatherhead?,Freddie Mercury,hard,4,The Reaction,false
Queen Quiz: Before the Crown (Part 1),,Which short-lived band did Freddie audition for in Leatherhead?,,,,Sour Milk Sea,true
Queen Quiz: Before the Crown (Part 1),,Which short-lived band did Freddie audition for in Leatherhead?,,,,The Opposition,false
Queen Quiz: Before the Crown (Part 1),,Which short-lived band did Freddie audition for in Leatherhead?,,,,1984,false
Queen Quiz: Before the Crown (Part 1),,Which band did Smile support at a Richmond Athletic Club gig in early 1969?,Smile,hard,4,Free,false
Queen Quiz: Before the Crown (Part 1),,Which band did Smile support at a Richmond Athletic Club gig in early 1969?,,,,Traffic,false
Queen Quiz: Before the Crown (Part 1),,Which band did Smile support at a Richmond Athletic Club gig in early 1969?,,,,Yes,true
Queen Quiz: Before the Crown (Part 1),,Which band did Smile support at a Richmond Athletic Club gig in early 1969?,,,,Spooky Tooth,false
Queen Quiz: Before the Crown (Part 1),,Which Trident executive saw Queen at a Forest Hill hospital dance and offered a deal?,Early Queen,hard,3,Jack Nelson,false
Queen Quiz: Before the Crown (Part 1),,Which Trident executive saw Queen at a Forest Hill hospital dance and offered a deal?,,,,Barry Sheffield,true
Queen Quiz: Before the Crown (Part 1),,Which Trident executive saw Queen at a Forest Hill hospital dance and offered a deal?,,,,John Anthony,false
Queen Quiz: Before the Crown (Part 1),,Which Trident executive saw Queen at a Forest Hill hospital dance and offered a deal?,,,,Roy Thomas Baker,false
Queen Quiz: Before the Crown (Part 2),Additional sourced Queen questions for editorial review.,"Which production company signed Queen to recording, publishing and management agreements?",Early Queen,hard,3,Trident Audio Productions,true
Queen Quiz: Before the Crown (Part 2),,"Which production company signed Queen to recording, publishing and management agreements?",,,,EMI Records,false
Queen Quiz: Before the Crown (Part 2),,"Which production company signed Queen to recording, publishing and management agreements?",,,,Mercury Records,false
Queen Quiz: Before the Crown (Part 2),,"Which production company signed Queen to recording, publishing and management agreements?",,,,Rocket Records,false
Queen Quiz: Before the Crown (Part 2),,How much weekly pay did Trident agree for each Queen member in 1972?,Early Queen,hard,4,£10,false
Queen Quiz: Before the Crown (Part 2),,How much weekly pay did Trident agree for each Queen member in 1972?,,,,£50,false
Queen Quiz: Before the Crown (Part 2),,How much weekly pay did Trident agree for each Queen member in 1972?,,,,£20,true
Queen Quiz: Before the Crown (Part 2),,How much weekly pay did Trident agree for each Queen member in 1972?,,,,£100,false
Queen Quiz: Before the Crown (Part 2),,In which Indian town was Freddie's St Peter's boarding school?,Freddie Mercury,hard,3,Panchgani,true
Queen Quiz: Before the Crown (Part 2),,In which Indian town was Freddie's St Peter's boarding school?,,,,Mumbai,false
Queen Quiz: Before the Crown (Part 2),,In which Indian town was Freddie's St Peter's boarding school?,,,,Pune,false
Queen Quiz: Before the Crown (Part 2),,In which Indian town was Freddie's St Peter's boarding school?,,,,Goa,false
Queen Quiz: Before the Crown (Part 2),,Which member of Queen played his first public gig with 1984 at St Mary's Church Hall?,Brian May,medium,2,Roger Taylor,false
Queen Quiz: Before the Crown (Part 2),,Which member of Queen played his first public gig with 1984 at St Mary's Church Hall?,,,,Freddie Mercury,false
Queen Quiz: Before the Crown (Part 2),,Which member of Queen played his first public gig with 1984 at St Mary's Church Hall?,,,,Brian May,true
Queen Quiz: Before the Crown (Part 2),,Which member of Queen played his first public gig with 1984 at St Mary's Church Hall?,,,,John Deacon,false
Queen Quiz: Before the Crown (Part 2),,Which bassist played his last Queen shows in January 1971?,Early Queen,hard,3,Mike Grose,false
Queen Quiz: Before the Crown (Part 2),,Which bassist played his last Queen shows in January 1971?,,,,Tim Staffell,false
Queen Quiz: Before the Crown (Part 2),,Which bassist played his last Queen shows in January 1971?,,,,John Deacon,false
Queen Quiz: Before the Crown (Part 2),,Which bassist played his last Queen shows in January 1971?,,,,Barry Mitchell,true
Queen Quiz: Before the Crown (Part 2),,What subject did Freddie study at Isleworth Polytechnic?,Freddie Mercury,medium,2,Physics,false
Queen Quiz: Before the Crown (Part 2),,What subject did Freddie study at Isleworth Polytechnic?,,,,Biology,false
Queen Quiz: Before the Crown (Part 2),,What subject did Freddie study at Isleworth Polytechnic?,,,,Art,true
Queen Quiz: Before the Crown (Part 2),,What subject did Freddie study at Isleworth Polytechnic?,,,,Electronics,false
Queen Quiz: Before the Crown (Part 2),,Which subject did Roger Taylor start studying in London in 1967?,Roger Taylor,hard,3,Biology,false
Queen Quiz: Before the Crown (Part 2),,Which subject did Roger Taylor start studying in London in 1967?,,,,Astronomy,false
Queen Quiz: Before the Crown (Part 2),,Which subject did Roger Taylor start studying in London in 1967?,,,,Fine art,false
Queen Quiz: Before the Crown (Part 2),,Which subject did Roger Taylor start studying in London in 1967?,,,,Dentistry,true
Queen Quiz: Before the Crown (Part 2),,Who introduced Freddie Bulsara to a Smile rehearsal while they were art-college friends?,Smile,hard,3,John Anthony,false
Queen Quiz: Before the Crown (Part 2),,Who introduced Freddie Bulsara to a Smile rehearsal while they were art-college friends?,,,,Tim Staffell,true
Queen Quiz: Before the Crown (Part 2),,Who introduced Freddie Bulsara to a Smile rehearsal while they were art-college friends?,,,,Mike Grose,false
Queen Quiz: Before the Crown (Part 2),,Who introduced Freddie Bulsara to a Smile rehearsal while they were art-college friends?,,,,Barry Mitchell,false
Queen Quiz: Before the Crown (Part 2),,Which Cornish band did Roger Taylor join in 1965 before it became simply Reaction?,Roger Taylor,hard,3,The Cousin Jacks,false
Queen Quiz: Before the Crown (Part 2),,Which Cornish band did Roger Taylor join in 1965 before it became simply Reaction?,,,,Johnny Quale and the Reaction,true
Queen Quiz: Before the Crown (Part 2),,Which Cornish band did Roger Taylor join in 1965 before it became simply Reaction?,,,,The New Opposition,false
Queen Quiz: Before the Crown (Part 2),,Which Cornish band did Roger Taylor join in 1965 before it became simply Reaction?,,,,The Art,false
Queen Quiz: Before the Crown (Part 2),,Who replaced Mike Grose on bass in Queen's early 1970 line-up?,Early Queen,hard,3,Barry Mitchell,true
Queen Quiz: Before the Crown (Part 2),,Who replaced Mike Grose on bass in Queen's early 1970 line-up?,,,,John Deacon,false
Queen Quiz: Before the Crown (Part 2),,Who replaced Mike Grose on bass in Queen's early 1970 line-up?,,,,Tim Staffell,false
Queen Quiz: Before the Crown (Part 2),,Who replaced Mike Grose on bass in Queen's early 1970 line-up?,,,,Clive Castledine,false
Queen Quiz: Before the Crown (Part 2),,At which Indian boarding school did young Freddie Bulsara study?,Freddie Mercury,medium,2,Truro School,false
Queen Quiz: Before the Crown (Part 2),,At which Indian boarding school did young Freddie Bulsara study?,,,,Hampton Grammar,false
Queen Quiz: Before the Crown (Part 2),,At which Indian boarding school did young Freddie Bulsara study?,,,,Beauchamp Grammar,false
Queen Quiz: Before the Crown (Part 2),,At which Indian boarding school did young Freddie Bulsara study?,,,,St Peter's,true
Queen Quiz: Before the Crown (Part 2),,At what kind of event did The Opposition play their first public gig?,John Deacon,hard,4,A house party,true
Queen Quiz: Before the Crown (Part 2),,At what kind of event did The Opposition play their first public gig?,,,,A school assembly,false
Queen Quiz: Before the Crown (Part 2),,At what kind of event did The Opposition play their first public gig?,,,,A radio session,false
Queen Quiz: Before the Crown (Part 2),,At what kind of event did The Opposition play their first public gig?,,,,A football match,false
Queen Quiz: Before the Crown (Part 2),,How much did John Deacon pay for his first Eko bass?,John Deacon,hard,4,£12,false
Queen Quiz: Before the Crown (Part 2),,How much did John Deacon pay for his first Eko bass?,,,,£60,false
Queen Quiz: Before the Crown (Part 2),,How much did John Deacon pay for his first Eko bass?,,,,£100,false
Queen Quiz: Before the Crown (Part 2),,How much did John Deacon pay for his first Eko bass?,,,,£22,true
Queen Quiz: Before the Crown (Part 2),,"After Johnny Quale left, who took over lead vocals in Reaction?",Roger Taylor,hard,4,John Deacon,false
Queen Quiz: Before the Crown (Part 2),,"After Johnny Quale left, who took over lead vocals in Reaction?",,,,Brian May,false
Queen Quiz: Before the Crown (Part 2),,"After Johnny Quale left, who took over lead vocals in Reaction?",,,,Roger Taylor,true
Queen Quiz: Before the Crown (Part 2),,"After Johnny Quale left, who took over lead vocals in Reaction?",,,,Freddie Mercury,false
Queen Quiz: Before the Crown (Part 2),,Which producer recorded Smile's two Mercury Records tracks at Trident Studios?,Smile,hard,4,Roy Thomas Baker,false
Queen Quiz: Before the Crown (Part 2),,Which producer recorded Smile's two Mercury Records tracks at Trident Studios?,,,,Mike Stone,false
Queen Quiz: Before the Crown (Part 2),,Which producer recorded Smile's two Mercury Records tracks at Trident Studios?,,,,Reinhold Mack,false
Queen Quiz: Before the Crown (Part 2),,Which producer recorded Smile's two Mercury Records tracks at Trident Studios?,,,,John Anthony,true
Queen Quiz: Before the Crown (Part 2),,"Which all-night 1967 event put 1984 on a bill with Jimi Hendrix, Pink Floyd and Traffic?",Brian May,hard,4,The 14 Hour Technicolor Dream,false
Queen Quiz: Before the Crown (Part 2),,"Which all-night 1967 event put 1984 on a bill with Jimi Hendrix, Pink Floyd and Traffic?",,,,Christmas on Earth,true
Queen Quiz: Before the Crown (Part 2),,"Which all-night 1967 event put 1984 on a bill with Jimi Hendrix, Pink Floyd and Traffic?",,,,Festival of the Flower Children,false
Queen Quiz: Before the Crown (Part 2),,"Which all-night 1967 event put 1984 on a bill with Jimi Hendrix, Pink Floyd and Traffic?",,,,The British Blues Festival,false
Queen Quiz: Before the Crown (Part 2),,Where did Brian May's band 1984 win a talent contest in 1967?,Brian May,hard,4,"Top Rank Club, Croydon",true
Queen Quiz: Before the Crown (Part 2),,Where did Brian May's band 1984 win a talent contest in 1967?,,,,"Marquee Club, London",false
Queen Quiz: Before the Crown (Part 2),,Where did Brian May's band 1984 win a talent contest in 1967?,,,,"Cavern Club, Liverpool",false
Queen Quiz: Before the Crown (Part 2),,Where did Brian May's band 1984 win a talent contest in 1967?,,,,"Rainbow Theatre, London",false
Queen Quiz: Before the Crown (Part 2),,On what date did The Opposition play their first major gig at Enderby's Co-operative Hall?,John Deacon,hard,4,4 December 1966,false
Queen Quiz: Before the Crown (Part 2),,On what date did The Opposition play their first major gig at Enderby's Co-operative Hall?,,,,4 December 1965,true
Queen Quiz: Before the Crown (Part 2),,On what date did The Opposition play their first major gig at Enderby's Co-operative Hall?,,,,14 December 1965,false
Queen Quiz: Before the Crown (Part 2),,On what date did The Opposition play their first major gig at Enderby's Co-operative Hall?,,,,4 November 1965,false
Queen Quiz: Before the Crown (Part 2),,What was Queen's first BBC Radio One programme in 1973?,Early Queen,hard,3,Sounds of the Seventies,true
Queen Quiz: Before the Crown (Part 2),,What was Queen's first BBC Radio One programme in 1973?,,,,Top Gear,false
Queen Quiz: Before the Crown (Part 2),,What was Queen's first BBC Radio One programme in 1973?,,,,In Concert,false
Queen Quiz: Before the Crown (Part 2),,What was Queen's first BBC Radio One programme in 1973?,,,,The Old Grey Whistle Test,false
Queen Quiz: Before the Crown (Part 2),,Which label first signed Queen for UK and European record releases?,Early Queen,hard,3,Elektra,false
Queen Quiz: Before the Crown (Part 2),,Which label first signed Queen for UK and European record releases?,,,,Mercury,false
Queen Quiz: Before the Crown (Part 2),,Which label first signed Queen for UK and European record releases?,,,,EMI,true
Queen Quiz: Before the Crown (Part 2),,Which label first signed Queen for UK and European record releases?,,,,Capitol,false
Queen Quiz: Before the Crown (Part 2),,What was the name of Roger Taylor's first childhood group?,Roger Taylor,hard,3,The Reaction,false
Queen Quiz: Before the Crown (Part 2),,What was the name of Roger Taylor's first childhood group?,,,,The Cousin Jacks,false
Queen Quiz: Before the Crown (Part 2),,What was the name of Roger Taylor's first childhood group?,,,,The Bubblingover Boys,true
Queen Quiz: Before the Crown (Part 2),,What was the name of Roger Taylor's first childhood group?,,,,The Hectics,false
Queen Quiz: Before the Crown (Part 2),,What makeshift band name did John Deacon use for a one-off college gig in 1970?,John Deacon,hard,4,The Art,false
Queen Quiz: Before the Crown (Part 2),,What makeshift band name did John Deacon use for a one-off college gig in 1970?,,,,The New Opposition,false
Queen Quiz: Before the Crown (Part 2),,What makeshift band name did John Deacon use for a one-off college gig in 1970?,,,,Deacon,true
Queen Quiz: Before the Crown (Part 2),,What makeshift band name did John Deacon use for a one-off college gig in 1970?,,,,Smile,false
Queen Quiz: Before the Crown (Part 2),,Which DJ broadcast Queen's 1973 BBC session with new versions of their early songs?,Early Queen,hard,4,Alan Freeman,false
Queen Quiz: Before the Crown (Part 2),,Which DJ broadcast Queen's 1973 BBC session with new versions of their early songs?,,,,John Peel,true
Queen Quiz: Before the Crown (Part 2),,Which DJ broadcast Queen's 1973 BBC session with new versions of their early songs?,,,,Bob Harris,false
Queen Quiz: Before the Crown (Part 2),,Which DJ broadcast Queen's 1973 BBC session with new versions of their early songs?,,,,Kenny Everett,false
Queen Quiz: Before the Crown (Part 2),,At which London club did Smile play a Mercury Records showcase supporting Kippington Lodge?,Smile,hard,4,The Roundhouse,false
Queen Quiz: Before the Crown (Part 2),,At which London club did Smile play a Mercury Records showcase supporting Kippington Lodge?,,,,The Speakeasy,false
Queen Quiz: Before the Crown (Part 2),,At which London club did Smile play a Mercury Records showcase supporting Kippington Lodge?,,,,The Marquee,true
Queen Quiz: Before the Crown (Part 2),,At which London club did Smile play a Mercury Records showcase supporting Kippington Lodge?,,,,The Lyceum,false
Queen Quiz: Before the Crown (Part 2),,Which London college did Freddie attend before Ealing College of Art?,Freddie Mercury,hard,3,Imperial College,false
Queen Quiz: Before the Crown (Part 2),,Which London college did Freddie attend before Ealing College of Art?,,,,Isleworth Polytechnic,true
Queen Quiz: Before the Crown (Part 2),,Which London college did Freddie attend before Ealing College of Art?,,,,Chelsea College,false
Queen Quiz: Before the Crown (Part 2),,Which London college did Freddie attend before Ealing College of Art?,,,,London Hospital Medical College,false
Queen Quiz: Breakthrough 1973–1976 (Part 1),Additional sourced Queen questions for editorial review.,Which photographer shot both the Queen II and Sheer Heart Attack covers?,Artwork,hard,4,David Bailey,false
Queen Quiz: Breakthrough 1973–1976 (Part 1),,Which photographer shot both the Queen II and Sheer Heart Attack covers?,,,,Anton Corbijn,false
Queen Quiz: Breakthrough 1973–1976 (Part 1),,Which photographer shot both the Queen II and Sheer Heart Attack covers?,,,,Richard Avedon,false
Queen Quiz: Breakthrough 1973–1976 (Part 1),,Which photographer shot both the Queen II and Sheer Heart Attack covers?,,,,Mick Rock,true
Queen Quiz: Breakthrough 1973–1976 (Part 1),,Which English city opened Queen's first major Mott the Hoople support tour?,Touring,hard,4,Glasgow,false
Queen Quiz: Breakthrough 1973–1976 (Part 1),,Which English city opened Queen's first major Mott the Hoople support tour?,,,,Leeds,true
Queen Quiz: Breakthrough 1973–1976 (Part 1),,Which English city opened Queen's first major Mott the Hoople support tour?,,,,Manchester,false
Queen Quiz: Breakthrough 1973–1976 (Part 1),,Which English city opened Queen's first major Mott the Hoople support tour?,,,,New York,false
Queen Quiz: Breakthrough 1973–1976 (Part 1),,Which London theatre hosted the finale of Queen's first headlining UK tour?,Touring,hard,3,Rainbow Theatre,true
Queen Quiz: Breakthrough 1973–1976 (Part 1),,Which London theatre hosted the finale of Queen's first headlining UK tour?,,,,Earls Court Arena,false
Queen Quiz: Breakthrough 1973–1976 (Part 1),,Which London theatre hosted the finale of Queen's first headlining UK tour?,,,,Hammersmith Odeon,false
Queen Quiz: Breakthrough 1973–1976 (Part 1),,Which London theatre hosted the finale of Queen's first headlining UK tour?,,,,Madison Square Garden,false
Queen Quiz: Breakthrough 1973–1976 (Part 1),,In which country outside the UK did Queen play one of their first overseas gigs in 1973?,Touring,hard,3,Japan,false
Queen Quiz: Breakthrough 1973–1976 (Part 1),,In which country outside the UK did Queen play one of their first overseas gigs in 1973?,,,,Australia,false
Queen Quiz: Breakthrough 1973–1976 (Part 1),,In which country outside the UK did Queen play one of their first overseas gigs in 1973?,,,,Luxembourg,true
Queen Quiz: Breakthrough 1973–1976 (Part 1),,In which country outside the UK did Queen play one of their first overseas gigs in 1973?,,,,Brazil,false
Queen Quiz: Breakthrough 1973–1976 (Part 1),,Who became Queen's tour manager for their 1976 American tour?,Touring,hard,3,Jim Beach,false
Queen Quiz: Breakthrough 1973–1976 (Part 1),,Who became Queen's tour manager for their 1976 American tour?,,,,Peter Hince,false
Queen Quiz: Breakthrough 1973–1976 (Part 1),,Who became Queen's tour manager for their 1976 American tour?,,,,Gerry Stickells,true
Queen Quiz: Breakthrough 1973–1976 (Part 1),,Who became Queen's tour manager for their 1976 American tour?,,,,John Reid,false
Queen Quiz: Breakthrough 1973–1976 (Part 1),,Who became Queen's manager during the A Night at the Opera era?,Management,hard,3,Jim Beach,false
Queen Quiz: Breakthrough 1973–1976 (Part 1),,Who became Queen's manager during the A Night at the Opera era?,,,,John Reid,true
Queen Quiz: Breakthrough 1973–1976 (Part 1),,Who became Queen's manager during the A Night at the Opera era?,,,,Peter Grant,false
Queen Quiz: Breakthrough 1973–1976 (Part 1),,Who became Queen's manager during the A Night at the Opera era?,,,,Lou Reizner,false
Queen Quiz: Breakthrough 1973–1976 (Part 1),,Which two Queen album titles were also Marx Brothers film titles?,Recording,medium,2,Queen II and Jazz,false
Queen Quiz: Breakthrough 1973–1976 (Part 1),,Which two Queen album titles were also Marx Brothers film titles?,,,,The Game and The Works,false
Queen Quiz: Breakthrough 1973–1976 (Part 1),,Which two Queen album titles were also Marx Brothers film titles?,,,,A Night at the Opera and A Day at the Races,true
Queen Quiz: Breakthrough 1973–1976 (Part 1),,Which two Queen album titles were also Marx Brothers film titles?,,,,The Miracle and Innuendo,false
Queen Quiz: Breakthrough 1973–1976 (Part 1),,Which song was paired with 'Killer Queen' on Queen's first double-A-side single?,Singles,hard,3,Now I'm Here,false
Queen Quiz: Breakthrough 1973–1976 (Part 1),,Which song was paired with 'Killer Queen' on Queen's first double-A-side single?,,,,Flick of the Wrist,true
Queen Quiz: Breakthrough 1973–1976 (Part 1),,Which song was paired with 'Killer Queen' on Queen's first double-A-side single?,,,,Stone Cold Crazy,false
Queen Quiz: Breakthrough 1973–1976 (Part 1),,Which song was paired with 'Killer Queen' on Queen's first double-A-side single?,,,,Brighton Rock,false
Queen Quiz: Breakthrough 1973–1976 (Part 1),,Which British city opened Queen's late-1975 UK headline tour?,Touring,hard,3,Liverpool,true
Queen Quiz: Breakthrough 1973–1976 (Part 1),,Which British city opened Queen's late-1975 UK headline tour?,,,,Truro,false
Queen Quiz: Breakthrough 1973–1976 (Part 1),,Which British city opened Queen's late-1975 UK headline tour?,,,,London,false
Queen Quiz: Breakthrough 1973–1976 (Part 1),,Which British city opened Queen's late-1975 UK headline tour?,,,,Leicester,false
Queen Quiz: Breakthrough 1973–1976 (Part 1),,Who engineered Queen's self-produced A Day at the Races?,Recording,hard,3,Mike Stone,true
Queen Quiz: Breakthrough 1973–1976 (Part 1),,Who engineered Queen's self-produced A Day at the Races?,,,,Roy Thomas Baker,false
Queen Quiz: Breakthrough 1973–1976 (Part 1),,Who engineered Queen's self-produced A Day at the Races?,,,,Reinhold Mack,false
Queen Quiz: Breakthrough 1973–1976 (Part 1),,Who engineered Queen's self-produced A Day at the Races?,,,,David Richards,false
Queen Quiz: Breakthrough 1973–1976 (Part 1),,Which band was Queen supporting on their first US tour?,Touring,hard,3,Mott the Hoople,true
Queen Quiz: Breakthrough 1973–1976 (Part 1),,Which band was Queen supporting on their first US tour?,,,,Aerosmith,false
Queen Quiz: Breakthrough 1973–1976 (Part 1),,Which band was Queen supporting on their first US tour?,,,,Thin Lizzy,false
Queen Quiz: Breakthrough 1973–1976 (Part 1),,Which band was Queen supporting on their first US tour?,,,,Uriah Heep,false
Queen Quiz: Breakthrough 1973–1976 (Part 1),,Which Queen album was the first the band produced by themselves?,Recording,hard,3,News of the World,false
Queen Quiz: Breakthrough 1973–1976 (Part 1),,Which Queen album was the first the band produced by themselves?,,,,A Night at the Opera,false
Queen Quiz: Breakthrough 1973–1976 (Part 1),,Which Queen album was the first the band produced by themselves?,,,,Jazz,false
Queen Quiz: Breakthrough 1973–1976 (Part 1),,Which Queen album was the first the band produced by themselves?,,,,A Day at the Races,true
Queen Quiz: Breakthrough 1973–1976 (Part 1),,Which designer created some of Queen's 1974 stage costumes?,Touring,hard,4,Vivienne Westwood,false
Queen Quiz: Breakthrough 1973–1976 (Part 1),,Which designer created some of Queen's 1974 stage costumes?,,,,Ossie Clark,false
Queen Quiz: Breakthrough 1973–1976 (Part 1),,Which designer created some of Queen's 1974 stage costumes?,,,,Mary Quant,false
Queen Quiz: Breakthrough 1973–1976 (Part 1),,Which designer created some of Queen's 1974 stage costumes?,,,,Zandra Rhodes,true
Queen Quiz: Breakthrough 1973–1976 (Part 1),,At which London venue did Queen and Mott the Hoople play two shows in December 1973?,Touring,hard,3,Rainbow Theatre,false
Queen Quiz: Breakthrough 1973–1976 (Part 1),,At which London venue did Queen and Mott the Hoople play two shows in December 1973?,,,,Wembley Stadium,false
Queen Quiz: Breakthrough 1973–1976 (Part 1),,At which London venue did Queen and Mott the Hoople play two shows in December 1973?,,,,Hammersmith Odeon,true
Queen Quiz: Breakthrough 1973–1976 (Part 1),,At which London venue did Queen and Mott the Hoople play two shows in December 1973?,,,,Earls Court Arena,false
Queen Quiz: Breakthrough 1973–1976 (Part 1),,"At which Tokyo venue did Queen play to about 10,000 fans on their first Japan tour?",Touring,hard,3,Knebworth Park,false
Queen Quiz: Breakthrough 1973–1976 (Part 1),,"At which Tokyo venue did Queen play to about 10,000 fans on their first Japan tour?",,,,Madison Square Garden,false
Queen Quiz: Breakthrough 1973–1976 (Part 1),,"At which Tokyo venue did Queen play to about 10,000 fans on their first Japan tour?",,,,Hyde Park,false
Queen Quiz: Breakthrough 1973–1976 (Part 1),,"At which Tokyo venue did Queen play to about 10,000 fans on their first Japan tour?",,,,Budokan,true
Queen Quiz: Breakthrough 1973–1976 (Part 1),,Which illness forced Brian May home from Queen's 1974 US tour?,Touring,hard,3,Pneumonia,false
Queen Quiz: Breakthrough 1973–1976 (Part 1),,Which illness forced Brian May home from Queen's 1974 US tour?,,,,Appendicitis,false
Queen Quiz: Breakthrough 1973–1976 (Part 1),,Which illness forced Brian May home from Queen's 1974 US tour?,,,,Hepatitis,true
Queen Quiz: Breakthrough 1973–1976 (Part 1),,Which illness forced Brian May home from Queen's 1974 US tour?,,,,Influenza,false
Queen Quiz: Breakthrough 1973–1976 (Part 1),,What was John Deacon's first Queen single as sole songwriter?,Singles,hard,3,Misfire,false
Queen Quiz: Breakthrough 1973–1976 (Part 1),,What was John Deacon's first Queen single as sole songwriter?,,,,You're My Best Friend,true
Queen Quiz: Breakthrough 1973–1976 (Part 1),,What was John Deacon's first Queen single as sole songwriter?,,,,Spread Your Wings,false
Queen Quiz: Breakthrough 1973–1976 (Part 1),,What was John Deacon's first Queen single as sole songwriter?,,,,I Want to Break Free,false
Queen Quiz: Breakthrough 1973–1976 (Part 1),,On which holiday did Queen's televised 1975 Hammersmith Odeon show take place?,Touring,hard,3,New Year's Eve,false
Queen Quiz: Breakthrough 1973–1976 (Part 1),,On which holiday did Queen's televised 1975 Hammersmith Odeon show take place?,,,,Christmas Eve,true
Queen Quiz: Breakthrough 1973–1976 (Part 1),,On which holiday did Queen's televised 1975 Hammersmith Odeon show take place?,,,,Boxing Day,false
Queen Quiz: Breakthrough 1973–1976 (Part 1),,On which holiday did Queen's televised 1975 Hammersmith Odeon show take place?,,,,Good Friday,false
Queen Quiz: Breakthrough 1973–1976 (Part 1),,In which US city did Queen play their first American gig in April 1974?,Touring,hard,4,Boston,false
Queen Quiz: Breakthrough 1973–1976 (Part 1),,In which US city did Queen play their first American gig in April 1974?,,,,Denver,true
Queen Quiz: Breakthrough 1973–1976 (Part 1),,In which US city did Queen play their first American gig in April 1974?,,,,New York,false
Queen Quiz: Breakthrough 1973–1976 (Part 1),,In which US city did Queen play their first American gig in April 1974?,,,,Chicago,false
Queen Quiz: Breakthrough 1973–1976 (Part 1),,What did the band apply before being sprayed with water for the Sheer Heart Attack cover?,Artwork,hard,4,Vaseline,true
Queen Quiz: Breakthrough 1973–1976 (Part 1),,What did the band apply before being sprayed with water for the Sheer Heart Attack cover?,,,,Face paint,false
Queen Quiz: Breakthrough 1973–1976 (Part 1),,What did the band apply before being sprayed with water for the Sheer Heart Attack cover?,,,,Glitter,false
Queen Quiz: Breakthrough 1973–1976 (Part 1),,What did the band apply before being sprayed with water for the Sheer Heart Attack cover?,,,,Flour,false
Queen Quiz: Breakthrough 1973–1976 (Part 1),,"What song appeared on the B-side of Queen's first UK single, 'Keep Yourself Alive'?",Singles,hard,3,Liar,false
Queen Quiz: Breakthrough 1973–1976 (Part 1),,"What song appeared on the B-side of Queen's first UK single, 'Keep Yourself Alive'?",,,,Doing All Right,false
Queen Quiz: Breakthrough 1973–1976 (Part 1),,"What song appeared on the B-side of Queen's first UK single, 'Keep Yourself Alive'?",,,,Great King Rat,false
Queen Quiz: Breakthrough 1973–1976 (Part 1),,"What song appeared on the B-side of Queen's first UK single, 'Keep Yourself Alive'?",,,,Son and Daughter,true
Queen Quiz: Breakthrough 1973–1976 (Part 1),,Which band did Queen support on a 25-date UK tour in late 1973?,Touring,hard,3,Mott the Hoople,true
Queen Quiz: Breakthrough 1973–1976 (Part 1),,Which band did Queen support on a 25-date UK tour in late 1973?,,,,Slade,false
Queen Quiz: Breakthrough 1973–1976 (Part 1),,Which band did Queen support on a 25-date UK tour in late 1973?,,,,10cc,false
Queen Quiz: Breakthrough 1973–1976 (Part 1),,Which band did Queen support on a 25-date UK tour in late 1973?,,,,Status Quo,false
Queen Quiz: Breakthrough 1973–1976 (Part 1),,What threatened Queen's 1976 free Hyde Park concert?,Touring,hard,3,A transport strike,false
Queen Quiz: Breakthrough 1973–1976 (Part 1),,What threatened Queen's 1976 free Hyde Park concert?,,,,A stage collapse,false
Queen Quiz: Breakthrough 1973–1976 (Part 1),,What threatened Queen's 1976 free Hyde Park concert?,,,,Damage from the summer drought,true
Queen Quiz: Breakthrough 1973–1976 (Part 1),,What threatened Queen's 1976 free Hyde Park concert?,,,,A power failure,false
Queen Quiz: Breakthrough 1973–1976 (Part 1),,What happened to Queen's equipment truck during their late-1974 European tour?,Touring,hard,3,It was stolen,false
Queen Quiz: Breakthrough 1973–1976 (Part 1),,What happened to Queen's equipment truck during their late-1974 European tour?,,,,It caught fire,false
Queen Quiz: Breakthrough 1973–1976 (Part 1),,What happened to Queen's equipment truck during their late-1974 European tour?,,,,It was involved in an accident,true
Queen Quiz: Breakthrough 1973–1976 (Part 1),,What happened to Queen's equipment truck during their late-1974 European tour?,,,,It was held at customs,false
Queen Quiz: Breakthrough 1973–1976 (Part 1),,At which Australian festival did Queen appear early in 1974?,Touring,hard,3,Reading Festival,false
Queen Quiz: Breakthrough 1973–1976 (Part 1),,At which Australian festival did Queen appear early in 1974?,,,,Glastonbury Festival,false
Queen Quiz: Breakthrough 1973–1976 (Part 1),,At which Australian festival did Queen appear early in 1974?,,,,Rock in Rio,false
Queen Quiz: Breakthrough 1973–1976 (Part 1),,At which Australian festival did Queen appear early in 1974?,,,,Sunbury Music Festival,true
Queen Quiz: Breakthrough 1973–1976 (Part 2),Additional sourced Queen questions for editorial review.,Which instrumental opened Queen's 1973 Golders Green Hippodrome concert?,Radio,hard,3,Seven Seas of Rhye,false
Queen Quiz: Breakthrough 1973–1976 (Part 2),,Which instrumental opened Queen's 1973 Golders Green Hippodrome concert?,,,,Procession,true
Queen Quiz: Breakthrough 1973–1976 (Part 2),,Which instrumental opened Queen's 1973 Golders Green Hippodrome concert?,,,,Brighton Rock,false
Queen Quiz: Breakthrough 1973–1976 (Part 2),,Which instrumental opened Queen's 1973 Golders Green Hippodrome concert?,,,,God Save the Queen,false
Queen Quiz: Breakthrough 1973–1976 (Part 2),,Which song became Queen's first UK singles-chart entry?,Records,hard,3,Killer Queen,false
Queen Quiz: Breakthrough 1973–1976 (Part 2),,Which song became Queen's first UK singles-chart entry?,,,,Bohemian Rhapsody,false
Queen Quiz: Breakthrough 1973–1976 (Part 2),,Which song became Queen's first UK singles-chart entry?,,,,Seven Seas of Rhye,true
Queen Quiz: Breakthrough 1973–1976 (Part 2),,Which song became Queen's first UK singles-chart entry?,,,,Keep Yourself Alive,false
Queen Quiz: Breakthrough 1973–1976 (Part 2),,At which studios was the 'Bohemian Rhapsody' promotional film made?,Videos,hard,4,Shepperton Studios,false
Queen Quiz: Breakthrough 1973–1976 (Part 2),,At which studios was the 'Bohemian Rhapsody' promotional film made?,,,,Pinewood Studios,false
Queen Quiz: Breakthrough 1973–1976 (Part 2),,At which studios was the 'Bohemian Rhapsody' promotional film made?,,,,Elstree Studios,true
Queen Quiz: Breakthrough 1973–1976 (Part 2),,At which studios was the 'Bohemian Rhapsody' promotional film made?,,,,Ealing Studios,false
Queen Quiz: Breakthrough 1973–1976 (Part 2),,What was John Deacon's first composition released on a Queen album?,Songs,hard,3,You're My Best Friend,false
Queen Quiz: Breakthrough 1973–1976 (Part 2),,What was John Deacon's first composition released on a Queen album?,,,,Misfire,true
Queen Quiz: Breakthrough 1973–1976 (Part 2),,What was John Deacon's first composition released on a Queen album?,,,,Spread Your Wings,false
Queen Quiz: Breakthrough 1973–1976 (Part 2),,What was John Deacon's first composition released on a Queen album?,,,,Another One Bites the Dust,false
Queen Quiz: Breakthrough 1973–1976 (Part 2),,Which London venue hosted Queen's professionally filmed November 1974 shows?,Touring,hard,3,Earls Court Arena,false
Queen Quiz: Breakthrough 1973–1976 (Part 2),,Which London venue hosted Queen's professionally filmed November 1974 shows?,,,,Hammersmith Odeon,false
Queen Quiz: Breakthrough 1973–1976 (Part 2),,Which London venue hosted Queen's professionally filmed November 1974 shows?,,,,Rainbow Theatre,true
Queen Quiz: Breakthrough 1973–1976 (Part 2),,Which London venue hosted Queen's professionally filmed November 1974 shows?,,,,Madison Square Garden,false
Queen Quiz: Breakthrough 1973–1976 (Part 2),,What was unusual about the two sides of the original Queen II LP sleeve?,Records,hard,3,They were both live recordings,false
Queen Quiz: Breakthrough 1973–1976 (Part 2),,What was unusual about the two sides of the original Queen II LP sleeve?,,,,They were labelled black and white,true
Queen Quiz: Breakthrough 1973–1976 (Part 2),,What was unusual about the two sides of the original Queen II LP sleeve?,,,,One side had no vocals,false
Queen Quiz: Breakthrough 1973–1976 (Part 2),,What was unusual about the two sides of the original Queen II LP sleeve?,,,,Each side had a different band name,false
Queen Quiz: Breakthrough 1973–1976 (Part 2),,What was the ticket price cited by Queen's official site for their November 1974 Rainbow concert?,Touring,hard,4,£1.75,true
Queen Quiz: Breakthrough 1973–1976 (Part 2),,What was the ticket price cited by Queen's official site for their November 1974 Rainbow concert?,,,,75p,false
Queen Quiz: Breakthrough 1973–1976 (Part 2),,What was the ticket price cited by Queen's official site for their November 1974 Rainbow concert?,,,,£3.50,false
Queen Quiz: Breakthrough 1973–1976 (Part 2),,What was the ticket price cited by Queen's official site for their November 1974 Rainbow concert?,,,,£5,false
Queen Quiz: Breakthrough 1973–1976 (Part 2),,Which illness led to Brian May's emergency operation during Sheer Heart Attack sessions?,Recording,hard,3,A duodenal ulcer,true
Queen Quiz: Breakthrough 1973–1976 (Part 2),,Which illness led to Brian May's emergency operation during Sheer Heart Attack sessions?,,,,Hepatitis,false
Queen Quiz: Breakthrough 1973–1976 (Part 2),,Which illness led to Brian May's emergency operation during Sheer Heart Attack sessions?,,,,Appendicitis,false
Queen Quiz: Breakthrough 1973–1976 (Part 2),,Which illness led to Brian May's emergency operation during Sheer Heart Attack sessions?,,,,Tonsillitis,false
Queen Quiz: Breakthrough 1973–1976 (Part 2),,Which studio was used for A Day at the Races alongside The Manor and Wessex?,Recording,hard,3,Trident Studios,false
Queen Quiz: Breakthrough 1973–1976 (Part 2),,Which studio was used for A Day at the Races alongside The Manor and Wessex?,,,,Sarm East,true
Queen Quiz: Breakthrough 1973–1976 (Part 2),,Which studio was used for A Day at the Races alongside The Manor and Wessex?,,,,Rockfield Studios,false
Queen Quiz: Breakthrough 1973–1976 (Part 2),,Which studio was used for A Day at the Races alongside The Manor and Wessex?,,,,Musicland Studios,false
Queen Quiz: Breakthrough 1973–1976 (Part 2),,Roughly how long did Queen take to film the 'Bohemian Rhapsody' promotional video?,Videos,hard,4,Four days,false
Queen Quiz: Breakthrough 1973–1976 (Part 2),,Roughly how long did Queen take to film the 'Bohemian Rhapsody' promotional video?,,,,One week,false
Queen Quiz: Breakthrough 1973–1976 (Part 2),,Roughly how long did Queen take to film the 'Bohemian Rhapsody' promotional video?,,,,Two weeks,false
Queen Quiz: Breakthrough 1973–1976 (Part 2),,Roughly how long did Queen take to film the 'Bohemian Rhapsody' promotional video?,,,,Four hours,true
Queen Quiz: Breakthrough 1973–1976 (Part 2),,Which country did Queen tour properly for the first time after Japan in 1976?,Touring,hard,3,Brazil,false
Queen Quiz: Breakthrough 1973–1976 (Part 2),,Which country did Queen tour properly for the first time after Japan in 1976?,,,,South Africa,false
Queen Quiz: Breakthrough 1973–1976 (Part 2),,Which country did Queen tour properly for the first time after Japan in 1976?,,,,Mexico,false
Queen Quiz: Breakthrough 1973–1976 (Part 2),,Which country did Queen tour properly for the first time after Japan in 1976?,,,,Australia,true
Queen Quiz: Breakthrough 1973–1976 (Part 2),,Which US record label sent an executive to Queen's 1973 Marquee showcase?,Touring,hard,3,Atlantic Records,false
Queen Quiz: Breakthrough 1973–1976 (Part 2),,Which US record label sent an executive to Queen's 1973 Marquee showcase?,,,,Columbia Records,false
Queen Quiz: Breakthrough 1973–1976 (Part 2),,Which US record label sent an executive to Queen's 1973 Marquee showcase?,,,,Warner Bros. Records,false
Queen Quiz: Breakthrough 1973–1976 (Part 2),,Which US record label sent an executive to Queen's 1973 Marquee showcase?,,,,Elektra Records,true
Queen Quiz: Breakthrough 1973–1976 (Part 2),,What winning horse did Queen all back at a racecourse after finishing A Day at the Races?,Recording,hard,4,Red Rum,false
Queen Quiz: Breakthrough 1973–1976 (Part 2),,What winning horse did Queen all back at a racecourse after finishing A Day at the Races?,,,,Arkle,false
Queen Quiz: Breakthrough 1973–1976 (Part 2),,What winning horse did Queen all back at a racecourse after finishing A Day at the Races?,,,,Shergar,false
Queen Quiz: Breakthrough 1973–1976 (Part 2),,What winning horse did Queen all back at a racecourse after finishing A Day at the Races?,,,,Lanzarote,true
Queen Quiz: Breakthrough 1973–1976 (Part 2),,Which guitarist lent studio time for Queen's first Top of the Pops backing track?,Television,hard,4,Pete Townshend,true
Queen Quiz: Breakthrough 1973–1976 (Part 2),,Which guitarist lent studio time for Queen's first Top of the Pops backing track?,,,,Eric Clapton,false
Queen Quiz: Breakthrough 1973–1976 (Part 2),,Which guitarist lent studio time for Queen's first Top of the Pops backing track?,,,,Mick Ronson,false
Queen Quiz: Breakthrough 1973–1976 (Part 2),,Which guitarist lent studio time for Queen's first Top of the Pops backing track?,,,,Jeff Beck,false
Queen Quiz: Breakthrough 1973–1976 (Part 2),,At which Welsh studio did Queen rehearse material for their third album in 1974?,Recording,hard,3,Trident Studios,false
Queen Quiz: Breakthrough 1973–1976 (Part 2),,At which Welsh studio did Queen rehearse material for their third album in 1974?,,,,Wessex Studios,false
Queen Quiz: Breakthrough 1973–1976 (Part 2),,At which Welsh studio did Queen rehearse material for their third album in 1974?,,,,Sarm East,false
Queen Quiz: Breakthrough 1973–1976 (Part 2),,At which Welsh studio did Queen rehearse material for their third album in 1974?,,,,Rockfield Studios,true
Queen Quiz: Breakthrough 1973–1976 (Part 2),,For which Queen song did Freddie Mercury receive an Ivor Novello Award in 1975?,Awards,hard,3,Killer Queen,true
Queen Quiz: Breakthrough 1973–1976 (Part 2),,For which Queen song did Freddie Mercury receive an Ivor Novello Award in 1975?,,,,Bohemian Rhapsody,false
Queen Quiz: Breakthrough 1973–1976 (Part 2),,For which Queen song did Freddie Mercury receive an Ivor Novello Award in 1975?,,,,Love of My Life,false
Queen Quiz: Breakthrough 1973–1976 (Part 2),,For which Queen song did Freddie Mercury receive an Ivor Novello Award in 1975?,,,,Somebody to Love,false
Queen Quiz: Breakthrough 1973–1976 (Part 2),,"Which country gave Queen an airport welcome of more than 3,000 fans in 1975?",Touring,hard,3,Australia,false
Queen Quiz: Breakthrough 1973–1976 (Part 2),,"Which country gave Queen an airport welcome of more than 3,000 fans in 1975?",,,,Canada,false
Queen Quiz: Breakthrough 1973–1976 (Part 2),,"Which country gave Queen an airport welcome of more than 3,000 fans in 1975?",,,,Japan,true
Queen Quiz: Breakthrough 1973–1976 (Part 2),,"Which country gave Queen an airport welcome of more than 3,000 fans in 1975?",,,,France,false
Queen Quiz: Breakthrough 1973–1976 (Part 2),,Which lawyer helped Queen negotiate an exit from their Trident agreements?,Management,hard,3,John Reid,false
Queen Quiz: Breakthrough 1973–1976 (Part 2),,Which lawyer helped Queen negotiate an exit from their Trident agreements?,,,,Jim Beach,true
Queen Quiz: Breakthrough 1973–1976 (Part 2),,Which lawyer helped Queen negotiate an exit from their Trident agreements?,,,,Peter Grant,false
Queen Quiz: Breakthrough 1973–1976 (Part 2),,Which lawyer helped Queen negotiate an exit from their Trident agreements?,,,,Jack Nelson,false
Queen Quiz: Breakthrough 1973–1976 (Part 2),,How many November 1974 nights did Queen play at the Rainbow Theatre?,Touring,hard,4,One,false
Queen Quiz: Breakthrough 1973–1976 (Part 2),,How many November 1974 nights did Queen play at the Rainbow Theatre?,,,,Three,false
Queen Quiz: Breakthrough 1973–1976 (Part 2),,How many November 1974 nights did Queen play at the Rainbow Theatre?,,,,Four,false
Queen Quiz: Breakthrough 1973–1976 (Part 2),,How many November 1974 nights did Queen play at the Rainbow Theatre?,,,,Two,true
Queen Quiz: Breakthrough 1973–1976 (Part 2),,Which song gave Queen their first Top of the Pops appearance in 1974?,Television,hard,3,Killer Queen,false
Queen Quiz: Breakthrough 1973–1976 (Part 2),,Which song gave Queen their first Top of the Pops appearance in 1974?,,,,Keep Yourself Alive,false
Queen Quiz: Breakthrough 1973–1976 (Part 2),,Which song gave Queen their first Top of the Pops appearance in 1974?,,,,Now I'm Here,false
Queen Quiz: Breakthrough 1973–1976 (Part 2),,Which song gave Queen their first Top of the Pops appearance in 1974?,,,,Seven Seas of Rhye,true
Queen Quiz: Breakthrough 1973–1976 (Part 2),,How many 1976 Australian concerts does Queen's official live archive say sold out?,Touring,hard,4,Eight,true
Queen Quiz: Breakthrough 1973–1976 (Part 2),,How many 1976 Australian concerts does Queen's official live archive say sold out?,,,,Four,false
Queen Quiz: Breakthrough 1973–1976 (Part 2),,How many 1976 Australian concerts does Queen's official live archive say sold out?,,,,Six,false
Queen Quiz: Breakthrough 1973–1976 (Part 2),,How many 1976 Australian concerts does Queen's official live archive say sold out?,,,,Eleven,false
Queen Quiz: Breakthrough 1973–1976 (Part 2),,Which act supported Queen on their second headlining UK tour in 1974?,Touring,hard,4,Thin Lizzy,false
Queen Quiz: Breakthrough 1973–1976 (Part 2),,Which act supported Queen on their second headlining UK tour in 1974?,,,,Hustler,true
Queen Quiz: Breakthrough 1973–1976 (Part 2),,Which act supported Queen on their second headlining UK tour in 1974?,,,,Mott the Hoople,false
Queen Quiz: Breakthrough 1973–1976 (Part 2),,Which act supported Queen on their second headlining UK tour in 1974?,,,,Bow Wow Wow,false
Queen Quiz: Breakthrough 1973–1976 (Part 2),,Which BBC presenter chose 'Keep Yourself Alive' for The Old Grey Whistle Test in 1973?,Radio,hard,4,John Peel,false
Queen Quiz: Breakthrough 1973–1976 (Part 2),,Which BBC presenter chose 'Keep Yourself Alive' for The Old Grey Whistle Test in 1973?,,,,Bob Harris,false
Queen Quiz: Breakthrough 1973–1976 (Part 2),,Which BBC presenter chose 'Keep Yourself Alive' for The Old Grey Whistle Test in 1973?,,,,Mike Appleton,true
Queen Quiz: Breakthrough 1973–1976 (Part 2),,Which BBC presenter chose 'Keep Yourself Alive' for The Old Grey Whistle Test in 1973?,,,,Kenny Everett,false
Queen Quiz: Breakthrough 1973–1976 (Part 2),,At which venue did the BBC record Queen's September 1973 In Concert session?,Radio,hard,3,Golders Green Hippodrome,true
Queen Quiz: Breakthrough 1973–1976 (Part 2),,At which venue did the BBC record Queen's September 1973 In Concert session?,,,,Hammersmith Odeon,false
Queen Quiz: Breakthrough 1973–1976 (Part 2),,At which venue did the BBC record Queen's September 1973 In Concert session?,,,,Rainbow Theatre,false
Queen Quiz: Breakthrough 1973–1976 (Part 2),,At which venue did the BBC record Queen's September 1973 In Concert session?,,,,Royal Albert Hall,false
Queen Quiz: Breakthrough 1973–1976 (Part 2),,"Who engineered Queen's third album, Sheer Heart Attack?",Recording,hard,3,Reinhold Mack,false
Queen Quiz: Breakthrough 1973–1976 (Part 2),,"Who engineered Queen's third album, Sheer Heart Attack?",,,,David Richards,false
Queen Quiz: Breakthrough 1973–1976 (Part 2),,"Who engineered Queen's third album, Sheer Heart Attack?",,,,Mike Stone,true
Queen Quiz: Breakthrough 1973–1976 (Part 2),,"Who engineered Queen's third album, Sheer Heart Attack?",,,,Geoff Emerick,false
Queen Quiz: World Stage 1977–1982 (Part 1),Additional sourced Queen questions for editorial review.,At which Birmingham venue did Queen's late-1979 Crazy Tour open?,Touring,hard,3,Symphony Hall,false
Queen Quiz: World Stage 1977–1982 (Part 1),,At which Birmingham venue did Queen's late-1979 Crazy Tour open?,,,,Town Hall,false
Queen Quiz: World Stage 1977–1982 (Part 1),,At which Birmingham venue did Queen's late-1979 Crazy Tour open?,,,,National Exhibition Centre,true
Queen Quiz: World Stage 1977–1982 (Part 1),,At which Birmingham venue did Queen's late-1979 Crazy Tour open?,,,,Barclaycard Arena,false
Queen Quiz: World Stage 1977–1982 (Part 1),,Which album supplied new songs to Queen's late-1978 tour set?,Touring,hard,3,The Game,false
Queen Quiz: World Stage 1977–1982 (Part 1),,Which album supplied new songs to Queen's late-1978 tour set?,,,,Jazz,true
Queen Quiz: World Stage 1977–1982 (Part 1),,Which album supplied new songs to Queen's late-1978 tour set?,,,,News of the World,false
Queen Quiz: World Stage 1977–1982 (Part 1),,Which album supplied new songs to Queen's late-1978 tour set?,,,,Flash Gordon,false
Queen Quiz: World Stage 1977–1982 (Part 1),,Which science-fiction artist's robot appeared on the News of the World cover?,Artwork,hard,3,Mick Rock,false
Queen Quiz: World Stage 1977–1982 (Part 1),,Which science-fiction artist's robot appeared on the News of the World cover?,,,,Roger Dean,false
Queen Quiz: World Stage 1977–1982 (Part 1),,Which science-fiction artist's robot appeared on the News of the World cover?,,,,Frank Kelly Freas,true
Queen Quiz: World Stage 1977–1982 (Part 1),,Which science-fiction artist's robot appeared on the News of the World cover?,,,,Storm Thorgerson,false
Queen Quiz: World Stage 1977–1982 (Part 1),,What was Roger Taylor's debut solo single?,Solo work,hard,3,Future Management,false
Queen Quiz: World Stage 1977–1982 (Part 1),,What was Roger Taylor's debut solo single?,,,,I Wanna Testify,true
Queen Quiz: World Stage 1977–1982 (Part 1),,What was Roger Taylor's debut solo single?,,,,Radio Ga Ga,false
Queen Quiz: World Stage 1977–1982 (Part 1),,What was Roger Taylor's debut solo single?,,,,Strange Frontier,false
Queen Quiz: World Stage 1977–1982 (Part 1),,Which Queen song was their final Elektra single in 1982?,Record deals,hard,3,Back Chat,false
Queen Quiz: World Stage 1977–1982 (Part 1),,Which Queen song was their final Elektra single in 1982?,,,,Staying Power,true
Queen Quiz: World Stage 1977–1982 (Part 1),,Which Queen song was their final Elektra single in 1982?,,,,Body Language,false
Queen Quiz: World Stage 1977–1982 (Part 1),,Which Queen song was their final Elektra single in 1982?,,,,Las Palabras de Amor,false
Queen Quiz: World Stage 1977–1982 (Part 1),,What mode of transport did Queen use between US cities for the first time on their 1978 tour?,Touring,hard,3,A tour bus,false
Queen Quiz: World Stage 1977–1982 (Part 1),,What mode of transport did Queen use between US cities for the first time on their 1978 tour?,,,,A chartered train,false
Queen Quiz: World Stage 1977–1982 (Part 1),,What mode of transport did Queen use between US cities for the first time on their 1978 tour?,,,,A helicopter,false
Queen Quiz: World Stage 1977–1982 (Part 1),,What mode of transport did Queen use between US cities for the first time on their 1978 tour?,,,,Their own private plane,true
Queen Quiz: World Stage 1977–1982 (Part 1),,Which song brought Queen back to Top of the Pops in 1982 after a five-year gap?,Television,hard,3,Back Chat,false
Queen Quiz: World Stage 1977–1982 (Part 1),,Which song brought Queen back to Top of the Pops in 1982 after a five-year gap?,,,,Under Pressure,false
Queen Quiz: World Stage 1977–1982 (Part 1),,Which song brought Queen back to Top of the Pops in 1982 after a five-year gap?,,,,Las Palabras de Amor,true
Queen Quiz: World Stage 1977–1982 (Part 1),,Which song brought Queen back to Top of the Pops in 1982 after a five-year gap?,,,,Body Language,false
Queen Quiz: World Stage 1977–1982 (Part 1),,Which group supported Queen at many stops on their 1980 US tour?,Touring,hard,3,Bow Wow Wow,false
Queen Quiz: World Stage 1977–1982 (Part 1),,Which group supported Queen at many stops on their 1980 US tour?,,,,Thin Lizzy,false
Queen Quiz: World Stage 1977–1982 (Part 1),,Which group supported Queen at many stops on their 1980 US tour?,,,,The Blasters,true
Queen Quiz: World Stage 1977–1982 (Part 1),,Which group supported Queen at many stops on their 1980 US tour?,,,,Mott the Hoople,false
Queen Quiz: World Stage 1977–1982 (Part 1),,Which two countries hosted Queen's first South American concerts in 1981?,Touring,hard,3,Chile and Peru,false
Queen Quiz: World Stage 1977–1982 (Part 1),,Which two countries hosted Queen's first South American concerts in 1981?,,,,Argentina and Brazil,true
Queen Quiz: World Stage 1977–1982 (Part 1),,Which two countries hosted Queen's first South American concerts in 1981?,,,,Venezuela and Mexico,false
Queen Quiz: World Stage 1977–1982 (Part 1),,Which two countries hosted Queen's first South American concerts in 1981?,,,,Uruguay and Paraguay,false
Queen Quiz: World Stage 1977–1982 (Part 1),,What was the original title of the filmed 1981 Montreal concerts?,Live film,hard,3,Live Killers,false
Queen Quiz: World Stage 1977–1982 (Part 1),,What was the original title of the filmed 1981 Montreal concerts?,,,,We Will Rock You,true
Queen Quiz: World Stage 1977–1982 (Part 1),,What was the original title of the filmed 1981 Montreal concerts?,,,,Live Magic,false
Queen Quiz: World Stage 1977–1982 (Part 1),,What was the original title of the filmed 1981 Montreal concerts?,,,,Rock in Rio,false
Queen Quiz: World Stage 1977–1982 (Part 1),,Which city hosted Queen's lavish Jazz album launch party after a 1978 concert?,Touring,hard,4,Dallas,false
Queen Quiz: World Stage 1977–1982 (Part 1),,Which city hosted Queen's lavish Jazz album launch party after a 1978 concert?,,,,Atlanta,false
Queen Quiz: World Stage 1977–1982 (Part 1),,Which city hosted Queen's lavish Jazz album launch party after a 1978 concert?,,,,New Orleans,true
Queen Quiz: World Stage 1977–1982 (Part 1),,Which city hosted Queen's lavish Jazz album launch party after a 1978 concert?,,,,Memphis,false
Queen Quiz: World Stage 1977–1982 (Part 1),,In which German city did Queen begin their early-1979 European tour?,Touring,hard,3,Hamburg,true
Queen Quiz: World Stage 1977–1982 (Part 1),,In which German city did Queen begin their early-1979 European tour?,,,,Munich,false
Queen Quiz: World Stage 1977–1982 (Part 1),,In which German city did Queen begin their early-1979 European tour?,,,,Berlin,false
Queen Quiz: World Stage 1977–1982 (Part 1),,In which German city did Queen begin their early-1979 European tour?,,,,Cologne,false
Queen Quiz: World Stage 1977–1982 (Part 1),,What was the nickname of the moving-arm light rig introduced for The Game tour?,Lighting,hard,3,Fly Swatters,true
Queen Quiz: World Stage 1977–1982 (Part 1),,What was the nickname of the moving-arm light rig introduced for The Game tour?,,,,Pizza Oven,false
Queen Quiz: World Stage 1977–1982 (Part 1),,What was the nickname of the moving-arm light rig introduced for The Game tour?,,,,Crown,false
Queen Quiz: World Stage 1977–1982 (Part 1),,What was the nickname of the moving-arm light rig introduced for The Game tour?,,,,Starburst,false
Queen Quiz: World Stage 1977–1982 (Part 1),,Which 1977 Queen record was the band's first EP?,Records,hard,3,Queen's First EP,true
Queen Quiz: World Stage 1977–1982 (Part 1),,Which 1977 Queen record was the band's first EP?,,,,Greatest Hits,false
Queen Quiz: World Stage 1977–1982 (Part 1),,Which 1977 Queen record was the band's first EP?,,,,Queen II,false
Queen Quiz: World Stage 1977–1982 (Part 1),,Which 1977 Queen record was the band's first EP?,,,,Live Killers,false
Queen Quiz: World Stage 1977–1982 (Part 1),,Which London venue hosted Queen's Boxing Day 1979 Kampuchea benefit performance?,Touring,hard,3,Rainbow Theatre,false
Queen Quiz: World Stage 1977–1982 (Part 1),,Which London venue hosted Queen's Boxing Day 1979 Kampuchea benefit performance?,,,,Hammersmith Odeon,true
Queen Quiz: World Stage 1977–1982 (Part 1),,Which London venue hosted Queen's Boxing Day 1979 Kampuchea benefit performance?,,,,Wembley Stadium,false
Queen Quiz: World Stage 1977–1982 (Part 1),,Which London venue hosted Queen's Boxing Day 1979 Kampuchea benefit performance?,,,,Earls Court Arena,false
Queen Quiz: World Stage 1977–1982 (Part 1),,Which Japanese arena hosted five consecutive Queen shows in February 1981?,Touring,hard,3,Budokan,true
Queen Quiz: World Stage 1977–1982 (Part 1),,Which Japanese arena hosted five consecutive Queen shows in February 1981?,,,,Knebworth Park,false
Queen Quiz: World Stage 1977–1982 (Part 1),,Which Japanese arena hosted five consecutive Queen shows in February 1981?,,,,Madison Square Garden,false
Queen Quiz: World Stage 1977–1982 (Part 1),,Which Japanese arena hosted five consecutive Queen shows in February 1981?,,,,Hyde Park,false
Queen Quiz: World Stage 1977–1982 (Part 1),,Which album was Queen promoting on their 1982 European tour?,Touring,hard,3,The Works,false
Queen Quiz: World Stage 1977–1982 (Part 1),,Which album was Queen promoting on their 1982 European tour?,,,,Flash Gordon,false
Queen Quiz: World Stage 1977–1982 (Part 1),,Which album was Queen promoting on their 1982 European tour?,,,,Hot Space,true
Queen Quiz: World Stage 1977–1982 (Part 1),,Which album was Queen promoting on their 1982 European tour?,,,,A Kind of Magic,false
Queen Quiz: World Stage 1977–1982 (Part 1),,Which London arena hosted Queen's two filmed June 1977 shows?,Touring,hard,3,Madison Square Garden,false
Queen Quiz: World Stage 1977–1982 (Part 1),,Which London arena hosted Queen's two filmed June 1977 shows?,,,,Rainbow Theatre,false
Queen Quiz: World Stage 1977–1982 (Part 1),,Which London arena hosted Queen's two filmed June 1977 shows?,,,,Budokan,false
Queen Quiz: World Stage 1977–1982 (Part 1),,Which London arena hosted Queen's two filmed June 1977 shows?,,,,Earls Court Arena,true
Queen Quiz: World Stage 1977–1982 (Part 1),,Which Queen album drew on recordings from their 1979 European tour?,Live albums,hard,3,Live Magic,false
Queen Quiz: World Stage 1977–1982 (Part 1),,Which Queen album drew on recordings from their 1979 European tour?,,,,Live at Wembley '86,false
Queen Quiz: World Stage 1977–1982 (Part 1),,Which Queen album drew on recordings from their 1979 European tour?,,,,Live Killers,true
Queen Quiz: World Stage 1977–1982 (Part 1),,Which Queen album drew on recordings from their 1979 European tour?,,,,Queen Rock Montreal,false
Queen Quiz: World Stage 1977–1982 (Part 1),,What was the name of Queen's massive 1977 lighting rig?,Lighting,hard,3,The Pizza Oven,false
Queen Quiz: World Stage 1977–1982 (Part 1),,What was the name of Queen's massive 1977 lighting rig?,,,,Fly Swatters,false
Queen Quiz: World Stage 1977–1982 (Part 1),,What was the name of Queen's massive 1977 lighting rig?,,,,The Crown,true
Queen Quiz: World Stage 1977–1982 (Part 1),,What was the name of Queen's massive 1977 lighting rig?,,,,The Comet,false
Queen Quiz: World Stage 1977–1982 (Part 1),,At which stadium were models filmed for Queen's 1978 'Bicycle Race' promotion?,Videos,hard,4,Wembley Stadium,false
Queen Quiz: World Stage 1977–1982 (Part 1),,At which stadium were models filmed for Queen's 1978 'Bicycle Race' promotion?,,,,Twickenham Stadium,false
Queen Quiz: World Stage 1977–1982 (Part 1),,At which stadium were models filmed for Queen's 1978 'Bicycle Race' promotion?,,,,Wimbledon Stadium,true
Queen Quiz: World Stage 1977–1982 (Part 1),,At which stadium were models filmed for Queen's 1978 'Bicycle Race' promotion?,,,,White City Stadium,false
Queen Quiz: World Stage 1977–1982 (Part 1),,What was the nickname of Queen's late-1979 UK tour of smaller venues?,Touring,hard,3,The Crazy Tour,true
Queen Quiz: World Stage 1977–1982 (Part 1),,What was the nickname of Queen's late-1979 UK tour of smaller venues?,,,,The Magic Tour,false
Queen Quiz: World Stage 1977–1982 (Part 1),,What was the nickname of Queen's late-1979 UK tour of smaller venues?,,,,The Works Tour,false
Queen Quiz: World Stage 1977–1982 (Part 1),,What was the nickname of Queen's late-1979 UK tour of smaller venues?,,,,The Game Tour,false
Queen Quiz: World Stage 1977–1982 (Part 1),,Which US city declared an official 'Queen Day' during the 1982 tour?,Touring,hard,4,New York,false
Queen Quiz: World Stage 1977–1982 (Part 1),,Which US city declared an official 'Queen Day' during the 1982 tour?,,,,Chicago,false
Queen Quiz: World Stage 1977–1982 (Part 1),,Which US city declared an official 'Queen Day' during the 1982 tour?,,,,Los Angeles,false
Queen Quiz: World Stage 1977–1982 (Part 1),,Which US city declared an official 'Queen Day' during the 1982 tour?,,,,Boston,true
Queen Quiz: World Stage 1977–1982 (Part 1),,Which Queen album was promoted by their 46-show 1980 US tour?,Touring,hard,3,Flash Gordon,false
Queen Quiz: World Stage 1977–1982 (Part 1),,Which Queen album was promoted by their 46-show 1980 US tour?,,,,The Game,true
Queen Quiz: World Stage 1977–1982 (Part 1),,Which Queen album was promoted by their 46-show 1980 US tour?,,,,Jazz,false
Queen Quiz: World Stage 1977–1982 (Part 1),,Which Queen album was promoted by their 46-show 1980 US tour?,,,,Hot Space,false
Queen Quiz: World Stage 1977–1982 (Part 1),,Which country did Queen revisit for a 15-date tour in April 1979?,Touring,hard,3,Australia,false
Queen Quiz: World Stage 1977–1982 (Part 1),,Which country did Queen revisit for a 15-date tour in April 1979?,,,,Brazil,false
Queen Quiz: World Stage 1977–1982 (Part 1),,Which country did Queen revisit for a 15-date tour in April 1979?,,,,Mexico,false
Queen Quiz: World Stage 1977–1982 (Part 1),,Which country did Queen revisit for a 15-date tour in April 1979?,,,,Japan,true
Queen Quiz: World Stage 1977–1982 (Part 2),Additional sourced Queen questions for editorial review.,Which two songs did Queen perform on Saturday Night Live in 1982?,Television,hard,3,Under Pressure and Crazy Little Thing Called Love,true
Queen Quiz: World Stage 1977–1982 (Part 2),,Which two songs did Queen perform on Saturday Night Live in 1982?,,,,Bohemian Rhapsody and We Will Rock You,false
Queen Quiz: World Stage 1977–1982 (Part 2),,Which two songs did Queen perform on Saturday Night Live in 1982?,,,,Radio Ga Ga and I Want to Break Free,false
Queen Quiz: World Stage 1977–1982 (Part 2),,Which two songs did Queen perform on Saturday Night Live in 1982?,,,,We Are the Champions and Somebody to Love,false
Queen Quiz: World Stage 1977–1982 (Part 2),,"What inspired the title and cover imagery of Queen's Jazz album, according to the book timeline?",Albums,hard,3,A New Orleans jazz club,false
Queen Quiz: World Stage 1977–1982 (Part 2),,"What inspired the title and cover imagery of Queen's Jazz album, according to the book timeline?",,,,An old film poster,false
Queen Quiz: World Stage 1977–1982 (Part 2),,"What inspired the title and cover imagery of Queen's Jazz album, according to the book timeline?",,,,A French carnival,false
Queen Quiz: World Stage 1977–1982 (Part 2),,"What inspired the title and cover imagery of Queen's Jazz album, according to the book timeline?",,,,Graffiti on the Berlin Wall,true
Queen Quiz: World Stage 1977–1982 (Part 2),,Which group replaced Bow Wow Wow as support on Queen's 1982 European tour?,Touring,hard,4,Marillion,false
Queen Quiz: World Stage 1977–1982 (Part 2),,Which group replaced Bow Wow Wow as support on Queen's 1982 European tour?,,,,Airrace,true
Queen Quiz: World Stage 1977–1982 (Part 2),,Which group replaced Bow Wow Wow as support on Queen's 1982 European tour?,,,,The Blasters,false
Queen Quiz: World Stage 1977–1982 (Part 2),,Which group replaced Bow Wow Wow as support on Queen's 1982 European tour?,,,,Straight Eight,false
Queen Quiz: World Stage 1977–1982 (Part 2),,What nickname did Queen give the new light rig on their 1978 North American tour?,Lighting,hard,3,Pizza Oven,true
Queen Quiz: World Stage 1977–1982 (Part 2),,What nickname did Queen give the new light rig on their 1978 North American tour?,,,,Crown,false
Queen Quiz: World Stage 1977–1982 (Part 2),,What nickname did Queen give the new light rig on their 1978 North American tour?,,,,Fly Swatters,false
Queen Quiz: World Stage 1977–1982 (Part 2),,What nickname did Queen give the new light rig on their 1978 North American tour?,,,,Meteor,false
Queen Quiz: World Stage 1977–1982 (Part 2),,Who replaced Morgan Fisher on keyboards for Queen's 1982 American and Japanese tour legs?,Touring,hard,3,Spike Edney,false
Queen Quiz: World Stage 1977–1982 (Part 2),,Who replaced Morgan Fisher on keyboards for Queen's 1982 American and Japanese tour legs?,,,,Mike Moran,false
Queen Quiz: World Stage 1977–1982 (Part 2),,Who replaced Morgan Fisher on keyboards for Queen's 1982 American and Japanese tour legs?,,,,Fred Mandel,true
Queen Quiz: World Stage 1977–1982 (Part 2),,Who replaced Morgan Fisher on keyboards for Queen's 1982 American and Japanese tour legs?,,,,Morgan Fisher,false
Queen Quiz: World Stage 1977–1982 (Part 2),,In which Oregon city did Queen's second US leg of 1977 begin?,Touring,hard,4,Seattle,false
Queen Quiz: World Stage 1977–1982 (Part 2),,In which Oregon city did Queen's second US leg of 1977 begin?,,,,Eugene,false
Queen Quiz: World Stage 1977–1982 (Part 2),,In which Oregon city did Queen's second US leg of 1977 begin?,,,,Salem,false
Queen Quiz: World Stage 1977–1982 (Part 2),,In which Oregon city did Queen's second US leg of 1977 begin?,,,,Portland,true
Queen Quiz: World Stage 1977–1982 (Part 2),,Which 1977 royal anniversary inspired the 'Queen Lizzy' tour nickname?,Touring,hard,3,The Golden Jubilee,false
Queen Quiz: World Stage 1977–1982 (Part 2),,Which 1977 royal anniversary inspired the 'Queen Lizzy' tour nickname?,,,,The Silver Jubilee,true
Queen Quiz: World Stage 1977–1982 (Part 2),,Which 1977 royal anniversary inspired the 'Queen Lizzy' tour nickname?,,,,A coronation anniversary,false
Queen Quiz: World Stage 1977–1982 (Part 2),,Which 1977 royal anniversary inspired the 'Queen Lizzy' tour nickname?,,,,A royal wedding,false
Queen Quiz: World Stage 1977–1982 (Part 2),,Which band supported Queen on most dates of the 1977 'Queen Lizzy' US tour?,Touring,hard,3,Thin Lizzy,true
Queen Quiz: World Stage 1977–1982 (Part 2),,Which band supported Queen on most dates of the 1977 'Queen Lizzy' US tour?,,,,Mott the Hoople,false
Queen Quiz: World Stage 1977–1982 (Part 2),,Which band supported Queen on most dates of the 1977 'Queen Lizzy' US tour?,,,,The Blasters,false
Queen Quiz: World Stage 1977–1982 (Part 2),,Which band supported Queen on most dates of the 1977 'Queen Lizzy' US tour?,,,,Airrace,false
Queen Quiz: World Stage 1977–1982 (Part 2),,Who became Queen's first auxiliary musician on stage during the 1982 tour?,Touring,hard,3,Spike Edney,false
Queen Quiz: World Stage 1977–1982 (Part 2),,Who became Queen's first auxiliary musician on stage during the 1982 tour?,,,,Fred Mandel,false
Queen Quiz: World Stage 1977–1982 (Part 2),,Who became Queen's first auxiliary musician on stage during the 1982 tour?,,,,Mike Moran,false
Queen Quiz: World Stage 1977–1982 (Part 2),,Who became Queen's first auxiliary musician on stage during the 1982 tour?,,,,Morgan Fisher,true
Queen Quiz: World Stage 1977–1982 (Part 2),,Which singer supported Queen on their final American tour in 1982?,Touring,hard,3,David Bowie,false
Queen Quiz: World Stage 1977–1982 (Part 2),,Which singer supported Queen on their final American tour in 1982?,,,,Paul Rodgers,false
Queen Quiz: World Stage 1977–1982 (Part 2),,Which singer supported Queen on their final American tour in 1982?,,,,Steve Perry,false
Queen Quiz: World Stage 1977–1982 (Part 2),,Which singer supported Queen on their final American tour in 1982?,,,,Billy Squier,true
Queen Quiz: World Stage 1977–1982 (Part 2),,Which city greeted Queen with their own music over the airport PA in 1981?,Touring,hard,3,Sao Paulo,false
Queen Quiz: World Stage 1977–1982 (Part 2),,Which city greeted Queen with their own music over the airport PA in 1981?,,,,Rio de Janeiro,false
Queen Quiz: World Stage 1977–1982 (Part 2),,Which city greeted Queen with their own music over the airport PA in 1981?,,,,Buenos Aires,true
Queen Quiz: World Stage 1977–1982 (Part 2),,Which city greeted Queen with their own music over the airport PA in 1981?,,,,Caracas,false
Queen Quiz: World Stage 1977–1982 (Part 2),,Which song's 1977 promo used Queen fan-club members as an audience?,Videos,hard,3,We Are the Champions,true
Queen Quiz: World Stage 1977–1982 (Part 2),,Which song's 1977 promo used Queen fan-club members as an audience?,,,,We Will Rock You,false
Queen Quiz: World Stage 1977–1982 (Part 2),,Which song's 1977 promo used Queen fan-club members as an audience?,,,,Spread Your Wings,false
Queen Quiz: World Stage 1977–1982 (Part 2),,Which song's 1977 promo used Queen fan-club members as an audience?,,,,It's Late,false
Queen Quiz: World Stage 1977–1982 (Part 2),,Which US label released Queen's final single under their old contract in 1982?,Record deals,hard,3,Elektra Records,true
Queen Quiz: World Stage 1977–1982 (Part 2),,Which US label released Queen's final single under their old contract in 1982?,,,,Capitol Records,false
Queen Quiz: World Stage 1977–1982 (Part 2),,Which US label released Queen's final single under their old contract in 1982?,,,,Hollywood Records,false
Queen Quiz: World Stage 1977–1982 (Part 2),,Which US label released Queen's final single under their old contract in 1982?,,,,Mercury Records,false
Queen Quiz: World Stage 1977–1982 (Part 2),,In which country were planned 1981 shows cancelled after the death of a former president?,Touring,hard,3,Argentina,false
Queen Quiz: World Stage 1977–1982 (Part 2),,In which country were planned 1981 shows cancelled after the death of a former president?,,,,Brazil,false
Queen Quiz: World Stage 1977–1982 (Part 2),,In which country were planned 1981 shows cancelled after the death of a former president?,,,,Mexico,false
Queen Quiz: World Stage 1977–1982 (Part 2),,In which country were planned 1981 shows cancelled after the death of a former president?,,,,Venezuela,true
Queen Quiz: World Stage 1977–1982 (Part 2),,What did Freddie begin wearing over his leotards for some 1978 shows?,Music videos,hard,3,A military uniform,false
Queen Quiz: World Stage 1977–1982 (Part 2),,What did Freddie begin wearing over his leotards for some 1978 shows?,,,,A white tuxedo,false
Queen Quiz: World Stage 1977–1982 (Part 2),,What did Freddie begin wearing over his leotards for some 1978 shows?,,,,A leather trench coat,false
Queen Quiz: World Stage 1977–1982 (Part 2),,What did Freddie begin wearing over his leotards for some 1978 shows?,,,,A black PVC jacket and trousers,true
Queen Quiz: World Stage 1977–1982 (Part 2),,What title was given to the 1982 Seibu Lions Stadium video released in Japan?,Live film,hard,3,Live Killers,false
Queen Quiz: World Stage 1977–1982 (Part 2),,What title was given to the 1982 Seibu Lions Stadium video released in Japan?,,,,Live in Japan,true
Queen Quiz: World Stage 1977–1982 (Part 2),,What title was given to the 1982 Seibu Lions Stadium video released in Japan?,,,,Live Magic,false
Queen Quiz: World Stage 1977–1982 (Part 2),,What title was given to the 1982 Seibu Lions Stadium video released in Japan?,,,,Queen on Fire,false
Queen Quiz: World Stage 1977–1982 (Part 2),,Which small Tottenham club did Queen play during the Crazy Tour of London?,Touring,hard,4,Marquee Club,false
Queen Quiz: World Stage 1977–1982 (Part 2),,Which small Tottenham club did Queen play during the Crazy Tour of London?,,,,Speakeasy,false
Queen Quiz: World Stage 1977–1982 (Part 2),,Which small Tottenham club did Queen play during the Crazy Tour of London?,,,,Roxy,false
Queen Quiz: World Stage 1977–1982 (Part 2),,Which small Tottenham club did Queen play during the Crazy Tour of London?,,,,Mayfair Club,true
Queen Quiz: World Stage 1977–1982 (Part 2),,Which New York arena did Queen first headline in February 1977?,Touring,hard,3,Budokan,false
Queen Quiz: World Stage 1977–1982 (Part 2),,Which New York arena did Queen first headline in February 1977?,,,,Earls Court Arena,false
Queen Quiz: World Stage 1977–1982 (Part 2),,Which New York arena did Queen first headline in February 1977?,,,,Madison Square Garden,true
Queen Quiz: World Stage 1977–1982 (Part 2),,Which New York arena did Queen first headline in February 1977?,,,,Knebworth Park,false
Queen Quiz: World Stage 1977–1982 (Part 2),,At which London theatre did invited Queen fans help film the 'We Are the Champions' promo?,Videos,hard,4,Rainbow Theatre,false
Queen Quiz: World Stage 1977–1982 (Part 2),,At which London theatre did invited Queen fans help film the 'We Are the Champions' promo?,,,,New London Theatre,true
Queen Quiz: World Stage 1977–1982 (Part 2),,At which London theatre did invited Queen fans help film the 'We Are the Champions' promo?,,,,Hammersmith Odeon,false
Queen Quiz: World Stage 1977–1982 (Part 2),,At which London theatre did invited Queen fans help film the 'We Are the Champions' promo?,,,,Lyceum Theatre,false
Queen Quiz: World Stage 1977–1982 (Part 2),,Which John Lennon song did Queen perform at Wembley Arena after his death?,Tributes,hard,3,Jealous Guy,false
Queen Quiz: World Stage 1977–1982 (Part 2),,Which John Lennon song did Queen perform at Wembley Arena after his death?,,,,Give Peace a Chance,false
Queen Quiz: World Stage 1977–1982 (Part 2),,Which John Lennon song did Queen perform at Wembley Arena after his death?,,,,Woman,false
Queen Quiz: World Stage 1977–1982 (Part 2),,Which John Lennon song did Queen perform at Wembley Arena after his death?,,,,Imagine,true
Queen Quiz: World Stage 1977–1982 (Part 2),,At which California venue did Queen end their 1978 tour with three nights?,Touring,hard,3,Los Angeles Forum,true
Queen Quiz: World Stage 1977–1982 (Part 2),,At which California venue did Queen end their 1978 tour with three nights?,,,,Rockfield Studios,false
Queen Quiz: World Stage 1977–1982 (Part 2),,At which California venue did Queen end their 1978 tour with three nights?,,,,The Marquee,false
Queen Quiz: World Stage 1977–1982 (Part 2),,At which California venue did Queen end their 1978 tour with three nights?,,,,Wembley Stadium,false
Queen Quiz: World Stage 1977–1982 (Part 2),,Which group first supported Queen's 1982 European tour before leaving the bill?,Touring,hard,3,Bow Wow Wow,true
Queen Quiz: World Stage 1977–1982 (Part 2),,Which group first supported Queen's 1982 European tour before leaving the bill?,,,,Airrace,false
Queen Quiz: World Stage 1977–1982 (Part 2),,Which group first supported Queen's 1982 European tour before leaving the bill?,,,,The Blasters,false
Queen Quiz: World Stage 1977–1982 (Part 2),,Which group first supported Queen's 1982 European tour before leaving the bill?,,,,Marillion,false
Queen Quiz: World Stage 1977–1982 (Part 2),,In which city were the final three shows of Queen's early-1979 European tour filmed?,Touring,hard,3,Rio de Janeiro,false
Queen Quiz: World Stage 1977–1982 (Part 2),,In which city were the final three shows of Queen's early-1979 European tour filmed?,,,,Paris,true
Queen Quiz: World Stage 1977–1982 (Part 2),,In which city were the final three shows of Queen's early-1979 European tour filmed?,,,,Munich,false
Queen Quiz: World Stage 1977–1982 (Part 2),,In which city were the final three shows of Queen's early-1979 European tour filmed?,,,,Stockholm,false
Queen Quiz: World Stage 1977–1982 (Part 2),,In which Canadian city did Queen film two concerts in November 1981?,Live film,hard,3,Montreal,true
Queen Quiz: World Stage 1977–1982 (Part 2),,In which Canadian city did Queen film two concerts in November 1981?,,,,London,false
Queen Quiz: World Stage 1977–1982 (Part 2),,In which Canadian city did Queen film two concerts in November 1981?,,,,Toronto,false
Queen Quiz: World Stage 1977–1982 (Part 2),,In which Canadian city did Queen film two concerts in November 1981?,,,,Liverpool,false
Queen Quiz: World Stage 1977–1982 (Part 2),,Which Queen single was paired with 'Fat Bottomed Girls' as a double A-side?,Songs,hard,3,Mustapha,false
Queen Quiz: World Stage 1977–1982 (Part 2),,Which Queen single was paired with 'Fat Bottomed Girls' as a double A-side?,,,,Bicycle Race,true
Queen Quiz: World Stage 1977–1982 (Part 2),,Which Queen single was paired with 'Fat Bottomed Girls' as a double A-side?,,,,Don't Stop Me Now,false
Queen Quiz: World Stage 1977–1982 (Part 2),,Which Queen single was paired with 'Fat Bottomed Girls' as a double A-side?,,,,Jealousy,false
Queen Quiz: Works and Magic 1983–1986 (Part 1),Additional sourced Queen questions for editorial review.,How many Independent Radio Network stations carried Queen's 1986 Wembley simulcast?,Broadcasts,hard,3,18,false
Queen Quiz: Works and Magic 1983–1986 (Part 1),,How many Independent Radio Network stations carried Queen's 1986 Wembley simulcast?,,,,28,false
Queen Quiz: Works and Magic 1983–1986 (Part 1),,How many Independent Radio Network stations carried Queen's 1986 Wembley simulcast?,,,,48,true
Queen Quiz: Works and Magic 1983–1986 (Part 1),,How many Independent Radio Network stations carried Queen's 1986 Wembley simulcast?,,,,88,false
Queen Quiz: Works and Magic 1983–1986 (Part 1),,"Besides the UK, how many other European countries did the 1986 Magic Tour visit?",Touring,hard,4,Five,false
Queen Quiz: Works and Magic 1983–1986 (Part 1),,"Besides the UK, how many other European countries did the 1986 Magic Tour visit?",,,,Seven,false
Queen Quiz: Works and Magic 1983–1986 (Part 1),,"Besides the UK, how many other European countries did the 1986 Magic Tour visit?",,,,Eleven,false
Queen Quiz: Works and Magic 1983–1986 (Part 1),,"Besides the UK, how many other European countries did the 1986 Magic Tour visit?",,,,Nine,true
Queen Quiz: Works and Magic 1983–1986 (Part 1),,Which football stadium hosted Queen's 1986 Manchester concert?,Touring,hard,3,Old Trafford,false
Queen Quiz: Works and Magic 1983–1986 (Part 1),,Which football stadium hosted Queen's 1986 Manchester concert?,,,,Maine Road,true
Queen Quiz: Works and Magic 1983–1986 (Part 1),,Which football stadium hosted Queen's 1986 Manchester concert?,,,,Etihad Stadium,false
Queen Quiz: Works and Magic 1983–1986 (Part 1),,Which football stadium hosted Queen's 1986 Manchester concert?,,,,Edgeley Park,false
Queen Quiz: Works and Magic 1983–1986 (Part 1),,Which band did Brian May join on stage during a 1986 Cologne show?,Touring,hard,3,Marillion,true
Queen Quiz: Works and Magic 1983–1986 (Part 1),,Which band did Brian May join on stage during a 1986 Cologne show?,,,,Status Quo,false
Queen Quiz: Works and Magic 1983–1986 (Part 1),,Which band did Brian May join on stage during a 1986 Cologne show?,,,,Bad News,false
Queen Quiz: Works and Magic 1983–1986 (Part 1),,Which band did Brian May join on stage during a 1986 Cologne show?,,,,Thin Lizzy,false
Queen Quiz: Works and Magic 1983–1986 (Part 1),,Which song's video popularised the audience's double overhead handclap on the Works Tour?,Touring,hard,3,Radio Ga Ga,true
Queen Quiz: Works and Magic 1983–1986 (Part 1),,Which song's video popularised the audience's double overhead handclap on the Works Tour?,,,,I Want to Break Free,false
Queen Quiz: Works and Magic 1983–1986 (Part 1),,Which song's video popularised the audience's double overhead handclap on the Works Tour?,,,,Hammer to Fall,false
Queen Quiz: Works and Magic 1983–1986 (Part 1),,Which song's video popularised the audience's double overhead handclap on the Works Tour?,,,,It's a Hard Life,false
Queen Quiz: Works and Magic 1983–1986 (Part 1),,At which Italian song festival did Queen perform 'Radio Ga Ga' in 1984?,Festivals,hard,3,Festivalbar,false
Queen Quiz: Works and Magic 1983–1986 (Part 1),,At which Italian song festival did Queen perform 'Radio Ga Ga' in 1984?,,,,Eurovision,false
Queen Quiz: Works and Magic 1983–1986 (Part 1),,At which Italian song festival did Queen perform 'Radio Ga Ga' in 1984?,,,,Sanremo,true
Queen Quiz: Works and Magic 1983–1986 (Part 1),,At which Italian song festival did Queen perform 'Radio Ga Ga' in 1984?,,,,Venice Film Festival,false
Queen Quiz: Works and Magic 1983–1986 (Part 1),,"What was the title of Roger Taylor's second solo album, released in 1984?",Solo work,hard,3,Fun in Space,false
Queen Quiz: Works and Magic 1983–1986 (Part 1),,"What was the title of Roger Taylor's second solo album, released in 1984?",,,,Happiness?,false
Queen Quiz: Works and Magic 1983–1986 (Part 1),,"What was the title of Roger Taylor's second solo album, released in 1984?",,,,Electric Fire,false
Queen Quiz: Works and Magic 1983–1986 (Part 1),,"What was the title of Roger Taylor's second solo album, released in 1984?",,,,Strange Frontier,true
Queen Quiz: Works and Magic 1983–1986 (Part 1),,Which Irish castle hosted a rain-soaked Queen show in July 1986?,Touring,hard,3,Blarney Castle,false
Queen Quiz: Works and Magic 1983–1986 (Part 1),,Which Irish castle hosted a rain-soaked Queen show in July 1986?,,,,Slane Castle,true
Queen Quiz: Works and Magic 1983–1986 (Part 1),,Which Irish castle hosted a rain-soaked Queen show in July 1986?,,,,Dublin Castle,false
Queen Quiz: Works and Magic 1983–1986 (Part 1),,Which Irish castle hosted a rain-soaked Queen show in July 1986?,,,,Malahide Castle,false
Queen Quiz: Works and Magic 1983–1986 (Part 1),,At which film festival did Queen's We Will Rock You concert film premiere in 1983?,Live film,hard,3,Venice,false
Queen Quiz: Works and Magic 1983–1986 (Part 1),,At which film festival did Queen's We Will Rock You concert film premiere in 1983?,,,,Berlin,false
Queen Quiz: Works and Magic 1983–1986 (Part 1),,At which film festival did Queen's We Will Rock You concert film premiere in 1983?,,,,Cannes,true
Queen Quiz: Works and Magic 1983–1986 (Part 1),,At which film festival did Queen's We Will Rock You concert film premiere in 1983?,,,,Sundance,false
Queen Quiz: Works and Magic 1983–1986 (Part 1),,At which studios did hundreds of fans help film the 'Radio Ga Ga' video?,Music videos,hard,4,Shepperton Studios,true
Queen Quiz: Works and Magic 1983–1986 (Part 1),,At which studios did hundreds of fans help film the 'Radio Ga Ga' video?,,,,Elstree Studios,false
Queen Quiz: Works and Magic 1983–1986 (Part 1),,At which studios did hundreds of fans help film the 'Radio Ga Ga' video?,,,,Pinewood Studios,false
Queen Quiz: Works and Magic 1983–1986 (Part 1),,At which studios did hundreds of fans help film the 'Radio Ga Ga' video?,,,,Trident Studios,false
Queen Quiz: Works and Magic 1983–1986 (Part 1),,In which city did Queen's 1984 European tour conclude before Sun City?,Touring,hard,3,Toronto,false
Queen Quiz: Works and Magic 1983–1986 (Part 1),,In which city did Queen's 1984 European tour conclude before Sun City?,,,,Brussels,false
Queen Quiz: Works and Magic 1983–1986 (Part 1),,In which city did Queen's 1984 European tour conclude before Sun City?,,,,Vienna,true
Queen Quiz: Works and Magic 1983–1986 (Part 1),,In which city did Queen's 1984 European tour conclude before Sun City?,,,,Montreal,false
Queen Quiz: Works and Magic 1983–1986 (Part 1),,Which dancer inspired the ballet sequence in the 'I Want to Break Free' video?,Music videos,hard,3,Rudolf Nureyev,false
Queen Quiz: Works and Magic 1983–1986 (Part 1),,Which dancer inspired the ballet sequence in the 'I Want to Break Free' video?,,,,Vaslav Nijinsky,true
Queen Quiz: Works and Magic 1983–1986 (Part 1),,Which dancer inspired the ballet sequence in the 'I Want to Break Free' video?,,,,Mikhail Baryshnikov,false
Queen Quiz: Works and Magic 1983–1986 (Part 1),,Which dancer inspired the ballet sequence in the 'I Want to Break Free' video?,,,,George Balanchine,false
Queen Quiz: Works and Magic 1983–1986 (Part 1),,"Besides keyboards, what instrument did Spike Edney play on 'Hammer to Fall' live?",Touring,hard,3,Saxophone,false
Queen Quiz: Works and Magic 1983–1986 (Part 1),,"Besides keyboards, what instrument did Spike Edney play on 'Hammer to Fall' live?",,,,Trumpet,false
Queen Quiz: Works and Magic 1983–1986 (Part 1),,"Besides keyboards, what instrument did Spike Edney play on 'Hammer to Fall' live?",,,,Guitar,true
Queen Quiz: Works and Magic 1983–1986 (Part 1),,"Besides keyboards, what instrument did Spike Edney play on 'Hammer to Fall' live?",,,,Violin,false
Queen Quiz: Works and Magic 1983–1986 (Part 1),,How wide was the Wembley Stadium stage built for Queen's 1986 shows?,Touring,hard,4,160 feet,true
Queen Quiz: Works and Magic 1983–1986 (Part 1),,How wide was the Wembley Stadium stage built for Queen's 1986 shows?,,,,60 feet,false
Queen Quiz: Works and Magic 1983–1986 (Part 1),,How wide was the Wembley Stadium stage built for Queen's 1986 shows?,,,,100 feet,false
Queen Quiz: Works and Magic 1983–1986 (Part 1),,How wide was the Wembley Stadium stage built for Queen's 1986 shows?,,,,260 feet,false
Queen Quiz: Works and Magic 1983–1986 (Part 1),,Which English county hosted Queen's last Magic Tour concert with Freddie Mercury?,Touring,hard,3,Surrey,false
Queen Quiz: Works and Magic 1983–1986 (Part 1),,Which English county hosted Queen's last Magic Tour concert with Freddie Mercury?,,,,Hertfordshire,true
Queen Quiz: Works and Magic 1983–1986 (Part 1),,Which English county hosted Queen's last Magic Tour concert with Freddie Mercury?,,,,Kent,false
Queen Quiz: Works and Magic 1983–1986 (Part 1),,Which English county hosted Queen's last Magic Tour concert with Freddie Mercury?,,,,Buckinghamshire,false
Queen Quiz: Works and Magic 1983–1986 (Part 1),,Approximately how long was Queen's Live Aid set?,Live Aid,hard,3,9 minutes,false
Queen Quiz: Works and Magic 1983–1986 (Part 1),,Approximately how long was Queen's Live Aid set?,,,,35 minutes,false
Queen Quiz: Works and Magic 1983–1986 (Part 1),,Approximately how long was Queen's Live Aid set?,,,,60 minutes,false
Queen Quiz: Works and Magic 1983–1986 (Part 1),,Approximately how long was Queen's Live Aid set?,,,,19 minutes,true
Queen Quiz: Works and Magic 1983–1986 (Part 1),,What was the title of Queen's final 1986 Magic Tour concert at Knebworth?,Touring,hard,3,A Day at the Races,false
Queen Quiz: Works and Magic 1983–1986 (Part 1),,What was the title of Queen's final 1986 Magic Tour concert at Knebworth?,,,,The Last Magic Show,false
Queen Quiz: Works and Magic 1983–1986 (Part 1),,What was the title of Queen's final 1986 Magic Tour concert at Knebworth?,,,,A Night of Summer Magic,true
Queen Quiz: Works and Magic 1983–1986 (Part 1),,What was the title of Queen's final 1986 Magic Tour concert at Knebworth?,,,,A Night at the Opera,false
Queen Quiz: Works and Magic 1983–1986 (Part 1),,How many 35mm cameras did the Hungarian film crew use for Queen's Budapest show?,Touring,hard,4,17,true
Queen Quiz: Works and Magic 1983–1986 (Part 1),,How many 35mm cameras did the Hungarian film crew use for Queen's Budapest show?,,,,7,false
Queen Quiz: Works and Magic 1983–1986 (Part 1),,How many 35mm cameras did the Hungarian film crew use for Queen's Budapest show?,,,,12,false
Queen Quiz: Works and Magic 1983–1986 (Part 1),,How many 35mm cameras did the Hungarian film crew use for Queen's Budapest show?,,,,35,false
Queen Quiz: Works and Magic 1983–1986 (Part 1),,At which South African resort did Queen play controversial shows in 1984?,Touring,hard,3,Durban Beach,false
Queen Quiz: Works and Magic 1983–1986 (Part 1),,At which South African resort did Queen play controversial shows in 1984?,,,,Gold Reef City,false
Queen Quiz: Works and Magic 1983–1986 (Part 1),,At which South African resort did Queen play controversial shows in 1984?,,,,Sun International Cape Town,false
Queen Quiz: Works and Magic 1983–1986 (Part 1),,At which South African resort did Queen play controversial shows in 1984?,,,,Sun City,true
Queen Quiz: Works and Magic 1983–1986 (Part 1),,Which TV channel aired The Real Magic Wembley concert film in 1986?,Broadcasts,hard,3,BBC One,false
Queen Quiz: Works and Magic 1983–1986 (Part 1),,Which TV channel aired The Real Magic Wembley concert film in 1986?,,,,ITV,false
Queen Quiz: Works and Magic 1983–1986 (Part 1),,Which TV channel aired The Real Magic Wembley concert film in 1986?,,,,Sky One,false
Queen Quiz: Works and Magic 1983–1986 (Part 1),,Which TV channel aired The Real Magic Wembley concert film in 1986?,,,,Channel 4,true
Queen Quiz: Works and Magic 1983–1986 (Part 1),,Which London venue hosted Queen's Live Aid performance?,Live Aid,hard,3,Hammersmith Odeon,false
Queen Quiz: Works and Magic 1983–1986 (Part 1),,Which London venue hosted Queen's Live Aid performance?,,,,Rockfield Studios,false
Queen Quiz: Works and Magic 1983–1986 (Part 1),,Which London venue hosted Queen's Live Aid performance?,,,,Wembley Stadium,true
Queen Quiz: Works and Magic 1983–1986 (Part 1),,Which London venue hosted Queen's Live Aid performance?,,,,Rainbow Theatre,false
Queen Quiz: Works and Magic 1983–1986 (Part 1),,At which London theatre did Queen rehearse for Live Aid?,Live Aid,hard,3,Dominion Theatre,false
Queen Quiz: Works and Magic 1983–1986 (Part 1),,At which London theatre did Queen rehearse for Live Aid?,,,,Shaw Theatre,true
Queen Quiz: Works and Magic 1983–1986 (Part 1),,At which London theatre did Queen rehearse for Live Aid?,,,,New London Theatre,false
Queen Quiz: Works and Magic 1983–1986 (Part 1),,At which London theatre did Queen rehearse for Live Aid?,,,,Hammersmith Odeon,false
Queen Quiz: Works and Magic 1983–1986 (Part 1),,Which Freddie Mercury single from Mr. Bad Guy was released in September 1985?,Solo work,hard,3,Living on My Own,true
Queen Quiz: Works and Magic 1983–1986 (Part 1),,Which Freddie Mercury single from Mr. Bad Guy was released in September 1985?,,,,The Great Pretender,false
Queen Quiz: Works and Magic 1983–1986 (Part 1),,Which Freddie Mercury single from Mr. Bad Guy was released in September 1985?,,,,Barcelona,false
Queen Quiz: Works and Magic 1983–1986 (Part 1),,Which Freddie Mercury single from Mr. Bad Guy was released in September 1985?,,,,Love Kills,false
Queen Quiz: Works and Magic 1983–1986 (Part 1),,Which two Queen members visited Japan and South Korea to promote The Works?,Promotion,hard,3,Freddie Mercury and Brian May,false
Queen Quiz: Works and Magic 1983–1986 (Part 1),,Which two Queen members visited Japan and South Korea to promote The Works?,,,,Brian May and Roger Taylor,false
Queen Quiz: Works and Magic 1983–1986 (Part 1),,Which two Queen members visited Japan and South Korea to promote The Works?,,,,Roger Taylor and John Deacon,true
Queen Quiz: Works and Magic 1983–1986 (Part 1),,Which two Queen members visited Japan and South Korea to promote The Works?,,,,Freddie Mercury and John Deacon,false
Queen Quiz: Works and Magic 1983–1986 (Part 1),,Which keyboard player joined Queen's touring line-up for the Works Tour?,Touring,hard,3,Morgan Fisher,false
Queen Quiz: Works and Magic 1983–1986 (Part 1),,Which keyboard player joined Queen's touring line-up for the Works Tour?,,,,Spike Edney,true
Queen Quiz: Works and Magic 1983–1986 (Part 1),,Which keyboard player joined Queen's touring line-up for the Works Tour?,,,,Fred Mandel,false
Queen Quiz: Works and Magic 1983–1986 (Part 1),,Which keyboard player joined Queen's touring line-up for the Works Tour?,,,,Mike Moran,false
Queen Quiz: Works and Magic 1983–1986 (Part 2),Additional sourced Queen questions for editorial review.,During which song did Freddie reinjure his knee onstage in Hannover in 1984?,Touring,hard,3,Radio Ga Ga,false
Queen Quiz: Works and Magic 1983–1986 (Part 2),,During which song did Freddie reinjure his knee onstage in Hannover in 1984?,,,,Hammer to Fall,true
Queen Quiz: Works and Magic 1983–1986 (Part 2),,During which song did Freddie reinjure his knee onstage in Hannover in 1984?,,,,I Want to Break Free,false
Queen Quiz: Works and Magic 1983–1986 (Part 2),,During which song did Freddie reinjure his knee onstage in Hannover in 1984?,,,,Tie Your Mother Down,false
Queen Quiz: Works and Magic 1983–1986 (Part 2),,Which charity received proceeds from Queen's 1986 Newcastle concert?,Touring,hard,3,Oxfam,false
Queen Quiz: Works and Magic 1983–1986 (Part 2),,Which charity received proceeds from Queen's 1986 Newcastle concert?,,,,Comic Relief,false
Queen Quiz: Works and Magic 1983–1986 (Part 2),,Which charity received proceeds from Queen's 1986 Newcastle concert?,,,,British Red Cross,false
Queen Quiz: Works and Magic 1983–1986 (Part 2),,Which charity received proceeds from Queen's 1986 Newcastle concert?,,,,Save the Children,true
Queen Quiz: Works and Magic 1983–1986 (Part 2),,What was Freddie Mercury's debut solo album called?,Solo work,hard,3,Barcelona,false
Queen Quiz: Works and Magic 1983–1986 (Part 2),,What was Freddie Mercury's debut solo album called?,,,,The Great Pretender,false
Queen Quiz: Works and Magic 1983–1986 (Part 2),,What was Freddie Mercury's debut solo album called?,,,,Mr. Bad Guy,true
Queen Quiz: Works and Magic 1983–1986 (Part 2),,What was Freddie Mercury's debut solo album called?,,,,Made in Heaven,false
Queen Quiz: Works and Magic 1983–1986 (Part 2),,Which broadcaster filmed Queen's second 1986 Wembley Stadium show?,Broadcasts,hard,3,BBC Television,false
Queen Quiz: Works and Magic 1983–1986 (Part 2),,Which broadcaster filmed Queen's second 1986 Wembley Stadium show?,,,,Tyne Tees Television,true
Queen Quiz: Works and Magic 1983–1986 (Part 2),,Which broadcaster filmed Queen's second 1986 Wembley Stadium show?,,,,Granada Television,false
Queen Quiz: Works and Magic 1983–1986 (Part 2),,Which broadcaster filmed Queen's second 1986 Wembley Stadium show?,,,,Channel 4,false
Queen Quiz: Works and Magic 1983–1986 (Part 2),,Which label signed Queen for US releases in late 1983?,Record deals,hard,3,Hollywood Records,false
Queen Quiz: Works and Magic 1983–1986 (Part 2),,Which label signed Queen for US releases in late 1983?,,,,Elektra Records,false
Queen Quiz: Works and Magic 1983–1986 (Part 2),,Which label signed Queen for US releases in late 1983?,,,,Mercury Records,false
Queen Quiz: Works and Magic 1983–1986 (Part 2),,Which label signed Queen for US releases in late 1983?,,,,Capitol Records,true
Queen Quiz: Works and Magic 1983–1986 (Part 2),,Which album was Queen still promoting on their 1985 Australia and New Zealand dates?,Festivals,hard,3,A Kind of Magic,false
Queen Quiz: Works and Magic 1983–1986 (Part 2),,Which album was Queen still promoting on their 1985 Australia and New Zealand dates?,,,,The Works,true
Queen Quiz: Works and Magic 1983–1986 (Part 2),,Which album was Queen still promoting on their 1985 Australia and New Zealand dates?,,,,Hot Space,false
Queen Quiz: Works and Magic 1983–1986 (Part 2),,Which album was Queen still promoting on their 1985 Australia and New Zealand dates?,,,,The Miracle,false
Queen Quiz: Works and Magic 1983–1986 (Part 2),,Which British soap opera inspired the domestic cross-dressing scenes in 'I Want to Break Free'?,Music videos,hard,3,EastEnders,false
Queen Quiz: Works and Magic 1983–1986 (Part 2),,Which British soap opera inspired the domestic cross-dressing scenes in 'I Want to Break Free'?,,,,Brookside,false
Queen Quiz: Works and Magic 1983–1986 (Part 2),,Which British soap opera inspired the domestic cross-dressing scenes in 'I Want to Break Free'?,,,,Emmerdale,false
Queen Quiz: Works and Magic 1983–1986 (Part 2),,Which British soap opera inspired the domestic cross-dressing scenes in 'I Want to Break Free'?,,,,Coronation Street,true
Queen Quiz: Works and Magic 1983–1986 (Part 2),,How many separate locations did Queen's official archive count on the Magic Tour?,Touring,hard,4,12,false
Queen Quiz: Works and Magic 1983–1986 (Part 2),,How many separate locations did Queen's official archive count on the Magic Tour?,,,,26,false
Queen Quiz: Works and Magic 1983–1986 (Part 2),,How many separate locations did Queen's official archive count on the Magic Tour?,,,,20,true
Queen Quiz: Works and Magic 1983–1986 (Part 2),,How many separate locations did Queen's official archive count on the Magic Tour?,,,,30,false
Queen Quiz: Works and Magic 1983–1986 (Part 2),,Which Queen member wrote the Biggles film theme 'No Turning Back'?,Film,hard,3,Freddie Mercury,false
Queen Quiz: Works and Magic 1983–1986 (Part 2),,Which Queen member wrote the Biggles film theme 'No Turning Back'?,,,,Roger Taylor,false
Queen Quiz: Works and Magic 1983–1986 (Part 2),,Which Queen member wrote the Biggles film theme 'No Turning Back'?,,,,John Deacon,true
Queen Quiz: Works and Magic 1983–1986 (Part 2),,Which Queen member wrote the Biggles film theme 'No Turning Back'?,,,,Brian May,false
Queen Quiz: Works and Magic 1983–1986 (Part 2),,Which Freddie Mercury single from the musical Time appeared in 1986?,Solo work,hard,3,Time,true
Queen Quiz: Works and Magic 1983–1986 (Part 2),,Which Freddie Mercury single from the musical Time appeared in 1986?,,,,In My Defence,false
Queen Quiz: Works and Magic 1983–1986 (Part 2),,Which Freddie Mercury single from the musical Time appeared in 1986?,,,,Barcelona,false
Queen Quiz: Works and Magic 1983–1986 (Part 2),,Which Freddie Mercury single from the musical Time appeared in 1986?,,,,Love Kills,false
Queen Quiz: Works and Magic 1983–1986 (Part 2),,Which Newcastle venue hosted a 1986 Queen show benefiting Save the Children?,Touring,hard,3,City Hall,false
Queen Quiz: Works and Magic 1983–1986 (Part 2),,Which Newcastle venue hosted a 1986 Queen show benefiting Save the Children?,,,,Eldon Square,false
Queen Quiz: Works and Magic 1983–1986 (Part 2),,Which Newcastle venue hosted a 1986 Queen show benefiting Save the Children?,,,,St James' Park,true
Queen Quiz: Works and Magic 1983–1986 (Part 2),,Which Newcastle venue hosted a 1986 Queen show benefiting Save the Children?,,,,Newcastle Arena,false
Queen Quiz: Works and Magic 1983–1986 (Part 2),,In which city did Queen's Works Tour begin in August 1984?,Touring,hard,3,Brussels,true
Queen Quiz: Works and Magic 1983–1986 (Part 2),,In which city did Queen's Works Tour begin in August 1984?,,,,Vienna,false
Queen Quiz: Works and Magic 1983–1986 (Part 2),,In which city did Queen's Works Tour begin in August 1984?,,,,Stockholm,false
Queen Quiz: Works and Magic 1983–1986 (Part 2),,In which city did Queen's Works Tour begin in August 1984?,,,,Toronto,false
Queen Quiz: Works and Magic 1983–1986 (Part 2),,Which Brazilian festival did Queen headline twice in January 1985?,Festivals,hard,3,Rock in Rio,true
Queen Quiz: Works and Magic 1983–1986 (Part 2),,Which Brazilian festival did Queen headline twice in January 1985?,,,,Lollapalooza,false
Queen Quiz: Works and Magic 1983–1986 (Part 2),,Which Brazilian festival did Queen headline twice in January 1985?,,,,Hollywood Rock,false
Queen Quiz: Works and Magic 1983–1986 (Part 2),,Which Brazilian festival did Queen headline twice in January 1985?,,,,Monsters of Rock,false
Queen Quiz: Works and Magic 1983–1986 (Part 2),,Which country hosted Queen's 1986 stadium concert at the Népstadion?,Touring,hard,3,Poland,false
Queen Quiz: Works and Magic 1983–1986 (Part 2),,Which country hosted Queen's 1986 stadium concert at the Népstadion?,,,,Austria,false
Queen Quiz: Works and Magic 1983–1986 (Part 2),,Which country hosted Queen's 1986 stadium concert at the Népstadion?,,,,Czechoslovakia,false
Queen Quiz: Works and Magic 1983–1986 (Part 2),,Which country hosted Queen's 1986 stadium concert at the Népstadion?,,,,Hungary,true
Queen Quiz: Works and Magic 1983–1986 (Part 2),,Which 1986 film inspired much of the A Kind of Magic album?,Film,hard,3,Highlander,true
Queen Quiz: Works and Magic 1983–1986 (Part 2),,Which 1986 film inspired much of the A Kind of Magic album?,,,,Flash Gordon,false
Queen Quiz: Works and Magic 1983–1986 (Part 2),,Which 1986 film inspired much of the A Kind of Magic album?,,,,Labyrinth,false
Queen Quiz: Works and Magic 1983–1986 (Part 2),,Which 1986 film inspired much of the A Kind of Magic album?,,,,Biggles,false
Queen Quiz: Works and Magic 1983–1986 (Part 2),,Roughly how many tickets sold within an hour for Queen's 1986 Newcastle show?,Touring,hard,4,"8,000",false
Queen Quiz: Works and Magic 1983–1986 (Part 2),,Roughly how many tickets sold within an hour for Queen's 1986 Newcastle show?,,,,"18,000",false
Queen Quiz: Works and Magic 1983–1986 (Part 2),,Roughly how many tickets sold within an hour for Queen's 1986 Newcastle show?,,,,"80,000",false
Queen Quiz: Works and Magic 1983–1986 (Part 2),,Roughly how many tickets sold within an hour for Queen's 1986 Newcastle show?,,,,"38,000",true
Queen Quiz: Works and Magic 1983–1986 (Part 2),,Which country hosted the first Magic Tour shows?,Touring,hard,3,Sweden,true
Queen Quiz: Works and Magic 1983–1986 (Part 2),,Which country hosted the first Magic Tour shows?,,,,Germany,false
Queen Quiz: Works and Magic 1983–1986 (Part 2),,Which country hosted the first Magic Tour shows?,,,,Belgium,false
Queen Quiz: Works and Magic 1983–1986 (Part 2),,Which country hosted the first Magic Tour shows?,,,,France,false
Queen Quiz: Works and Magic 1983–1986 (Part 2),,Which Freddie solo single from 1985 later lent its title to a Queen album?,Solo work,hard,3,Living on My Own,false
Queen Quiz: Works and Magic 1983–1986 (Part 2),,Which Freddie solo single from 1985 later lent its title to a Queen album?,,,,Love Kills,false
Queen Quiz: Works and Magic 1983–1986 (Part 2),,Which Freddie solo single from 1985 later lent its title to a Queen album?,,,,The Great Pretender,false
Queen Quiz: Works and Magic 1983–1986 (Part 2),,Which Freddie solo single from 1985 later lent its title to a Queen album?,,,,Made in Heaven,true
Queen Quiz: Works and Magic 1983–1986 (Part 2),,In which New Zealand city did Queen play their first concert there in 1985?,Touring,hard,3,Wellington,false
Queen Quiz: Works and Magic 1983–1986 (Part 2),,In which New Zealand city did Queen play their first concert there in 1985?,,,,Christchurch,false
Queen Quiz: Works and Magic 1983–1986 (Part 2),,In which New Zealand city did Queen play their first concert there in 1985?,,,,Dunedin,false
Queen Quiz: Works and Magic 1983–1986 (Part 2),,In which New Zealand city did Queen play their first concert there in 1985?,,,,Auckland,true
Queen Quiz: Works and Magic 1983–1986 (Part 2),,Approximately how many fan-club volunteers appeared in the 'Radio Ga Ga' shoot?,Music videos,hard,4,50,false
Queen Quiz: Works and Magic 1983–1986 (Part 2),,Approximately how many fan-club volunteers appeared in the 'Radio Ga Ga' shoot?,,,,500,true
Queen Quiz: Works and Magic 1983–1986 (Part 2),,Approximately how many fan-club volunteers appeared in the 'Radio Ga Ga' shoot?,,,,100,false
Queen Quiz: Works and Magic 1983–1986 (Part 2),,Approximately how many fan-club volunteers appeared in the 'Radio Ga Ga' shoot?,,,,"1,000",false
Queen Quiz: Works and Magic 1983–1986 (Part 2),,"How many performances made up Queen's 1986 Magic Tour, according to the official archive?",Touring,hard,4,16,false
Queen Quiz: Works and Magic 1983–1986 (Part 2),,"How many performances made up Queen's 1986 Magic Tour, according to the official archive?",,,,26,true
Queen Quiz: Works and Magic 1983–1986 (Part 2),,"How many performances made up Queen's 1986 Magic Tour, according to the official archive?",,,,36,false
Queen Quiz: Works and Magic 1983–1986 (Part 2),,"How many performances made up Queen's 1986 Magic Tour, according to the official archive?",,,,46,false
Queen Quiz: Works and Magic 1983–1986 (Part 2),,In which city did the 1986 Magic Tour begin?,Touring,hard,3,Brussels,false
Queen Quiz: Works and Magic 1983–1986 (Part 2),,In which city did the 1986 Magic Tour begin?,,,,Rio de Janeiro,false
Queen Quiz: Works and Magic 1983–1986 (Part 2),,In which city did the 1986 Magic Tour begin?,,,,Vienna,false
Queen Quiz: Works and Magic 1983–1986 (Part 2),,In which city did the 1986 Magic Tour begin?,,,,Stockholm,true
Queen Quiz: Works and Magic 1983–1986 (Part 2),,Which Queen member portrayed a housewife with a vacuum cleaner in 'I Want to Break Free'?,Music videos,hard,3,Freddie Mercury,true
Queen Quiz: Works and Magic 1983–1986 (Part 2),,Which Queen member portrayed a housewife with a vacuum cleaner in 'I Want to Break Free'?,,,,Brian May,false
Queen Quiz: Works and Magic 1983–1986 (Part 2),,Which Queen member portrayed a housewife with a vacuum cleaner in 'I Want to Break Free'?,,,,John Deacon,false
Queen Quiz: Works and Magic 1983–1986 (Part 2),,Which Queen member portrayed a housewife with a vacuum cleaner in 'I Want to Break Free'?,,,,Roger Taylor,false
Queen Quiz: Works and Magic 1983–1986 (Part 2),,Which concert promoter joined Queen in donating the Newcastle show's proceeds to Save the Children?,Touring,hard,4,Mel Bush,false
Queen Quiz: Works and Magic 1983–1986 (Part 2),,Which concert promoter joined Queen in donating the Newcastle show's proceeds to Save the Children?,,,,John Reid,false
Queen Quiz: Works and Magic 1983–1986 (Part 2),,Which concert promoter joined Queen in donating the Newcastle show's proceeds to Save the Children?,,,,Harvey Goldsmith,true
Queen Quiz: Works and Magic 1983–1986 (Part 2),,Which concert promoter joined Queen in donating the Newcastle show's proceeds to Save the Children?,,,,Gerry Stickells,false
Queen Quiz: Works and Magic 1983–1986 (Part 2),,Under what band name did John Deacon release the Biggles theme 'No Turning Back'?,Film,hard,3,The Cross,false
Queen Quiz: Works and Magic 1983–1986 (Part 2),,Under what band name did John Deacon release the Biggles theme 'No Turning Back'?,,,,The Immortals,true
Queen Quiz: Works and Magic 1983–1986 (Part 2),,Under what band name did John Deacon release the Biggles theme 'No Turning Back'?,,,,The Reaction,false
Queen Quiz: Works and Magic 1983–1986 (Part 2),,Under what band name did John Deacon release the Biggles theme 'No Turning Back'?,,,,The Art,false
Queen Quiz: Solo Paths and Final Albums (Part 1),Additional sourced Queen questions for editorial review.,Which Queen single was released in October 1989?,Singles,hard,3,Breakthru,false
Queen Quiz: Solo Paths and Final Albums (Part 1),,Which Queen single was released in October 1989?,,,,Scandal,true
Queen Quiz: Solo Paths and Final Albums (Part 1),,Which Queen single was released in October 1989?,,,,The Miracle,false
Queen Quiz: Solo Paths and Final Albums (Part 1),,Which Queen single was released in October 1989?,,,,The Invisible Man,false
Queen Quiz: Solo Paths and Final Albums (Part 1),,What honour did Queen receive at the 1987 Ivor Novello Awards?,Awards,hard,3,Best Film Score,false
Queen Quiz: Solo Paths and Final Albums (Part 1),,What honour did Queen receive at the 1987 Ivor Novello Awards?,,,,Best New Act,false
Queen Quiz: Solo Paths and Final Albums (Part 1),,What honour did Queen receive at the 1987 Ivor Novello Awards?,,,,Outstanding Contribution to British Music,true
Queen Quiz: Solo Paths and Final Albums (Part 1),,What honour did Queen receive at the 1987 Ivor Novello Awards?,,,,Best Album Sleeve,false
Queen Quiz: Solo Paths and Final Albums (Part 1),,Which guitarist from Queen produced Anita Dobson's Talking of Love album?,Side projects,hard,3,Roger Taylor,false
Queen Quiz: Solo Paths and Final Albums (Part 1),,Which guitarist from Queen produced Anita Dobson's Talking of Love album?,,,,Brian May,true
Queen Quiz: Solo Paths and Final Albums (Part 1),,Which guitarist from Queen produced Anita Dobson's Talking of Love album?,,,,Freddie Mercury,false
Queen Quiz: Solo Paths and Final Albums (Part 1),,Which guitarist from Queen produced Anita Dobson's Talking of Love album?,,,,John Deacon,false
Queen Quiz: Solo Paths and Final Albums (Part 1),,Which London stadium hosted the 1992 Freddie Mercury Tribute Concert?,Tribute concert,hard,3,Hammersmith Odeon,false
Queen Quiz: Solo Paths and Final Albums (Part 1),,Which London stadium hosted the 1992 Freddie Mercury Tribute Concert?,,,,Wembley Stadium,true
Queen Quiz: Solo Paths and Final Albums (Part 1),,Which London stadium hosted the 1992 Freddie Mercury Tribute Concert?,,,,Rockfield Studios,false
Queen Quiz: Solo Paths and Final Albums (Part 1),,Which London stadium hosted the 1992 Freddie Mercury Tribute Concert?,,,,Rainbow Theatre,false
Queen Quiz: Solo Paths and Final Albums (Part 1),,At which London venue did The Cross play a December 1988 one-off show?,Side projects,hard,3,Hammersmith Palais,true
Queen Quiz: Solo Paths and Final Albums (Part 1),,At which London venue did The Cross play a December 1988 one-off show?,,,,Rainbow Theatre,false
Queen Quiz: Solo Paths and Final Albums (Part 1),,At which London venue did The Cross play a December 1988 one-off show?,,,,Dominion Theatre,false
Queen Quiz: Solo Paths and Final Albums (Part 1),,At which London venue did The Cross play a December 1988 one-off show?,,,,Wembley Arena,false
Queen Quiz: Solo Paths and Final Albums (Part 1),,In which Spanish city did Freddie meet Montserrat Caballé for lunch in 1987?,Collaborations,hard,3,Madrid,false
Queen Quiz: Solo Paths and Final Albums (Part 1),,In which Spanish city did Freddie meet Montserrat Caballé for lunch in 1987?,,,,Barcelona,true
Queen Quiz: Solo Paths and Final Albums (Part 1),,In which Spanish city did Freddie meet Montserrat Caballé for lunch in 1987?,,,,Seville,false
Queen Quiz: Solo Paths and Final Albums (Part 1),,In which Spanish city did Freddie meet Montserrat Caballé for lunch in 1987?,,,,Valencia,false
Queen Quiz: Solo Paths and Final Albums (Part 1),,Which Queen member's band The Cross released Blue Rock in Germany?,Side projects,hard,3,John Deacon,false
Queen Quiz: Solo Paths and Final Albums (Part 1),,Which Queen member's band The Cross released Blue Rock in Germany?,,,,Roger Taylor,true
Queen Quiz: Solo Paths and Final Albums (Part 1),,Which Queen member's band The Cross released Blue Rock in Germany?,,,,Brian May,false
Queen Quiz: Solo Paths and Final Albums (Part 1),,Which Queen member's band The Cross released Blue Rock in Germany?,,,,Freddie Mercury,false
Queen Quiz: Solo Paths and Final Albums (Part 1),,"What was Brian May's debut solo single, released in 1991?",Solo work,hard,3,Too Much Love Will Kill You,false
Queen Quiz: Solo Paths and Final Albums (Part 1),,"What was Brian May's debut solo single, released in 1991?",,,,Star Fleet,false
Queen Quiz: Solo Paths and Final Albums (Part 1),,"What was Brian May's debut solo single, released in 1991?",,,,Back to the Light,false
Queen Quiz: Solo Paths and Final Albums (Part 1),,"What was Brian May's debut solo single, released in 1991?",,,,Driven by You,true
Queen Quiz: Solo Paths and Final Albums (Part 1),,Which old pop standard became Freddie Mercury's 1987 solo hit?,Solo work,hard,3,The Great Pretender,true
Queen Quiz: Solo Paths and Final Albums (Part 1),,Which old pop standard became Freddie Mercury's 1987 solo hit?,,,,I Can Hear Music,false
Queen Quiz: Solo Paths and Final Albums (Part 1),,Which old pop standard became Freddie Mercury's 1987 solo hit?,,,,Unchained Melody,false
Queen Quiz: Solo Paths and Final Albums (Part 1),,Which old pop standard became Freddie Mercury's 1987 solo hit?,,,,Blue Moon,false
Queen Quiz: Solo Paths and Final Albums (Part 1),,Which song won Best British Single at the 1992 Brit Awards?,Awards,hard,3,The Show Must Go On,false
Queen Quiz: Solo Paths and Final Albums (Part 1),,Which song won Best British Single at the 1992 Brit Awards?,,,,Innuendo,false
Queen Quiz: Solo Paths and Final Albums (Part 1),,Which song won Best British Single at the 1992 Brit Awards?,,,,Bohemian Rhapsody,false
Queen Quiz: Solo Paths and Final Albums (Part 1),,Which song won Best British Single at the 1992 Brit Awards?,,,,These Are the Days of Our Lives,true
Queen Quiz: Solo Paths and Final Albums (Part 1),,Which band released a Brian May-produced cover of 'Bohemian Rhapsody' in 1987?,Side projects,hard,3,Bad News,true
Queen Quiz: Solo Paths and Final Albums (Part 1),,Which band released a Brian May-produced cover of 'Bohemian Rhapsody' in 1987?,,,,The Cross,false
Queen Quiz: Solo Paths and Final Albums (Part 1),,Which band released a Brian May-produced cover of 'Bohemian Rhapsody' in 1987?,,,,Spinal Tap,false
Queen Quiz: Solo Paths and Final Albums (Part 1),,Which band released a Brian May-produced cover of 'Bohemian Rhapsody' in 1987?,,,,The Rutles,false
Queen Quiz: Solo Paths and Final Albums (Part 1),,What was the debut single of Roger Taylor's band The Cross?,Side projects,hard,3,Cowboys and Indians,true
Queen Quiz: Solo Paths and Final Albums (Part 1),,What was the debut single of Roger Taylor's band The Cross?,,,,Power to Love,false
Queen Quiz: Solo Paths and Final Albums (Part 1),,What was the debut single of Roger Taylor's band The Cross?,,,,Manipulator,false
Queen Quiz: Solo Paths and Final Albums (Part 1),,What was the debut single of Roger Taylor's band The Cross?,,,,New Dark Ages,false
Queen Quiz: Solo Paths and Final Albums (Part 1),,Which three-hour visual anthology of Queen's career appeared in 1987?,Archive releases,hard,3,Queen: Days of Our Lives,false
Queen Quiz: Solo Paths and Final Albums (Part 1),,Which three-hour visual anthology of Queen's career appeared in 1987?,,,,The Story of Bohemian Rhapsody,false
Queen Quiz: Solo Paths and Final Albums (Part 1),,Which three-hour visual anthology of Queen's career appeared in 1987?,,,,Queen: The Magic Years,true
Queen Quiz: Solo Paths and Final Albums (Part 1),,Which three-hour visual anthology of Queen's career appeared in 1987?,,,,The Great Pretender,false
Queen Quiz: Solo Paths and Final Albums (Part 1),,Which US rock band did Brian May sit in with in late 1988?,Side projects,hard,3,Aerosmith,false
Queen Quiz: Solo Paths and Final Albums (Part 1),,Which US rock band did Brian May sit in with in late 1988?,,,,Van Halen,false
Queen Quiz: Solo Paths and Final Albums (Part 1),,Which US rock band did Brian May sit in with in late 1988?,,,,Bon Jovi,true
Queen Quiz: Solo Paths and Final Albums (Part 1),,Which US rock band did Brian May sit in with in late 1988?,,,,Journey,false
Queen Quiz: Solo Paths and Final Albums (Part 1),,Which Queen member helped collect Ivor Novello awards with Roger Taylor in April 1992?,Tribute concert,hard,3,Roger Taylor,false
Queen Quiz: Solo Paths and Final Albums (Part 1),,Which Queen member helped collect Ivor Novello awards with Roger Taylor in April 1992?,,,,Freddie Mercury,false
Queen Quiz: Solo Paths and Final Albums (Part 1),,Which Queen member helped collect Ivor Novello awards with Roger Taylor in April 1992?,,,,John Deacon,false
Queen Quiz: Solo Paths and Final Albums (Part 1),,Which Queen member helped collect Ivor Novello awards with Roger Taylor in April 1992?,,,,Brian May,true
Queen Quiz: Solo Paths and Final Albums (Part 1),,Which Queen album entered the UK chart at number one in February 1991?,Albums,hard,3,Innuendo,true
Queen Quiz: Solo Paths and Final Albums (Part 1),,Which Queen album entered the UK chart at number one in February 1991?,,,,Made in Heaven,false
Queen Quiz: Solo Paths and Final Albums (Part 1),,Which Queen album entered the UK chart at number one in February 1991?,,,,The Miracle,false
Queen Quiz: Solo Paths and Final Albums (Part 1),,Which Queen album entered the UK chart at number one in February 1991?,,,,Queen,false
Queen Quiz: Solo Paths and Final Albums (Part 1),,Which 1991 Comic Relief single did Brian May produce for Hale and Pace?,Charity,hard,3,Living Doll,false
Queen Quiz: Solo Paths and Final Albums (Part 1),,Which 1991 Comic Relief single did Brian May produce for Hale and Pace?,,,,The Stonk,true
Queen Quiz: Solo Paths and Final Albums (Part 1),,Which 1991 Comic Relief single did Brian May produce for Hale and Pace?,,,,Help!,false
Queen Quiz: Solo Paths and Final Albums (Part 1),,Which 1991 Comic Relief single did Brian May produce for Hale and Pace?,,,,Sailing,false
Queen Quiz: Solo Paths and Final Albums (Part 1),,Which rock-and-roll pianist did Brian May join at Hammersmith Odeon in 1989?,Live work,hard,3,Little Richard,false
Queen Quiz: Solo Paths and Final Albums (Part 1),,Which rock-and-roll pianist did Brian May join at Hammersmith Odeon in 1989?,,,,Elton John,false
Queen Quiz: Solo Paths and Final Albums (Part 1),,Which rock-and-roll pianist did Brian May join at Hammersmith Odeon in 1989?,,,,Jerry Lee Lewis,true
Queen Quiz: Solo Paths and Final Albums (Part 1),,Which rock-and-roll pianist did Brian May join at Hammersmith Odeon in 1989?,,,,Ray Charles,false
Queen Quiz: Solo Paths and Final Albums (Part 1),,At which festival did Freddie and Montserrat perform together before the 1992 Barcelona Olympics?,Collaborations,hard,3,Rock in Rio,false
Queen Quiz: Solo Paths and Final Albums (Part 1),,At which festival did Freddie and Montserrat perform together before the 1992 Barcelona Olympics?,,,,La Nit,true
Queen Quiz: Solo Paths and Final Albums (Part 1),,At which festival did Freddie and Montserrat perform together before the 1992 Barcelona Olympics?,,,,Sanremo,false
Queen Quiz: Solo Paths and Final Albums (Part 1),,At which festival did Freddie and Montserrat perform together before the 1992 Barcelona Olympics?,,,,Live Aid,false
Queen Quiz: Solo Paths and Final Albums (Part 1),,Which 1990 chart-topper built its hook around the bass line from 'Under Pressure'?,Collaborations,hard,3,U Can't Touch This,false
Queen Quiz: Solo Paths and Final Albums (Part 1),,Which 1990 chart-topper built its hook around the bass line from 'Under Pressure'?,,,,Pump Up the Jam,false
Queen Quiz: Solo Paths and Final Albums (Part 1),,Which 1990 chart-topper built its hook around the bass line from 'Under Pressure'?,,,,Ice Ice Baby,true
Queen Quiz: Solo Paths and Final Albums (Part 1),,Which 1990 chart-topper built its hook around the bass line from 'Under Pressure'?,,,,Groove Is in the Heart,false
Queen Quiz: Solo Paths and Final Albums (Part 1),,Which Disney-owned label signed Queen for US representation in 1990?,Record deals,hard,3,Capitol Records,false
Queen Quiz: Solo Paths and Final Albums (Part 1),,Which Disney-owned label signed Queen for US representation in 1990?,,,,Elektra Records,false
Queen Quiz: Solo Paths and Final Albums (Part 1),,Which Disney-owned label signed Queen for US representation in 1990?,,,,Hollywood Records,true
Queen Quiz: Solo Paths and Final Albums (Part 1),,Which Disney-owned label signed Queen for US representation in 1990?,,,,Mercury Records,false
Queen Quiz: Solo Paths and Final Albums (Part 1),,Which 1986 Queen concert was released in full on audio formats in 1992?,Live releases,hard,3,Live at the Rainbow '74,false
Queen Quiz: Solo Paths and Final Albums (Part 1),,Which 1986 Queen concert was released in full on audio formats in 1992?,,,,Live Killers,false
Queen Quiz: Solo Paths and Final Albums (Part 1),,Which 1986 Queen concert was released in full on audio formats in 1992?,,,,Queen Rock Montreal,false
Queen Quiz: Solo Paths and Final Albums (Part 1),,Which 1986 Queen concert was released in full on audio formats in 1992?,,,,Live at Wembley '86,true
Queen Quiz: Solo Paths and Final Albums (Part 1),,Which singer joined Freddie Mercury on the 1988 Barcelona album?,Collaborations,hard,3,Annie Lennox,false
Queen Quiz: Solo Paths and Final Albums (Part 1),,Which singer joined Freddie Mercury on the 1988 Barcelona album?,,,,Kate Bush,false
Queen Quiz: Solo Paths and Final Albums (Part 1),,Which singer joined Freddie Mercury on the 1988 Barcelona album?,,,,Montserrat Caballé,true
Queen Quiz: Solo Paths and Final Albums (Part 1),,Which singer joined Freddie Mercury on the 1988 Barcelona album?,,,,Tina Turner,false
Queen Quiz: Solo Paths and Final Albums (Part 1),,Which rock singer sang 'The Show Must Go On' with Queen at the 1992 tribute show?,Tribute concert,hard,3,David Bowie,false
Queen Quiz: Solo Paths and Final Albums (Part 1),,Which rock singer sang 'The Show Must Go On' with Queen at the 1992 tribute show?,,,,Robert Plant,false
Queen Quiz: Solo Paths and Final Albums (Part 1),,Which rock singer sang 'The Show Must Go On' with Queen at the 1992 tribute show?,,,,Elton John,true
Queen Quiz: Solo Paths and Final Albums (Part 1),,Which rock singer sang 'The Show Must Go On' with Queen at the 1992 tribute show?,,,,George Michael,false
Queen Quiz: Solo Paths and Final Albums (Part 1),,What was the third album by Roger Taylor's band The Cross?,Side projects,hard,3,Shove It,false
Queen Quiz: Solo Paths and Final Albums (Part 1),,What was the third album by Roger Taylor's band The Cross?,,,,Strange Frontier,false
Queen Quiz: Solo Paths and Final Albums (Part 1),,What was the third album by Roger Taylor's band The Cross?,,,,Blue Rock,true
Queen Quiz: Solo Paths and Final Albums (Part 1),,What was the third album by Roger Taylor's band The Cross?,,,,"Mad, Bad and Dangerous to Know",false
Queen Quiz: Solo Paths and Final Albums (Part 2),Additional sourced Queen questions for editorial review.,At which London theatre did Queen receive their 1990 BPI outstanding-contribution award?,Awards,hard,3,London Palladium,false
Queen Quiz: Solo Paths and Final Albums (Part 2),,At which London theatre did Queen receive their 1990 BPI outstanding-contribution award?,,,,Dominion Theatre,true
Queen Quiz: Solo Paths and Final Albums (Part 2),,At which London theatre did Queen receive their 1990 BPI outstanding-contribution award?,,,,Royal Albert Hall,false
Queen Quiz: Solo Paths and Final Albums (Part 2),,At which London theatre did Queen receive their 1990 BPI outstanding-contribution award?,,,,Wembley Arena,false
Queen Quiz: Solo Paths and Final Albums (Part 2),,Which 1987 Freddie Mercury single became his highest solo UK charting release to that date?,Solo work,hard,3,The Great Pretender,true
Queen Quiz: Solo Paths and Final Albums (Part 2),,Which 1987 Freddie Mercury single became his highest solo UK charting release to that date?,,,,Barcelona,false
Queen Quiz: Solo Paths and Final Albums (Part 2),,Which 1987 Freddie Mercury single became his highest solo UK charting release to that date?,,,,Love Kills,false
Queen Quiz: Solo Paths and Final Albums (Part 2),,Which 1987 Freddie Mercury single became his highest solo UK charting release to that date?,,,,Made in Heaven,false
Queen Quiz: Solo Paths and Final Albums (Part 2),,Which Cross single preceded their third album in Germany?,Side projects,hard,3,Power to Love,false
Queen Quiz: Solo Paths and Final Albums (Part 2),,Which Cross single preceded their third album in Germany?,,,,Cowboys and Indians,false
Queen Quiz: Solo Paths and Final Albums (Part 2),,Which Cross single preceded their third album in Germany?,,,,Manipulator,false
Queen Quiz: Solo Paths and Final Albums (Part 2),,Which Cross single preceded their third album in Germany?,,,,New Dark Ages,true
Queen Quiz: Solo Paths and Final Albums (Part 2),,Which comedy band did Brian May produce in 1987?,Side projects,hard,3,Bad News,true
Queen Quiz: Solo Paths and Final Albums (Part 2),,Which comedy band did Brian May produce in 1987?,,,,The Rutles,false
Queen Quiz: Solo Paths and Final Albums (Part 2),,Which comedy band did Brian May produce in 1987?,,,,Spinal Tap,false
Queen Quiz: Solo Paths and Final Albums (Part 2),,Which comedy band did Brian May produce in 1987?,,,,The Bonzo Dog Band,false
Queen Quiz: Solo Paths and Final Albums (Part 2),,Which Rod Stewart song did Brian May record for a Vietnamese boat people charity release?,Side projects,hard,3,Sailing,true
Queen Quiz: Solo Paths and Final Albums (Part 2),,Which Rod Stewart song did Brian May record for a Vietnamese boat people charity release?,,,,Maggie May,false
Queen Quiz: Solo Paths and Final Albums (Part 2),,Which Rod Stewart song did Brian May record for a Vietnamese boat people charity release?,,,,Tonight's the Night,false
Queen Quiz: Solo Paths and Final Albums (Part 2),,Which Rod Stewart song did Brian May record for a Vietnamese boat people charity release?,,,,Young Turks,false
Queen Quiz: Solo Paths and Final Albums (Part 2),,Which Giorgio Moroder film song became Freddie's debut solo single?,Solo work,hard,3,The Great Pretender,false
Queen Quiz: Solo Paths and Final Albums (Part 2),,Which Giorgio Moroder film song became Freddie's debut solo single?,,,,Made in Heaven,false
Queen Quiz: Solo Paths and Final Albums (Part 2),,Which Giorgio Moroder film song became Freddie's debut solo single?,,,,Living on My Own,false
Queen Quiz: Solo Paths and Final Albums (Part 2),,Which Giorgio Moroder film song became Freddie's debut solo single?,,,,Love Kills,true
Queen Quiz: Solo Paths and Final Albums (Part 2),,Which Queen song was Hollywood Records' debut US single in 1991?,Singles,hard,3,Innuendo,false
Queen Quiz: Solo Paths and Final Albums (Part 2),,Which Queen song was Hollywood Records' debut US single in 1991?,,,,The Show Must Go On,false
Queen Quiz: Solo Paths and Final Albums (Part 2),,Which Queen song was Hollywood Records' debut US single in 1991?,,,,I'm Going Slightly Mad,false
Queen Quiz: Solo Paths and Final Albums (Part 2),,Which Queen song was Hollywood Records' debut US single in 1991?,,,,Headlong,true
Queen Quiz: Solo Paths and Final Albums (Part 2),,At which Ibiza venue did Freddie and Montserrat Caballé debut 'Barcelona' live?,Collaborations,hard,4,Pacha,false
Queen Quiz: Solo Paths and Final Albums (Part 2),,At which Ibiza venue did Freddie and Montserrat Caballé debut 'Barcelona' live?,,,,Privilege,false
Queen Quiz: Solo Paths and Final Albums (Part 2),,At which Ibiza venue did Freddie and Montserrat Caballé debut 'Barcelona' live?,,,,Amnesia,false
Queen Quiz: Solo Paths and Final Albums (Part 2),,At which Ibiza venue did Freddie and Montserrat Caballé debut 'Barcelona' live?,,,,Ku Club,true
Queen Quiz: Solo Paths and Final Albums (Part 2),,Which Queen album was released in 1989 without the band touring to support it?,Albums,hard,3,Innuendo,false
Queen Quiz: Solo Paths and Final Albums (Part 2),,Which Queen album was released in 1989 without the band touring to support it?,,,,A Kind of Magic,false
Queen Quiz: Solo Paths and Final Albums (Part 2),,Which Queen album was released in 1989 without the band touring to support it?,,,,Made in Heaven,false
Queen Quiz: Solo Paths and Final Albums (Part 2),,Which Queen album was released in 1989 without the band touring to support it?,,,,The Miracle,true
Queen Quiz: Solo Paths and Final Albums (Part 2),,For what kind of campaign was 'Driven by You' originally written?,Solo work,hard,3,A Ford advertisement,true
Queen Quiz: Solo Paths and Final Albums (Part 2),,For what kind of campaign was 'Driven by You' originally written?,,,,A film soundtrack,false
Queen Quiz: Solo Paths and Final Albums (Part 2),,For what kind of campaign was 'Driven by You' originally written?,,,,A charity appeal,false
Queen Quiz: Solo Paths and Final Albums (Part 2),,For what kind of campaign was 'Driven by You' originally written?,,,,An airline commercial,false
Queen Quiz: Solo Paths and Final Albums (Part 2),,Which 1989 Queen record collected early BBC radio sessions?,Archive releases,hard,3,Live Killers,false
Queen Quiz: Solo Paths and Final Albums (Part 2),,Which 1989 Queen record collected early BBC radio sessions?,,,,Greatest Hits II,false
Queen Quiz: Solo Paths and Final Albums (Part 2),,Which 1989 Queen record collected early BBC radio sessions?,,,,Live Magic,false
Queen Quiz: Solo Paths and Final Albums (Part 2),,Which 1989 Queen record collected early BBC radio sessions?,,,,Queen at the Beeb,true
Queen Quiz: Solo Paths and Final Albums (Part 2),,Which The Miracle single appeared in six retail formats in 1989?,Singles,hard,3,The Invisible Man,true
Queen Quiz: Solo Paths and Final Albums (Part 2),,Which The Miracle single appeared in six retail formats in 1989?,,,,Breakthru,false
Queen Quiz: Solo Paths and Final Albums (Part 2),,Which The Miracle single appeared in six retail formats in 1989?,,,,Scandal,false
Queen Quiz: Solo Paths and Final Albums (Part 2),,Which The Miracle single appeared in six retail formats in 1989?,,,,I Want It All,false
Queen Quiz: Solo Paths and Final Albums (Part 2),,What was the second single released by The Cross in 1988?,Side projects,hard,3,Cowboys and Indians,false
Queen Quiz: Solo Paths and Final Albums (Part 2),,What was the second single released by The Cross in 1988?,,,,Power to Love,false
Queen Quiz: Solo Paths and Final Albums (Part 2),,What was the second single released by The Cross in 1988?,,,,Heaven for Everyone,false
Queen Quiz: Solo Paths and Final Albums (Part 2),,What was the second single released by The Cross in 1988?,,,,Manipulator,true
Queen Quiz: Solo Paths and Final Albums (Part 2),,Which charity received a seven-figure Queen donation from posthumous single royalties in 1992?,Charity,hard,3,Terrence Higgins Trust,true
Queen Quiz: Solo Paths and Final Albums (Part 2),,Which charity received a seven-figure Queen donation from posthumous single royalties in 1992?,,,,Oxfam,false
Queen Quiz: Solo Paths and Final Albums (Part 2),,Which charity received a seven-figure Queen donation from posthumous single royalties in 1992?,,,,Save the Children,false
Queen Quiz: Solo Paths and Final Albums (Part 2),,Which charity received a seven-figure Queen donation from posthumous single royalties in 1992?,,,,British Red Cross,false
Queen Quiz: Solo Paths and Final Albums (Part 2),,Which singer had a solo album titled Fun in Space?,Side projects,hard,3,Roger Taylor,true
Queen Quiz: Solo Paths and Final Albums (Part 2),,Which singer had a solo album titled Fun in Space?,,,,John Deacon,false
Queen Quiz: Solo Paths and Final Albums (Part 2),,Which singer had a solo album titled Fun in Space?,,,,Brian May,false
Queen Quiz: Solo Paths and Final Albums (Part 2),,Which singer had a solo album titled Fun in Space?,,,,Freddie Mercury,false
Queen Quiz: Solo Paths and Final Albums (Part 2),,What was the title of The Cross's second album?,Side projects,hard,3,Shove It,false
Queen Quiz: Solo Paths and Final Albums (Part 2),,What was the title of The Cross's second album?,,,,"Mad, Bad and Dangerous to Know",true
Queen Quiz: Solo Paths and Final Albums (Part 2),,What was the title of The Cross's second album?,,,,Blue Rock,false
Queen Quiz: Solo Paths and Final Albums (Part 2),,What was the title of The Cross's second album?,,,,Strange Frontier,false
Queen Quiz: Solo Paths and Final Albums (Part 2),,Which 1991 Queen photo publication accompanied Greatest Hits II and Greatest Flix II?,Archive releases,hard,3,The Magic Years,false
Queen Quiz: Solo Paths and Final Albums (Part 2),,Which 1991 Queen photo publication accompanied Greatest Hits II and Greatest Flix II?,,,,Queen at the Beeb,false
Queen Quiz: Solo Paths and Final Albums (Part 2),,Which 1991 Queen photo publication accompanied Greatest Hits II and Greatest Flix II?,,,,Greatest Pix II,true
Queen Quiz: Solo Paths and Final Albums (Part 2),,Which 1991 Queen photo publication accompanied Greatest Hits II and Greatest Flix II?,,,,The Platinum Collection,false
Queen Quiz: Solo Paths and Final Albums (Part 2),,Which early Queen single backed the 1991 UK release of 'The Show Must Go On'?,Singles,hard,3,Keep Yourself Alive,true
Queen Quiz: Solo Paths and Final Albums (Part 2),,Which early Queen single backed the 1991 UK release of 'The Show Must Go On'?,,,,Seven Seas of Rhye,false
Queen Quiz: Solo Paths and Final Albums (Part 2),,Which early Queen single backed the 1991 UK release of 'The Show Must Go On'?,,,,Liar,false
Queen Quiz: Solo Paths and Final Albums (Part 2),,Which early Queen single backed the 1991 UK release of 'The Show Must Go On'?,,,,Killer Queen,false
Queen Quiz: Solo Paths and Final Albums (Part 2),,Which singer's 'Talking of Love' project was produced with Brian May?,Side projects,hard,3,Kylie Minogue,false
Queen Quiz: Solo Paths and Final Albums (Part 2),,Which singer's 'Talking of Love' project was produced with Brian May?,,,,Anita Dobson,true
Queen Quiz: Solo Paths and Final Albums (Part 2),,Which singer's 'Talking of Love' project was produced with Brian May?,,,,Tina Turner,false
Queen Quiz: Solo Paths and Final Albums (Part 2),,Which singer's 'Talking of Love' project was produced with Brian May?,,,,Siouxsie Sioux,false
Queen Quiz: Solo Paths and Final Albums (Part 2),,What was Roger Taylor's post-Queen touring band called?,Side projects,hard,3,The Reaction,false
Queen Quiz: Solo Paths and Final Albums (Part 2),,What was Roger Taylor's post-Queen touring band called?,,,,The Art,false
Queen Quiz: Solo Paths and Final Albums (Part 2),,What was Roger Taylor's post-Queen touring band called?,,,,The Immortals,false
Queen Quiz: Solo Paths and Final Albums (Part 2),,What was Roger Taylor's post-Queen touring band called?,,,,The Cross,true
Queen Quiz: Solo Paths and Final Albums (Part 2),,What cause did the Freddie Mercury Tribute Concert raise awareness of?,Tribute concert,hard,3,Famine relief,false
Queen Quiz: Solo Paths and Final Albums (Part 2),,What cause did the Freddie Mercury Tribute Concert raise awareness of?,,,,Climate change,false
Queen Quiz: Solo Paths and Final Albums (Part 2),,What cause did the Freddie Mercury Tribute Concert raise awareness of?,,,,AIDS,true
Queen Quiz: Solo Paths and Final Albums (Part 2),,What cause did the Freddie Mercury Tribute Concert raise awareness of?,,,,Children's literacy,false
Queen Quiz: Solo Paths and Final Albums (Part 2),,Which Queen song did George Michael perform at the 1992 Freddie Mercury Tribute Concert?,Tribute concert,hard,3,Killer Queen,false
Queen Quiz: Solo Paths and Final Albums (Part 2),,Which Queen song did George Michael perform at the 1992 Freddie Mercury Tribute Concert?,,,,Somebody to Love,true
Queen Quiz: Solo Paths and Final Albums (Part 2),,Which Queen song did George Michael perform at the 1992 Freddie Mercury Tribute Concert?,,,,One Vision,false
Queen Quiz: Solo Paths and Final Albums (Part 2),,Which Queen song did George Michael perform at the 1992 Freddie Mercury Tribute Concert?,,,,Innuendo,false
Queen Quiz: Solo Paths and Final Albums (Part 2),,Which band did Brian May join onstage at Reading in 1987?,Side projects,hard,3,The Cross,false
Queen Quiz: Solo Paths and Final Albums (Part 2),,Which band did Brian May join onstage at Reading in 1987?,,,,Bon Jovi,false
Queen Quiz: Solo Paths and Final Albums (Part 2),,Which band did Brian May join onstage at Reading in 1987?,,,,Bad News,true
Queen Quiz: Solo Paths and Final Albums (Part 2),,Which band did Brian May join onstage at Reading in 1987?,,,,Marillion,false
Queen Quiz: Solo Paths and Final Albums (Part 2),,Which 1991 Queen video compilation was issued alongside Greatest Hits II?,Archive releases,hard,3,Rare Live,false
Queen Quiz: Solo Paths and Final Albums (Part 2),,Which 1991 Queen video compilation was issued alongside Greatest Hits II?,,,,Greatest Flix II,true
Queen Quiz: Solo Paths and Final Albums (Part 2),,Which 1991 Queen video compilation was issued alongside Greatest Hits II?,,,,Live Magic,false
Queen Quiz: Solo Paths and Final Albums (Part 2),,Which 1991 Queen video compilation was issued alongside Greatest Hits II?,,,,Live at Wembley '86,false
Queen Quiz: Solo Paths and Final Albums (Part 2),,On which Black Sabbath album did Brian May make a guest appearance?,Side projects,hard,3,Seventh Star,false
Queen Quiz: Solo Paths and Final Albums (Part 2),,On which Black Sabbath album did Brian May make a guest appearance?,,,,Headless Cross,true
Queen Quiz: Solo Paths and Final Albums (Part 2),,On which Black Sabbath album did Brian May make a guest appearance?,,,,Tyr,false
Queen Quiz: Solo Paths and Final Albums (Part 2),,On which Black Sabbath album did Brian May make a guest appearance?,,,,Dehumanizer,false
Queen Quiz: Studio and Stage Details (Part 1),Additional sourced Queen questions for editorial review.,What was The Miracle originally going to be titled?,The Miracle,hard,3,The Invisible Men,true
Queen Quiz: Studio and Stage Details (Part 1),,What was The Miracle originally going to be titled?,,,,The Game,false
Queen Quiz: Studio and Stage Details (Part 1),,What was The Miracle originally going to be titled?,,,,The Works,false
Queen Quiz: Studio and Stage Details (Part 1),,What was The Miracle originally going to be titled?,,,,The Great Pretender,false
Queen Quiz: Studio and Stage Details (Part 1),,Which two cities hosted the main Hot Space recording studios?,Hot Space,hard,3,Montreux and Munich,true
Queen Quiz: Studio and Stage Details (Part 1),,Which two cities hosted the main Hot Space recording studios?,,,,London and Paris,false
Queen Quiz: Studio and Stage Details (Part 1),,Which two cities hosted the main Hot Space recording studios?,,,,Los Angeles and New York,false
Queen Quiz: Studio and Stage Details (Part 1),,Which two cities hosted the main Hot Space recording studios?,,,,Cardiff and Liverpool,false
Queen Quiz: Studio and Stage Details (Part 1),,Who directed the 1980 Flash Gordon film scored by Queen?,Flash Gordon,hard,3,Mike Hodges,true
Queen Quiz: Studio and Stage Details (Part 1),,Who directed the 1980 Flash Gordon film scored by Queen?,,,,Russell Mulcahy,false
Queen Quiz: Studio and Stage Details (Part 1),,Who directed the 1980 Flash Gordon film scored by Queen?,,,,George Lucas,false
Queen Quiz: Studio and Stage Details (Part 1),,Who directed the 1980 Flash Gordon film scored by Queen?,,,,Ridley Scott,false
Queen Quiz: Studio and Stage Details (Part 1),,Which illustrator inspired the cover art for Queen's Innuendo?,Innuendo,hard,3,Gustave Doré,false
Queen Quiz: Studio and Stage Details (Part 1),,Which illustrator inspired the cover art for Queen's Innuendo?,,,,J. J. Grandville,true
Queen Quiz: Studio and Stage Details (Part 1),,Which illustrator inspired the cover art for Queen's Innuendo?,,,,Frank Kelly Freas,false
Queen Quiz: Studio and Stage Details (Part 1),,Which illustrator inspired the cover art for Queen's Innuendo?,,,,Roger Dean,false
Queen Quiz: Studio and Stage Details (Part 1),,Which Queen album first featured a synthesizer?,The Game,hard,3,Flash Gordon,false
Queen Quiz: Studio and Stage Details (Part 1),,Which Queen album first featured a synthesizer?,,,,The Game,true
Queen Quiz: Studio and Stage Details (Part 1),,Which Queen album first featured a synthesizer?,,,,Jazz,false
Queen Quiz: Studio and Stage Details (Part 1),,Which Queen album first featured a synthesizer?,,,,Hot Space,false
Queen Quiz: Studio and Stage Details (Part 1),,Which artist's film portrait inspired the famous Queen II cover image?,Queen II,hard,3,Greta Garbo,false
Queen Quiz: Studio and Stage Details (Part 1),,Which artist's film portrait inspired the famous Queen II cover image?,,,,Bette Davis,false
Queen Quiz: Studio and Stage Details (Part 1),,Which artist's film portrait inspired the famous Queen II cover image?,,,,Joan Crawford,false
Queen Quiz: Studio and Stage Details (Part 1),,Which artist's film portrait inspired the famous Queen II cover image?,,,,Marlene Dietrich,true
Queen Quiz: Studio and Stage Details (Part 1),,Which Queen member suggested the yellow Flash Gordon album cover concept?,Flash Gordon,hard,3,Brian May,false
Queen Quiz: Studio and Stage Details (Part 1),,Which Queen member suggested the yellow Flash Gordon album cover concept?,,,,John Deacon,false
Queen Quiz: Studio and Stage Details (Part 1),,Which Queen member suggested the yellow Flash Gordon album cover concept?,,,,Freddie Mercury,true
Queen Quiz: Studio and Stage Details (Part 1),,Which Queen member suggested the yellow Flash Gordon album cover concept?,,,,Roger Taylor,false
Queen Quiz: Studio and Stage Details (Part 1),,Which song was issued as a single one week before Queen's debut LP?,Queen I,hard,3,Liar,false
Queen Quiz: Studio and Stage Details (Part 1),,Which song was issued as a single one week before Queen's debut LP?,,,,Keep Yourself Alive,true
Queen Quiz: Studio and Stage Details (Part 1),,Which song was issued as a single one week before Queen's debut LP?,,,,Seven Seas of Rhye,false
Queen Quiz: Studio and Stage Details (Part 1),,Which song was issued as a single one week before Queen's debut LP?,,,,Son and Daughter,false
Queen Quiz: Studio and Stage Details (Part 1),,Which director asked Queen to write songs for Highlander?,A Kind of Magic,hard,3,Russell Mulcahy,true
Queen Quiz: Studio and Stage Details (Part 1),,Which director asked Queen to write songs for Highlander?,,,,Mike Hodges,false
Queen Quiz: Studio and Stage Details (Part 1),,Which director asked Queen to write songs for Highlander?,,,,Tony Scott,false
Queen Quiz: Studio and Stage Details (Part 1),,Which director asked Queen to write songs for Highlander?,,,,Brian De Palma,false
Queen Quiz: Studio and Stage Details (Part 1),,Which London studio was one of three used for A Day at the Races?,A Day at the Races,hard,3,Trident Studios,false
Queen Quiz: Studio and Stage Details (Part 1),,Which London studio was one of three used for A Day at the Races?,,,,Wessex Studios,true
Queen Quiz: Studio and Stage Details (Part 1),,Which London studio was one of three used for A Day at the Races?,,,,Olympic Studios,false
Queen Quiz: Studio and Stage Details (Part 1),,Which London studio was one of three used for A Day at the Races?,,,,Metropolis Studios,false
Queen Quiz: Studio and Stage Details (Part 1),,Which Innuendo song originated in Freddie's Barcelona sessions and was co-written with Mike Moran?,Innuendo,hard,3,Delilah,false
Queen Quiz: Studio and Stage Details (Part 1),,Which Innuendo song originated in Freddie's Barcelona sessions and was co-written with Mike Moran?,,,,Bijou,false
Queen Quiz: Studio and Stage Details (Part 1),,Which Innuendo song originated in Freddie's Barcelona sessions and was co-written with Mike Moran?,,,,All God's People,true
Queen Quiz: Studio and Stage Details (Part 1),,Which Innuendo song originated in Freddie's Barcelona sessions and was co-written with Mike Moran?,,,,Don't Try So Hard,false
Queen Quiz: Studio and Stage Details (Part 1),,Which studio could Queen use mainly at night when recording their debut album?,Queen I,hard,3,Rockfield Studios,false
Queen Quiz: Studio and Stage Details (Part 1),,Which studio could Queen use mainly at night when recording their debut album?,,,,Mountain Studios,false
Queen Quiz: Studio and Stage Details (Part 1),,Which studio could Queen use mainly at night when recording their debut album?,,,,Trident Studios,true
Queen Quiz: Studio and Stage Details (Part 1),,Which studio could Queen use mainly at night when recording their debut album?,,,,Musicland Studios,false
Queen Quiz: Studio and Stage Details (Part 1),,How many Queen studio albums preceded A Day at the Races?,A Day at the Races,hard,3,Three,false
Queen Quiz: Studio and Stage Details (Part 1),,How many Queen studio albums preceded A Day at the Races?,,,,Five,false
Queen Quiz: Studio and Stage Details (Part 1),,How many Queen studio albums preceded A Day at the Races?,,,,Four,true
Queen Quiz: Studio and Stage Details (Part 1),,How many Queen studio albums preceded A Day at the Races?,,,,Six,false
Queen Quiz: Studio and Stage Details (Part 1),,Which Queen II track appears immediately before 'Seven Seas of Rhye'?,Queen II,hard,4,Nevermore,false
Queen Quiz: Studio and Stage Details (Part 1),,Which Queen II track appears immediately before 'Seven Seas of Rhye'?,,,,Ogre Battle,false
Queen Quiz: Studio and Stage Details (Part 1),,Which Queen II track appears immediately before 'Seven Seas of Rhye'?,,,,Funny How Love Is,true
Queen Quiz: Studio and Stage Details (Part 1),,Which Queen II track appears immediately before 'Seven Seas of Rhye'?,,,,White Queen,false
Queen Quiz: Studio and Stage Details (Part 1),,Across how many studios was Sheer Heart Attack recorded?,Sheer Heart Attack,hard,4,One,false
Queen Quiz: Studio and Stage Details (Part 1),,Across how many studios was Sheer Heart Attack recorded?,,,,Two,false
Queen Quiz: Studio and Stage Details (Part 1),,Across how many studios was Sheer Heart Attack recorded?,,,,Six,false
Queen Quiz: Studio and Stage Details (Part 1),,Across how many studios was Sheer Heart Attack recorded?,,,,Four,true
Queen Quiz: Studio and Stage Details (Part 1),,How many songs appeared on the original Jazz album?,Jazz,hard,4,Nine,false
Queen Quiz: Studio and Stage Details (Part 1),,How many songs appeared on the original Jazz album?,,,,Eleven,false
Queen Quiz: Studio and Stage Details (Part 1),,How many songs appeared on the original Jazz album?,,,,Thirteen,true
Queen Quiz: Studio and Stage Details (Part 1),,How many songs appeared on the original Jazz album?,,,,Fifteen,false
Queen Quiz: Studio and Stage Details (Part 1),,Which producer-engineer became a fixture on Queen sessions starting with The Miracle?,The Miracle,hard,3,Roy Thomas Baker,false
Queen Quiz: Studio and Stage Details (Part 1),,Which producer-engineer became a fixture on Queen sessions starting with The Miracle?,,,,John Anthony,false
Queen Quiz: Studio and Stage Details (Part 1),,Which producer-engineer became a fixture on Queen sessions starting with The Miracle?,,,,Mike Stone,false
Queen Quiz: Studio and Stage Details (Part 1),,Which producer-engineer became a fixture on Queen sessions starting with The Miracle?,,,,David Richards,true
Queen Quiz: Studio and Stage Details (Part 1),,Which Munich studio hosted all of The Game's recording sessions?,The Game,hard,3,Mountain Studios,false
Queen Quiz: Studio and Stage Details (Part 1),,Which Munich studio hosted all of The Game's recording sessions?,,,,Trident Studios,false
Queen Quiz: Studio and Stage Details (Part 1),,Which Munich studio hosted all of The Game's recording sessions?,,,,Rockfield Studios,false
Queen Quiz: Studio and Stage Details (Part 1),,Which Munich studio hosted all of The Game's recording sessions?,,,,Musicland Studios,true
Queen Quiz: Studio and Stage Details (Part 1),,What did Queen insert into the Flash Gordon soundtrack tracks to convey the film story?,Flash Gordon,hard,3,Live audience noise,false
Queen Quiz: Studio and Stage Details (Part 1),,What did Queen insert into the Flash Gordon soundtrack tracks to convey the film story?,,,,Narration by Freddie,false
Queen Quiz: Studio and Stage Details (Part 1),,What did Queen insert into the Flash Gordon soundtrack tracks to convey the film story?,,,,Radio interviews,false
Queen Quiz: Studio and Stage Details (Part 1),,What did Queen insert into the Flash Gordon soundtrack tracks to convey the film story?,,,,Dialogue and sound effects,true
Queen Quiz: Studio and Stage Details (Part 1),,Who directed the 'We Are the Champions' promotional film?,News of the World,hard,3,Bruce Gowers,false
Queen Quiz: Studio and Stage Details (Part 1),,Who directed the 'We Are the Champions' promotional film?,,,,David Mallet,false
Queen Quiz: Studio and Stage Details (Part 1),,Who directed the 'We Are the Champions' promotional film?,,,,Russell Mulcahy,false
Queen Quiz: Studio and Stage Details (Part 1),,Who directed the 'We Are the Champions' promotional film?,,,,Derek Burbridge,true
Queen Quiz: Studio and Stage Details (Part 1),,Which sculptor created the Freddie statue depicted on the Made in Heaven cover?,Made in Heaven,hard,3,Henry Moore,false
Queen Quiz: Studio and Stage Details (Part 1),,Which sculptor created the Freddie statue depicted on the Made in Heaven cover?,,,,Barbara Hepworth,false
Queen Quiz: Studio and Stage Details (Part 1),,Which sculptor created the Freddie statue depicted on the Made in Heaven cover?,,,,Elisabeth Frink,false
Queen Quiz: Studio and Stage Details (Part 1),,Which sculptor created the Freddie statue depicted on the Made in Heaven cover?,,,,Irena Sedlecka,true
Queen Quiz: Studio and Stage Details (Part 1),,Which photographer took the 'One Vision' single portrait backstage at Live Aid?,A Kind of Magic,hard,3,Mick Rock,false
Queen Quiz: Studio and Stage Details (Part 1),,Which photographer took the 'One Vision' single portrait backstage at Live Aid?,,,,Anton Corbijn,false
Queen Quiz: Studio and Stage Details (Part 1),,Which photographer took the 'One Vision' single portrait backstage at Live Aid?,,,,David Bailey,true
Queen Quiz: Studio and Stage Details (Part 1),,Which photographer took the 'One Vision' single portrait backstage at Live Aid?,,,,Neal Preston,false
Queen Quiz: Studio and Stage Details (Part 1),,Who suggested Queen and David Bowie work together at Mountain Studios?,Hot Space,hard,3,Roy Thomas Baker,false
Queen Quiz: Studio and Stage Details (Part 1),,Who suggested Queen and David Bowie work together at Mountain Studios?,,,,David Richards,true
Queen Quiz: Studio and Stage Details (Part 1),,Who suggested Queen and David Bowie work together at Mountain Studios?,,,,John Reid,false
Queen Quiz: Studio and Stage Details (Part 1),,Who suggested Queen and David Bowie work together at Mountain Studios?,,,,Reinhold Mack,false
Queen Quiz: Studio and Stage Details (Part 1),,Which producer reunited with Queen for Jazz after two albums away?,Jazz,hard,3,Roy Thomas Baker,true
Queen Quiz: Studio and Stage Details (Part 1),,Which producer reunited with Queen for Jazz after two albums away?,,,,Reinhold Mack,false
Queen Quiz: Studio and Stage Details (Part 1),,Which producer reunited with Queen for Jazz after two albums away?,,,,David Richards,false
Queen Quiz: Studio and Stage Details (Part 1),,Which producer reunited with Queen for Jazz after two albums away?,,,,John Anthony,false
Queen Quiz: Studio and Stage Details (Part 1),,What name was given to the 2026 remixed main disc of Queen's second album?,Queen II,hard,3,Queen II Live,false
Queen Quiz: Studio and Stage Details (Part 1),,What name was given to the 2026 remixed main disc of Queen's second album?,,,,Queen II Revisited,false
Queen Quiz: Studio and Stage Details (Part 1),,What name was given to the 2026 remixed main disc of Queen's second album?,,,,Queen II Sessions,false
Queen Quiz: Studio and Stage Details (Part 1),,What name was given to the 2026 remixed main disc of Queen's second album?,,,,Queen II – 2026 Mix,true
Queen Quiz: Studio and Stage Details (Part 2),Additional sourced Queen questions for editorial review.,Which Queen member wrote 'You Take My Breath Away'?,A Day at the Races,hard,3,Freddie Mercury,true
Queen Quiz: Studio and Stage Details (Part 2),,Which Queen member wrote 'You Take My Breath Away'?,,,,Brian May,false
Queen Quiz: Studio and Stage Details (Part 2),,Which Queen member wrote 'You Take My Breath Away'?,,,,John Deacon,false
Queen Quiz: Studio and Stage Details (Part 2),,Which Queen member wrote 'You Take My Breath Away'?,,,,Roger Taylor,false
Queen Quiz: Studio and Stage Details (Part 2),,How many songs did Queen perform for fan-club volunteers after filming 'We Are the Champions'?,News of the World,hard,3,Two,false
Queen Quiz: Studio and Stage Details (Part 2),,How many songs did Queen perform for fan-club volunteers after filming 'We Are the Champions'?,,,,Ten,true
Queen Quiz: Studio and Stage Details (Part 2),,How many songs did Queen perform for fan-club volunteers after filming 'We Are the Champions'?,,,,Five,false
Queen Quiz: Studio and Stage Details (Part 2),,How many songs did Queen perform for fan-club volunteers after filming 'We Are the Champions'?,,,,Twenty,false
Queen Quiz: Studio and Stage Details (Part 2),,Which two engineers are credited on the Jazz sessions?,Jazz,hard,4,Mike Stone and David Richards,false
Queen Quiz: Studio and Stage Details (Part 2),,Which two engineers are credited on the Jazz sessions?,,,,Geoff Workman and John Etchells,true
Queen Quiz: Studio and Stage Details (Part 2),,Which two engineers are credited on the Jazz sessions?,,,,Mack and Justin Shirley-Smith,false
Queen Quiz: Studio and Stage Details (Part 2),,Which two engineers are credited on the Jazz sessions?,,,,Roy Thomas Baker and John Anthony,false
Queen Quiz: Studio and Stage Details (Part 2),,Who wrote the additional orchestral arrangements for Queen's Flash Gordon soundtrack?,Flash Gordon,hard,3,Michael Kamen,false
Queen Quiz: Studio and Stage Details (Part 2),,Who wrote the additional orchestral arrangements for Queen's Flash Gordon soundtrack?,,,,Howard Blake,true
Queen Quiz: Studio and Stage Details (Part 2),,Who wrote the additional orchestral arrangements for Queen's Flash Gordon soundtrack?,,,,John Williams,false
Queen Quiz: Studio and Stage Details (Part 2),,Who wrote the additional orchestral arrangements for Queen's Flash Gordon soundtrack?,,,,Ennio Morricone,false
Queen Quiz: Studio and Stage Details (Part 2),,Which Queen album was their first to be recorded outside the UK?,Jazz,hard,3,The Game,false
Queen Quiz: Studio and Stage Details (Part 2),,Which Queen album was their first to be recorded outside the UK?,,,,News of the World,false
Queen Quiz: Studio and Stage Details (Part 2),,Which Queen album was their first to be recorded outside the UK?,,,,Jazz,true
Queen Quiz: Studio and Stage Details (Part 2),,Which Queen album was their first to be recorded outside the UK?,,,,Flash Gordon,false
Queen Quiz: Studio and Stage Details (Part 2),,Which DJ championed Queen's first BBC session in February 1973?,Queen I,hard,3,John Peel,true
Queen Quiz: Studio and Stage Details (Part 2),,Which DJ championed Queen's first BBC session in February 1973?,,,,Kenny Everett,false
Queen Quiz: Studio and Stage Details (Part 2),,Which DJ championed Queen's first BBC session in February 1973?,,,,Bob Harris,false
Queen Quiz: Studio and Stage Details (Part 2),,Which DJ championed Queen's first BBC session in February 1973?,,,,Alan Freeman,false
Queen Quiz: Studio and Stage Details (Part 2),,Where was the 'We Will Rock You' promo filmed?,News of the World,hard,3,Roger Taylor's garden,true
Queen Quiz: Studio and Stage Details (Part 2),,Where was the 'We Will Rock You' promo filmed?,,,,Wembley Stadium,false
Queen Quiz: Studio and Stage Details (Part 2),,Where was the 'We Will Rock You' promo filmed?,,,,Trident Studios,false
Queen Quiz: Studio and Stage Details (Part 2),,Where was the 'We Will Rock You' promo filmed?,,,,Hyde Park,false
Queen Quiz: Studio and Stage Details (Part 2),,Which brothers owned the studio company that funded Queen's debut sessions?,Queen I,hard,4,Brian and Harold May,false
Queen Quiz: Studio and Stage Details (Part 2),,Which brothers owned the studio company that funded Queen's debut sessions?,,,,Roger and Michael Taylor,false
Queen Quiz: Studio and Stage Details (Part 2),,Which brothers owned the studio company that funded Queen's debut sessions?,,,,John and Arthur Deacon,false
Queen Quiz: Studio and Stage Details (Part 2),,Which brothers owned the studio company that funded Queen's debut sessions?,,,,Norman and Barry Sheffield,true
Queen Quiz: Studio and Stage Details (Part 2),,Which Queen album includes the Freddie Mercury and John Deacon track 'Cool Cat'?,Hot Space,hard,3,The Works,false
Queen Quiz: Studio and Stage Details (Part 2),,Which Queen album includes the Freddie Mercury and John Deacon track 'Cool Cat'?,,,,Flash Gordon,false
Queen Quiz: Studio and Stage Details (Part 2),,Which Queen album includes the Freddie Mercury and John Deacon track 'Cool Cat'?,,,,A Kind of Magic,false
Queen Quiz: Studio and Stage Details (Part 2),,Which Queen album includes the Freddie Mercury and John Deacon track 'Cool Cat'?,,,,Hot Space,true
Queen Quiz: Studio and Stage Details (Part 2),,Who co-produced Sheer Heart Attack with Queen?,Sheer Heart Attack,hard,3,Reinhold Mack,false
Queen Quiz: Studio and Stage Details (Part 2),,Who co-produced Sheer Heart Attack with Queen?,,,,David Richards,false
Queen Quiz: Studio and Stage Details (Part 2),,Who co-produced Sheer Heart Attack with Queen?,,,,Roy Thomas Baker,true
Queen Quiz: Studio and Stage Details (Part 2),,Who co-produced Sheer Heart Attack with Queen?,,,,John Anthony,false
Queen Quiz: Studio and Stage Details (Part 2),,Which Queen member wrote 'You and I' for A Day at the Races?,A Day at the Races,hard,3,Freddie Mercury,false
Queen Quiz: Studio and Stage Details (Part 2),,Which Queen member wrote 'You and I' for A Day at the Races?,,,,Roger Taylor,false
Queen Quiz: Studio and Stage Details (Part 2),,Which Queen member wrote 'You and I' for A Day at the Races?,,,,Brian May,false
Queen Quiz: Studio and Stage Details (Part 2),,Which Queen member wrote 'You and I' for A Day at the Races?,,,,John Deacon,true
Queen Quiz: Studio and Stage Details (Part 2),,Who wrote the incidental orchestral score for Highlander?,A Kind of Magic,hard,3,Howard Blake,false
Queen Quiz: Studio and Stage Details (Part 2),,Who wrote the incidental orchestral score for Highlander?,,,,Michael Kamen,true
Queen Quiz: Studio and Stage Details (Part 2),,Who wrote the incidental orchestral score for Highlander?,,,,John Williams,false
Queen Quiz: Studio and Stage Details (Part 2),,Who wrote the incidental orchestral score for Highlander?,,,,Alan Silvestri,false
Queen Quiz: Studio and Stage Details (Part 2),,Which UK chart position did Sheer Heart Attack reach on original release?,Sheer Heart Attack,hard,4,Number two,true
Queen Quiz: Studio and Stage Details (Part 2),,Which UK chart position did Sheer Heart Attack reach on original release?,,,,Number one,false
Queen Quiz: Studio and Stage Details (Part 2),,Which UK chart position did Sheer Heart Attack reach on original release?,,,,Number four,false
Queen Quiz: Studio and Stage Details (Part 2),,Which UK chart position did Sheer Heart Attack reach on original release?,,,,Number ten,false
Queen Quiz: Studio and Stage Details (Part 2),,Which Queen II song follows 'The Fairy Feller's Master-Stroke' on the official track list?,Queen II,hard,4,Ogre Battle,false
Queen Quiz: Studio and Stage Details (Part 2),,Which Queen II song follows 'The Fairy Feller's Master-Stroke' on the official track list?,,,,Nevermore,true
Queen Quiz: Studio and Stage Details (Part 2),,Which Queen II song follows 'The Fairy Feller's Master-Stroke' on the official track list?,,,,Funny How Love Is,false
Queen Quiz: Studio and Stage Details (Part 2),,Which Queen II song follows 'The Fairy Feller's Master-Stroke' on the official track list?,,,,The March of the Black Queen,false
Queen Quiz: Studio and Stage Details (Part 2),,Which Hot Space track was produced by Queen and David Bowie?,Hot Space,hard,3,Body Language,false
Queen Quiz: Studio and Stage Details (Part 2),,Which Hot Space track was produced by Queen and David Bowie?,,,,Cool Cat,false
Queen Quiz: Studio and Stage Details (Part 2),,Which Hot Space track was produced by Queen and David Bowie?,,,,Under Pressure,true
Queen Quiz: Studio and Stage Details (Part 2),,Which Hot Space track was produced by Queen and David Bowie?,,,,Back Chat,false
Queen Quiz: Studio and Stage Details (Part 2),,What was the name of Queen's debut album's closing instrumental fragment?,Queen I,hard,4,Procession,false
Queen Quiz: Studio and Stage Details (Part 2),,What was the name of Queen's debut album's closing instrumental fragment?,,,,God Save the Queen,false
Queen Quiz: Studio and Stage Details (Part 2),,What was the name of Queen's debut album's closing instrumental fragment?,,,,Seven Seas of Rhye,true
Queen Quiz: Studio and Stage Details (Part 2),,What was the name of Queen's debut album's closing instrumental fragment?,,,,The Night Comes Down,false
Queen Quiz: Studio and Stage Details (Part 2),,In which French city did Queen finish recording Jazz at Super Bear Studios?,Jazz,hard,3,Paris,false
Queen Quiz: Studio and Stage Details (Part 2),,In which French city did Queen finish recording Jazz at Super Bear Studios?,,,,Lyon,false
Queen Quiz: Studio and Stage Details (Part 2),,In which French city did Queen finish recording Jazz at Super Bear Studios?,,,,Marseille,false
Queen Quiz: Studio and Stage Details (Part 2),,In which French city did Queen finish recording Jazz at Super Bear Studios?,,,,Nice,true
Queen Quiz: Studio and Stage Details (Part 2),,Which funk group influenced John Deacon's bass approach on 'Another One Bites the Dust'?,The Game,hard,3,"Earth, Wind & Fire",false
Queen Quiz: Studio and Stage Details (Part 2),,Which funk group influenced John Deacon's bass approach on 'Another One Bites the Dust'?,,,,Kool & the Gang,false
Queen Quiz: Studio and Stage Details (Part 2),,Which funk group influenced John Deacon's bass approach on 'Another One Bites the Dust'?,,,,The Commodores,false
Queen Quiz: Studio and Stage Details (Part 2),,Which funk group influenced John Deacon's bass approach on 'Another One Bites the Dust'?,,,,Chic,true
Queen Quiz: Studio and Stage Details (Part 2),,Which member's first Queen composition appears on Sheer Heart Attack?,Sheer Heart Attack,hard,3,John Deacon,true
Queen Quiz: Studio and Stage Details (Part 2),,Which member's first Queen composition appears on Sheer Heart Attack?,,,,Freddie Mercury,false
Queen Quiz: Studio and Stage Details (Part 2),,Which member's first Queen composition appears on Sheer Heart Attack?,,,,Roger Taylor,false
Queen Quiz: Studio and Stage Details (Part 2),,Which member's first Queen composition appears on Sheer Heart Attack?,,,,Brian May,false
Queen Quiz: Studio and Stage Details (Part 2),,At which two studios did Queen record News of the World?,News of the World,hard,3,Trident and Rockfield,false
Queen Quiz: Studio and Stage Details (Part 2),,At which two studios did Queen record News of the World?,,,,Musicland and Mountain,false
Queen Quiz: Studio and Stage Details (Part 2),,At which two studios did Queen record News of the World?,,,,Basing Street and Wessex,true
Queen Quiz: Studio and Stage Details (Part 2),,At which two studios did Queen record News of the World?,,,,Olympic and Townhouse,false
Queen Quiz: Studio and Stage Details (Part 2),,Which Queen album became their first US number-one LP?,The Game,hard,3,Flash Gordon,false
Queen Quiz: Studio and Stage Details (Part 2),,Which Queen album became their first US number-one LP?,,,,Jazz,false
Queen Quiz: Studio and Stage Details (Part 2),,Which Queen album became their first US number-one LP?,,,,The Game,true
Queen Quiz: Studio and Stage Details (Part 2),,Which Queen album became their first US number-one LP?,,,,Hot Space,false
Queen Quiz: Studio and Stage Details (Part 2),,Which band member wrote the unfinished title song that later appeared on News of the World?,Sheer Heart Attack,hard,3,John Deacon,false
Queen Quiz: Studio and Stage Details (Part 2),,Which band member wrote the unfinished title song that later appeared on News of the World?,,,,Roger Taylor,true
Queen Quiz: Studio and Stage Details (Part 2),,Which band member wrote the unfinished title song that later appeared on News of the World?,,,,Brian May,false
Queen Quiz: Studio and Stage Details (Part 2),,Which band member wrote the unfinished title song that later appeared on News of the World?,,,,Freddie Mercury,false
Queen Quiz: Studio and Stage Details (Part 2),,Which studio engineer worked on the self-produced A Day at the Races?,A Day at the Races,hard,3,Geoff Workman,false
Queen Quiz: Studio and Stage Details (Part 2),,Which studio engineer worked on the self-produced A Day at the Races?,,,,Mike Stone,true
Queen Quiz: Studio and Stage Details (Part 2),,Which studio engineer worked on the self-produced A Day at the Races?,,,,David Richards,false
Queen Quiz: Studio and Stage Details (Part 2),,Which studio engineer worked on the self-produced A Day at the Races?,,,,John Etchells,false
Queen Quiz: Studio and Stage Details (Part 2),,Which producer first collaborated with Queen on The Game?,The Game,hard,3,Mack,true
Queen Quiz: Studio and Stage Details (Part 2),,Which producer first collaborated with Queen on The Game?,,,,Roy Thomas Baker,false
Queen Quiz: Studio and Stage Details (Part 2),,Which producer first collaborated with Queen on The Game?,,,,David Richards,false
Queen Quiz: Studio and Stage Details (Part 2),,Which producer first collaborated with Queen on The Game?,,,,Mike Stone,false
Queen Quiz: Studio and Stage Details (Part 2),,Which Queen II track opens the original album?,Queen II,hard,3,Procession,true
Queen Quiz: Studio and Stage Details (Part 2),,Which Queen II track opens the original album?,,,,Father to Son,false
Queen Quiz: Studio and Stage Details (Part 2),,Which Queen II track opens the original album?,,,,Ogre Battle,false
Queen Quiz: Studio and Stage Details (Part 2),,Which Queen II track opens the original album?,,,,White Queen,false
