QuizTitle,QuizDescription,QuestionText,Category,Difficulty,Points,OptionText,IsCorrect
Queen Quiz: Archive Explorer (Part 1),"25 fresh questions on Queen concerts, milestones, songwriting and the band's wider story.",In which decade did this happen: Queen play the Pavilion de Paris amid tight police crowd restrictions?,Queen Timeline,easy,1,1970s,true
Queen Quiz: Archive Explorer (Part 1),,In which decade did this happen: Queen play the Pavilion de Paris amid tight police crowd restrictions?,,,,1960s,false
Queen Quiz: Archive Explorer (Part 1),,In which decade did this happen: Queen play the Pavilion de Paris amid tight police crowd restrictions?,,,,1940s,false
Queen Quiz: Archive Explorer (Part 1),,In which decade did this happen: Queen play the Pavilion de Paris amid tight police crowd restrictions?,,,,1980s,false
Queen Quiz: Archive Explorer (Part 1),,In which decade did this happen: Brian leaves Hampton Grammar School with ten O levels and four A levels?,Queen Timeline,easy,1,1940s,false
Queen Quiz: Archive Explorer (Part 1),,In which decade did this happen: Brian leaves Hampton Grammar School with ten O levels and four A levels?,,,,1960s,true
Queen Quiz: Archive Explorer (Part 1),,In which decade did this happen: Brian leaves Hampton Grammar School with ten O levels and four A levels?,,,,2010s,false
Queen Quiz: Archive Explorer (Part 1),,In which decade did this happen: Brian leaves Hampton Grammar School with ten O levels and four A levels?,,,,1980s,false
Queen Quiz: Archive Explorer (Part 1),,What is the Mercury Phoenix Trust's annual dress-up fundraiser launched in 2010 called?,Freddie Mercury,easy,1,Mercury Week,false
Queen Quiz: Archive Explorer (Part 1),,What is the Mercury Phoenix Trust's annual dress-up fundraiser launched in 2010 called?,,,,Queen For A Day,false
Queen Quiz: Archive Explorer (Part 1),,What is the Mercury Phoenix Trust's annual dress-up fundraiser launched in 2010 called?,,,,Freddie For A Day,true
Queen Quiz: Archive Explorer (Part 1),,What is the Mercury Phoenix Trust's annual dress-up fundraiser launched in 2010 called?,,,,The Freddie Challenge,false
Queen Quiz: Archive Explorer (Part 1),,In which country did Queen play at Kokusai Kaikan on 23 April 1975?,Concerts,medium,2,The Netherlands,false
Queen Quiz: Archive Explorer (Part 1),,In which country did Queen play at Kokusai Kaikan on 23 April 1975?,,,,Spain,false
Queen Quiz: Archive Explorer (Part 1),,In which country did Queen play at Kokusai Kaikan on 23 April 1975?,,,,Finland,false
Queen Quiz: Archive Explorer (Part 1),,In which country did Queen play at Kokusai Kaikan on 23 April 1975?,,,,Japan,true
Queen Quiz: Archive Explorer (Part 1),,In which country did Queen play at Yokohama Bunka Taikukan on 30 April 1975?,Concerts,medium,2,Japan,true
Queen Quiz: Archive Explorer (Part 1),,In which country did Queen play at Yokohama Bunka Taikukan on 30 April 1975?,,,,Sweden,false
Queen Quiz: Archive Explorer (Part 1),,In which country did Queen play at Yokohama Bunka Taikukan on 30 April 1975?,,,,Norway,false
Queen Quiz: Archive Explorer (Part 1),,In which country did Queen play at Yokohama Bunka Taikukan on 30 April 1975?,,,,Argentina,false
Queen Quiz: Archive Explorer (Part 1),,In what year did this Queen-related event occur: Queen fly home to the UK for Christmas after their exhausting US tour?,Queen Timeline,medium,2,1981,false
Queen Quiz: Archive Explorer (Part 1),,In what year did this Queen-related event occur: Queen fly home to the UK for Christmas after their exhausting US tour?,,,,1977,true
Queen Quiz: Archive Explorer (Part 1),,In what year did this Queen-related event occur: Queen fly home to the UK for Christmas after their exhausting US tour?,,,,1974,false
Queen Quiz: Archive Explorer (Part 1),,In what year did this Queen-related event occur: Queen fly home to the UK for Christmas after their exhausting US tour?,,,,1975,false
Queen Quiz: Archive Explorer (Part 1),,In which South African city was the first major 46664 concert held in 2003?,Brian May,medium,2,Johannesburg,false
Queen Quiz: Archive Explorer (Part 1),,In which South African city was the first major 46664 concert held in 2003?,,,,Durban,false
Queen Quiz: Archive Explorer (Part 1),,In which South African city was the first major 46664 concert held in 2003?,,,,Cape Town,true
Queen Quiz: Archive Explorer (Part 1),,In which South African city was the first major 46664 concert held in 2003?,,,,Pretoria,false
Queen Quiz: Archive Explorer (Part 1),,In which country did Queen play at Auditorium Theater on 22 February 1976?,Concerts,medium,2,Finland,false
Queen Quiz: Archive Explorer (Part 1),,In which country did Queen play at Auditorium Theater on 22 February 1976?,,,,Belgium,false
Queen Quiz: Archive Explorer (Part 1),,In which country did Queen play at Auditorium Theater on 22 February 1976?,,,,Norway,false
Queen Quiz: Archive Explorer (Part 1),,In which country did Queen play at Auditorium Theater on 22 February 1976?,,,,USA,true
Queen Quiz: Archive Explorer (Part 1),,In which country did Queen play at Veteran's Memorial Coliseum on 10 September 1982?,Concerts,medium,2,USA,true
Queen Quiz: Archive Explorer (Part 1),,In which country did Queen play at Veteran's Memorial Coliseum on 10 September 1982?,,,,Norway,false
Queen Quiz: Archive Explorer (Part 1),,In which country did Queen play at Veteran's Memorial Coliseum on 10 September 1982?,,,,Austria,false
Queen Quiz: Archive Explorer (Part 1),,In which country did Queen play at Veteran's Memorial Coliseum on 10 September 1982?,,,,Sweden,false
Queen Quiz: Archive Explorer (Part 1),,In what year did this Queen-related event occur: Freddie's single 'Time' (from the stage musical of the same name) is released; the video is filmed at 6am on the closed set of the Dominion Theatre?,Queen Timeline,medium,2,1984,false
Queen Quiz: Archive Explorer (Part 1),,In what year did this Queen-related event occur: Freddie's single 'Time' (from the stage musical of the same name) is released; the video is filmed at 6am on the closed set of the Dominion Theatre?,,,,1986,true
Queen Quiz: Archive Explorer (Part 1),,In what year did this Queen-related event occur: Freddie's single 'Time' (from the stage musical of the same name) is released; the video is filmed at 6am on the closed set of the Dominion Theatre?,,,,1989,false
Queen Quiz: Archive Explorer (Part 1),,In what year did this Queen-related event occur: Freddie's single 'Time' (from the stage musical of the same name) is released; the video is filmed at 6am on the closed set of the Dominion Theatre?,,,,1983,false
Queen Quiz: Archive Explorer (Part 1),,In which month of 1975 did this happen: Queen depart for their first headlining US tour?,Queen Timeline,hard,3,October,false
Queen Quiz: Archive Explorer (Part 1),,In which month of 1975 did this happen: Queen depart for their first headlining US tour?,,,,August,false
Queen Quiz: Archive Explorer (Part 1),,In which month of 1975 did this happen: Queen depart for their first headlining US tour?,,,,January,true
Queen Quiz: Archive Explorer (Part 1),,In which month of 1975 did this happen: Queen depart for their first headlining US tour?,,,,May,false
Queen Quiz: Archive Explorer (Part 1),,In what year did this Queen-related event occur: Queen perform (mimed) at the Golden Rose pop festival in Switzerland?,Queen Timeline,hard,3,1988,false
Queen Quiz: Archive Explorer (Part 1),,In what year did this Queen-related event occur: Queen perform (mimed) at the Golden Rose pop festival in Switzerland?,,,,1981,false
Queen Quiz: Archive Explorer (Part 1),,In what year did this Queen-related event occur: Queen perform (mimed) at the Golden Rose pop festival in Switzerland?,,,,1985,false
Queen Quiz: Archive Explorer (Part 1),,In what year did this Queen-related event occur: Queen perform (mimed) at the Golden Rose pop festival in Switzerland?,,,,1984,true
Queen Quiz: Archive Explorer (Part 1),,"In which month of 1974 did this happen: Queen play their first-ever US gig, at Regis College, Denver?",Queen Timeline,hard,3,April,true
Queen Quiz: Archive Explorer (Part 1),,"In which month of 1974 did this happen: Queen play their first-ever US gig, at Regis College, Denver?",,,,June,false
Queen Quiz: Archive Explorer (Part 1),,"In which month of 1974 did this happen: Queen play their first-ever US gig, at Regis College, Denver?",,,,December,false
Queen Quiz: Archive Explorer (Part 1),,"In which month of 1974 did this happen: Queen play their first-ever US gig, at Regis College, Denver?",,,,January,false
Queen Quiz: Archive Explorer (Part 1),,Which city hosted Queen's 25 November 1974 show at Helsingin Kulttuuritalo?,Concerts,hard,3,Waterbury,false
Queen Quiz: Archive Explorer (Part 1),,Which city hosted Queen's 25 November 1974 show at Helsingin Kulttuuritalo?,,,,Helsinki,true
Queen Quiz: Archive Explorer (Part 1),,Which city hosted Queen's 25 November 1974 show at Helsingin Kulttuuritalo?,,,,Frankfurt,false
Queen Quiz: Archive Explorer (Part 1),,Which city hosted Queen's 25 November 1974 show at Helsingin Kulttuuritalo?,,,,Dagenham,false
Queen Quiz: Archive Explorer (Part 1),,"In which month of 1975 did this happen: EMI releases A Night at the Opera, titled after the band's favourite Marx Brothers film?",Queen Timeline,hard,3,April,false
Queen Quiz: Archive Explorer (Part 1),,"In which month of 1975 did this happen: EMI releases A Night at the Opera, titled after the band's favourite Marx Brothers film?",,,,December,false
Queen Quiz: Archive Explorer (Part 1),,"In which month of 1975 did this happen: EMI releases A Night at the Opera, titled after the band's favourite Marx Brothers film?",,,,November,true
Queen Quiz: Archive Explorer (Part 1),,"In which month of 1975 did this happen: EMI releases A Night at the Opera, titled after the band's favourite Marx Brothers film?",,,,October,false
Queen Quiz: Archive Explorer (Part 1),,Which city hosted Queen's 22 December 1979 show at Alexandra Palace?,Concerts,hard,3,Dublin,false
Queen Quiz: Archive Explorer (Part 1),,Which city hosted Queen's 22 December 1979 show at Alexandra Palace?,,,,Manchester,false
Queen Quiz: Archive Explorer (Part 1),,Which city hosted Queen's 22 December 1979 show at Alexandra Palace?,,,,Kiel,false
Queen Quiz: Archive Explorer (Part 1),,Which city hosted Queen's 22 December 1979 show at Alexandra Palace?,,,,London,true
Queen Quiz: Archive Explorer (Part 1),,Which city hosted Queen's 9 November 1978 show at Cobo Arena?,Concerts,hard,3,Detroit,true
Queen Quiz: Archive Explorer (Part 1),,Which city hosted Queen's 9 November 1978 show at Cobo Arena?,,,,Montreal,false
Queen Quiz: Archive Explorer (Part 1),,Which city hosted Queen's 9 November 1978 show at Cobo Arena?,,,,Vancouver,false
Queen Quiz: Archive Explorer (Part 1),,Which city hosted Queen's 9 November 1978 show at Cobo Arena?,,,,Nashville,false
Queen Quiz: Archive Explorer (Part 1),,Which Queen member has the individual writing credit for 'Lazing on a Sunday Afternoon'?,Songwriting,hard,3,Brian May,false
Queen Quiz: Archive Explorer (Part 1),,Which Queen member has the individual writing credit for 'Lazing on a Sunday Afternoon'?,,,,Freddie Mercury,true
Queen Quiz: Archive Explorer (Part 1),,Which Queen member has the individual writing credit for 'Lazing on a Sunday Afternoon'?,,,,Roger Taylor,false
Queen Quiz: Archive Explorer (Part 1),,Which Queen member has the individual writing credit for 'Lazing on a Sunday Afternoon'?,,,,John Deacon,false
Queen Quiz: Archive Explorer (Part 1),,At which venue did Queen perform in Cologne on 7 May 1982?,Concerts,hard,3,Reunion,false
Queen Quiz: Archive Explorer (Part 1),,At which venue did Queen perform in Cologne on 7 May 1982?,,,,Palais Des Sports,false
Queen Quiz: Archive Explorer (Part 1),,At which venue did Queen perform in Cologne on 7 May 1982?,,,,Sporthalle,true
Queen Quiz: Archive Explorer (Part 1),,At which venue did Queen perform in Cologne on 7 May 1982?,,,,Waldbühne,false
Queen Quiz: Archive Explorer (Part 1),,Which 1996 film received a mini-opera from Brian May?,Brian May,hard,3,The Hunchback of Notre Dame,false
Queen Quiz: Archive Explorer (Part 1),,Which 1996 film received a mini-opera from Brian May?,,,,Space Jam,false
Queen Quiz: Archive Explorer (Part 1),,Which 1996 film received a mini-opera from Brian May?,,,,The Phantom,false
Queen Quiz: Archive Explorer (Part 1),,Which 1996 film received a mini-opera from Brian May?,,,,Pinocchio,true
Queen Quiz: Archive Explorer (Part 1),,Which city hosted Queen's 10 April 1982 show at Ice Stadium?,Concerts,hard,3,Stockholm,true
Queen Quiz: Archive Explorer (Part 1),,Which city hosted Queen's 10 April 1982 show at Ice Stadium?,,,,Berlin,false
Queen Quiz: Archive Explorer (Part 1),,Which city hosted Queen's 10 April 1982 show at Ice Stadium?,,,,Lyon,false
Queen Quiz: Archive Explorer (Part 1),,Which city hosted Queen's 10 April 1982 show at Ice Stadium?,,,,Kassel,false
Queen Quiz: Archive Explorer (Part 1),,Which country inspired Roger Taylor's song 'People on Streets' through the inequality he saw there?,Roger Taylor,hard,3,Brazil,false
Queen Quiz: Archive Explorer (Part 1),,Which country inspired Roger Taylor's song 'People on Streets' through the inequality he saw there?,,,,India,true
Queen Quiz: Archive Explorer (Part 1),,Which country inspired Roger Taylor's song 'People on Streets' through the inequality he saw there?,,,,South Africa,false
Queen Quiz: Archive Explorer (Part 1),,Which country inspired Roger Taylor's song 'People on Streets' through the inequality he saw there?,,,,Mexico,false
Queen Quiz: Archive Explorer (Part 1),,What happened in Queen's story on 23 August 1969?,Queen Timeline,hard,4,Tim Staffell brings art-college friend Freddie Bulsara to a Smile rehearsal for the first time,false
Queen Quiz: Archive Explorer (Part 1),,What happened in Queen's story on 23 August 1969?,,,,"Disillusioned with Liverpool, Freddie and Mike Bersin head back to London, ending Freddie's time in Ibex",false
Queen Quiz: Archive Explorer (Part 1),,What happened in Queen's story on 23 August 1969?,,,,"Ibex (with Freddie on lead vocals) play the Bolton Octagon Theatre, followed by an open-air festival in Queens Park the next day",true
Queen Quiz: Archive Explorer (Part 1),,What happened in Queen's story on 23 August 1969?,,,,John plays his final gig with Art before leaving for university in London,false
Queen Quiz: Archive Explorer (Part 1),,How many tracks were included in the 2024 'Queen I' 6CD box set?,Archive Releases,hard,4,43,false
Queen Quiz: Archive Explorer (Part 1),,How many tracks were included in the 2024 'Queen I' 6CD box set?,,,,50,false
Queen Quiz: Archive Explorer (Part 1),,How many tracks were included in the 2024 'Queen I' 6CD box set?,,,,72,false
Queen Quiz: Archive Explorer (Part 1),,How many tracks were included in the 2024 'Queen I' 6CD box set?,,,,63,true
Queen Quiz: Archive Explorer (Part 1),,At which venue did Queen perform in Sydney on 29 April 1985?,Concerts,hard,4,Entertainments Centre,true
Queen Quiz: Archive Explorer (Part 1),,At which venue did Queen perform in Sydney on 29 April 1985?,,,,Yoyogi Taiikukan,false
Queen Quiz: Archive Explorer (Part 1),,At which venue did Queen perform in Sydney on 29 April 1985?,,,,Sports & Entertainments Centre,false
Queen Quiz: Archive Explorer (Part 1),,At which venue did Queen perform in Sydney on 29 April 1985?,,,,Castle Hall,false
Queen Quiz: Archive Explorer (Part 2),"25 fresh questions on Queen concerts, milestones, songwriting and the band's wider story.","In which decade did this happen: Brian May marries longtime girlfriend Chrissy Mullen at St Osmund's Roman Catholic Church, Castlenau, Barnes?",Queen Timeline,easy,1,1970s,true
Queen Quiz: Archive Explorer (Part 2),,"In which decade did this happen: Brian May marries longtime girlfriend Chrissy Mullen at St Osmund's Roman Catholic Church, Castlenau, Barnes?",,,,2000s,false
Queen Quiz: Archive Explorer (Part 2),,"In which decade did this happen: Brian May marries longtime girlfriend Chrissy Mullen at St Osmund's Roman Catholic Church, Castlenau, Barnes?",,,,1980s,false
Queen Quiz: Archive Explorer (Part 2),,"In which decade did this happen: Brian May marries longtime girlfriend Chrissy Mullen at St Osmund's Roman Catholic Church, Castlenau, Barnes?",,,,1950s,false
Queen Quiz: Archive Explorer (Part 2),,"In which decade did this happen: The Star Fleet Project mini-album is released in the UK, reaching number one on the UK Heavy Metal chart?",Queen Timeline,easy,1,2000s,false
Queen Quiz: Archive Explorer (Part 2),,"In which decade did this happen: The Star Fleet Project mini-album is released in the UK, reaching number one on the UK Heavy Metal chart?",,,,1980s,true
Queen Quiz: Archive Explorer (Part 2),,"In which decade did this happen: The Star Fleet Project mini-album is released in the UK, reaching number one on the UK Heavy Metal chart?",,,,1970s,false
Queen Quiz: Archive Explorer (Part 2),,"In which decade did this happen: The Star Fleet Project mini-album is released in the UK, reaching number one on the UK Heavy Metal chart?",,,,1950s,false
Queen Quiz: Archive Explorer (Part 2),,"In which decade did this happen: The Crazy Tour reaches London's Lyceum Ballroom; Paul McCartney, booked to play the venue soon after, agrees to split the cost of roof modifications for the lighting rig?",Queen Timeline,easy,1,2010s,false
Queen Quiz: Archive Explorer (Part 2),,"In which decade did this happen: The Crazy Tour reaches London's Lyceum Ballroom; Paul McCartney, booked to play the venue soon after, agrees to split the cost of roof modifications for the lighting rig?",,,,2000s,false
Queen Quiz: Archive Explorer (Part 2),,"In which decade did this happen: The Crazy Tour reaches London's Lyceum Ballroom; Paul McCartney, booked to play the venue soon after, agrees to split the cost of roof modifications for the lighting rig?",,,,1970s,true
Queen Quiz: Archive Explorer (Part 2),,"In which decade did this happen: The Crazy Tour reaches London's Lyceum Ballroom; Paul McCartney, booked to play the venue soon after, agrees to split the cost of roof modifications for the lighting rig?",,,,1950s,false
Queen Quiz: Archive Explorer (Part 2),,In which country did Queen play at Palacio Municipal de Deportes on 13 December 1974?,Concerts,medium,2,Mexico,false
Queen Quiz: Archive Explorer (Part 2),,In which country did Queen play at Palacio Municipal de Deportes on 13 December 1974?,,,,Sweden,false
Queen Quiz: Archive Explorer (Part 2),,In which country did Queen play at Palacio Municipal de Deportes on 13 December 1974?,,,,Belgium,false
Queen Quiz: Archive Explorer (Part 2),,In which country did Queen play at Palacio Municipal de Deportes on 13 December 1974?,,,,Spain,true
Queen Quiz: Archive Explorer (Part 2),,For how many consecutive weeks did 'Bohemian Rhapsody' top the UK chart on its original release?,Freddie Mercury,medium,2,Nine,true
Queen Quiz: Archive Explorer (Part 2),,For how many consecutive weeks did 'Bohemian Rhapsody' top the UK chart on its original release?,,,,Four,false
Queen Quiz: Archive Explorer (Part 2),,For how many consecutive weeks did 'Bohemian Rhapsody' top the UK chart on its original release?,,,,Six,false
Queen Quiz: Archive Explorer (Part 2),,For how many consecutive weeks did 'Bohemian Rhapsody' top the UK chart on its original release?,,,,Twelve,false
Queen Quiz: Archive Explorer (Part 2),,In which country did Queen play at University on 28 March 1974?,Concerts,medium,2,France,false
Queen Quiz: Archive Explorer (Part 2),,In which country did Queen play at University on 28 March 1974?,,,,UK,true
Queen Quiz: Archive Explorer (Part 2),,In which country did Queen play at University on 28 March 1974?,,,,Belgium,false
Queen Quiz: Archive Explorer (Part 2),,In which country did Queen play at University on 28 March 1974?,,,,Italy,false
Queen Quiz: Archive Explorer (Part 2),,"In what year did this Queen-related event occur: Hot Space is released, marking a stylistic shift toward funk/disco that divides fans?",Queen Timeline,medium,2,1986,false
Queen Quiz: Archive Explorer (Part 2),,"In what year did this Queen-related event occur: Hot Space is released, marking a stylistic shift toward funk/disco that divides fans?",,,,1980,false
Queen Quiz: Archive Explorer (Part 2),,"In what year did this Queen-related event occur: Hot Space is released, marking a stylistic shift toward funk/disco that divides fans?",,,,1982,true
Queen Quiz: Archive Explorer (Part 2),,"In what year did this Queen-related event occur: Hot Space is released, marking a stylistic shift toward funk/disco that divides fans?",,,,1981,false
Queen Quiz: Archive Explorer (Part 2),,In which country did Queen play at Musikhalle on 5 December 1974?,Concerts,medium,2,Brazil,false
Queen Quiz: Archive Explorer (Part 2),,In which country did Queen play at Musikhalle on 5 December 1974?,,,,Italy,false
Queen Quiz: Archive Explorer (Part 2),,In which country did Queen play at Musikhalle on 5 December 1974?,,,,Venezuela,false
Queen Quiz: Archive Explorer (Part 2),,In which country did Queen play at Musikhalle on 5 December 1974?,,,,Germany,true
Queen Quiz: Archive Explorer (Part 2),,In which country did Queen play at Estádio do Morumbi on 21 March 1981?,Concerts,medium,2,Brazil,true
Queen Quiz: Archive Explorer (Part 2),,In which country did Queen play at Estádio do Morumbi on 21 March 1981?,,,,The Netherlands,false
Queen Quiz: Archive Explorer (Part 2),,In which country did Queen play at Estádio do Morumbi on 21 March 1981?,,,,Finland,false
Queen Quiz: Archive Explorer (Part 2),,In which country did Queen play at Estádio do Morumbi on 21 March 1981?,,,,Mexico,false
Queen Quiz: Archive Explorer (Part 2),,"In what year did this Queen-related event occur: Greatest Flix, a compilation of Queen's promotional videos, is released in the UK?",Queen Timeline,medium,2,1984,false
Queen Quiz: Archive Explorer (Part 2),,"In what year did this Queen-related event occur: Greatest Flix, a compilation of Queen's promotional videos, is released in the UK?",,,,1981,true
Queen Quiz: Archive Explorer (Part 2),,"In what year did this Queen-related event occur: Greatest Flix, a compilation of Queen's promotional videos, is released in the UK?",,,,1985,false
Queen Quiz: Archive Explorer (Part 2),,"In what year did this Queen-related event occur: Greatest Flix, a compilation of Queen's promotional videos, is released in the UK?",,,,1982,false
Queen Quiz: Archive Explorer (Part 2),,In which month of 1969 did this happen: John plays his final gig with Art before leaving for university in London?,Queen Timeline,hard,3,June,false
Queen Quiz: Archive Explorer (Part 2),,In which month of 1969 did this happen: John plays his final gig with Art before leaving for university in London?,,,,February,false
Queen Quiz: Archive Explorer (Part 2),,In which month of 1969 did this happen: John plays his final gig with Art before leaving for university in London?,,,,August,true
Queen Quiz: Archive Explorer (Part 2),,In which month of 1969 did this happen: John plays his final gig with Art before leaving for university in London?,,,,October,false
Queen Quiz: Archive Explorer (Part 2),,In what year did this Queen-related event occur: Roger joins local band Johnny Quale and the Reaction?,Queen Timeline,hard,3,1964,false
Queen Quiz: Archive Explorer (Part 2),,In what year did this Queen-related event occur: Roger joins local band Johnny Quale and the Reaction?,,,,1961,false
Queen Quiz: Archive Explorer (Part 2),,In what year did this Queen-related event occur: Roger joins local band Johnny Quale and the Reaction?,,,,1962,false
Queen Quiz: Archive Explorer (Part 2),,In what year did this Queen-related event occur: Roger joins local band Johnny Quale and the Reaction?,,,,1965,true
Queen Quiz: Archive Explorer (Part 2),,Which city hosted Queen's 2 May 1979 show at Prefectural Athletic Association?,Concerts,hard,3,Yamaguchi,true
Queen Quiz: Archive Explorer (Part 2),,Which city hosted Queen's 2 May 1979 show at Prefectural Athletic Association?,,,,Saarbrucken,false
Queen Quiz: Archive Explorer (Part 2),,Which city hosted Queen's 2 May 1979 show at Prefectural Athletic Association?,,,,Sapporo,false
Queen Quiz: Archive Explorer (Part 2),,Which city hosted Queen's 2 May 1979 show at Prefectural Athletic Association?,,,,Barcelona,false
Queen Quiz: Archive Explorer (Part 2),,Which Queen member has the individual writing credit for 'Put Out the Fire'?,Songwriting,hard,3,Freddie Mercury,false
Queen Quiz: Archive Explorer (Part 2),,Which Queen member has the individual writing credit for 'Put Out the Fire'?,,,,Brian May,true
Queen Quiz: Archive Explorer (Part 2),,Which Queen member has the individual writing credit for 'Put Out the Fire'?,,,,Roger Taylor,false
Queen Quiz: Archive Explorer (Part 2),,Which Queen member has the individual writing credit for 'Put Out the Fire'?,,,,John Deacon,false
Queen Quiz: Archive Explorer (Part 2),,Which Queen member has the individual writing credit for 'Tear It Up'?,Songwriting,hard,3,Freddie Mercury,false
Queen Quiz: Archive Explorer (Part 2),,Which Queen member has the individual writing credit for 'Tear It Up'?,,,,Roger Taylor,false
Queen Quiz: Archive Explorer (Part 2),,Which Queen member has the individual writing credit for 'Tear It Up'?,,,,Brian May,true
Queen Quiz: Archive Explorer (Part 2),,Which Queen member has the individual writing credit for 'Tear It Up'?,,,,John Deacon,false
Queen Quiz: Archive Explorer (Part 2),,Which city hosted Queen's 21 August 1982 show at Reunion?,Concerts,hard,3,Berlin,false
Queen Quiz: Archive Explorer (Part 2),,Which city hosted Queen's 21 August 1982 show at Reunion?,,,,Kassel,false
Queen Quiz: Archive Explorer (Part 2),,Which city hosted Queen's 21 August 1982 show at Reunion?,,,,Lyon,false
Queen Quiz: Archive Explorer (Part 2),,Which city hosted Queen's 21 August 1982 show at Reunion?,,,,Dallas,true
Queen Quiz: Archive Explorer (Part 2),,In which month of 1972 did this happen: John organises a gig at Bedford College attended by just six people - one of his most embarrassing moments?,Queen Timeline,hard,3,January,true
Queen Quiz: Archive Explorer (Part 2),,In which month of 1972 did this happen: John organises a gig at Bedford College attended by just six people - one of his most embarrassing moments?,,,,October,false
Queen Quiz: Archive Explorer (Part 2),,In which month of 1972 did this happen: John organises a gig at Bedford College attended by just six people - one of his most embarrassing moments?,,,,June,false
Queen Quiz: Archive Explorer (Part 2),,In which month of 1972 did this happen: John organises a gig at Bedford College attended by just six people - one of his most embarrassing moments?,,,,March,false
Queen Quiz: Archive Explorer (Part 2),,In what year did this Queen-related event occur: Queen begin a sold-out five-night run at Tokyo's Budokan Hall?,Queen Timeline,hard,3,1984,false
Queen Quiz: Archive Explorer (Part 2),,In what year did this Queen-related event occur: Queen begin a sold-out five-night run at Tokyo's Budokan Hall?,,,,1981,true
Queen Quiz: Archive Explorer (Part 2),,In what year did this Queen-related event occur: Queen begin a sold-out five-night run at Tokyo's Budokan Hall?,,,,1978,false
Queen Quiz: Archive Explorer (Part 2),,In what year did this Queen-related event occur: Queen begin a sold-out five-night run at Tokyo's Budokan Hall?,,,,1982,false
Queen Quiz: Archive Explorer (Part 2),,In which month of 1973 did this happen: Queen's debut album is finished but still without a record deal?,Queen Timeline,hard,3,March,false
Queen Quiz: Archive Explorer (Part 2),,In which month of 1973 did this happen: Queen's debut album is finished but still without a record deal?,,,,December,false
Queen Quiz: Archive Explorer (Part 2),,In which month of 1973 did this happen: Queen's debut album is finished but still without a record deal?,,,,January,true
Queen Quiz: Archive Explorer (Part 2),,In which month of 1973 did this happen: Queen's debut album is finished but still without a record deal?,,,,June,false
Queen Quiz: Archive Explorer (Part 2),,At which venue did Queen perform in Manchester on 27 November 1979?,Concerts,hard,3,Alexandra Palace,false
Queen Quiz: Archive Explorer (Part 2),,At which venue did Queen perform in Manchester on 27 November 1979?,,,,Festival Hall,false
Queen Quiz: Archive Explorer (Part 2),,At which venue did Queen perform in Manchester on 27 November 1979?,,,,Messesportspalace,false
Queen Quiz: Archive Explorer (Part 2),,At which venue did Queen perform in Manchester on 27 November 1979?,,,,Apollo Theatre,true
Queen Quiz: Archive Explorer (Part 2),,Which Hollywood actor took an early co-producing interest in the 'We Will Rock You' musical?,Queen on Stage,hard,3,Robert De Niro,true
Queen Quiz: Archive Explorer (Part 2),,Which Hollywood actor took an early co-producing interest in the 'We Will Rock You' musical?,,,,Al Pacino,false
Queen Quiz: Archive Explorer (Part 2),,Which Hollywood actor took an early co-producing interest in the 'We Will Rock You' musical?,,,,Tom Hanks,false
Queen Quiz: Archive Explorer (Part 2),,Which Hollywood actor took an early co-producing interest in the 'We Will Rock You' musical?,,,,Robert Redford,false
Queen Quiz: Archive Explorer (Part 2),,At which venue did Queen perform in Toronto on 30 August 1980?,Concerts,hard,4,Rosemont Horizon,false
Queen Quiz: Archive Explorer (Part 2),,At which venue did Queen perform in Toronto on 30 August 1980?,,,,CNE,true
Queen Quiz: Archive Explorer (Part 2),,At which venue did Queen perform in Toronto on 30 August 1980?,,,,Oakland Coliseum Arena,false
Queen Quiz: Archive Explorer (Part 2),,At which venue did Queen perform in Toronto on 30 August 1980?,,,,Compton Terrace,false
Queen Quiz: Archive Explorer (Part 2),,At which venue did Queen perform in Caracas on 26 September 1981?,Concerts,hard,4,Estadio de Beisbol Ignacio Zaragoza,false
Queen Quiz: Archive Explorer (Part 2),,At which venue did Queen perform in Caracas on 26 September 1981?,,,,Estadio José María Minella,false
Queen Quiz: Archive Explorer (Part 2),,At which venue did Queen perform in Caracas on 26 September 1981?,,,,Poliedro De Caracas,true
Queen Quiz: Archive Explorer (Part 2),,At which venue did Queen perform in Caracas on 26 September 1981?,,,,El Gigante de Arroyito (Estadio Rosario Central),false
Queen Quiz: Archive Explorer (Part 2),,On which May date in 2002 did the original 'We Will Rock You' musical open?,Queen on Stage,hard,4,1 May,false
Queen Quiz: Archive Explorer (Part 2),,On which May date in 2002 did the original 'We Will Rock You' musical open?,,,,21 May,false
Queen Quiz: Archive Explorer (Part 2),,On which May date in 2002 did the original 'We Will Rock You' musical open?,,,,30 May,false
Queen Quiz: Archive Explorer (Part 2),,On which May date in 2002 did the original 'We Will Rock You' musical open?,,,,14 May,true
Queen Quiz: Archive Explorer (Part 2),,At which venue did Queen perform in Kalamazoo on 11 November 1978?,Concerts,hard,4,Wings Stadium,true
Queen Quiz: Archive Explorer (Part 2),,At which venue did Queen perform in Kalamazoo on 11 November 1978?,,,,Forum,false
Queen Quiz: Archive Explorer (Part 2),,At which venue did Queen perform in Kalamazoo on 11 November 1978?,,,,Rhode Island Civic Centre,false
Queen Quiz: Archive Explorer (Part 2),,At which venue did Queen perform in Kalamazoo on 11 November 1978?,,,,Auditorium,false
Queen Quiz: Archive Explorer (Part 3),"25 fresh questions on Queen concerts, milestones, songwriting and the band's wider story.",In which decade did this happen: Freddie celebrates his birthday by flying his closest friends to New York on Concorde for a five-day party at the Berkshire Hotel?,Queen Timeline,easy,1,1980s,true
Queen Quiz: Archive Explorer (Part 3),,In which decade did this happen: Freddie celebrates his birthday by flying his closest friends to New York on Concorde for a five-day party at the Berkshire Hotel?,,,,2000s,false
Queen Quiz: Archive Explorer (Part 3),,In which decade did this happen: Freddie celebrates his birthday by flying his closest friends to New York on Concorde for a five-day party at the Berkshire Hotel?,,,,1950s,false
Queen Quiz: Archive Explorer (Part 3),,In which decade did this happen: Freddie celebrates his birthday by flying his closest friends to New York on Concorde for a five-day party at the Berkshire Hotel?,,,,1970s,false
Queen Quiz: Archive Explorer (Part 3),,"In which decade did this happen: Tim Staffell leaves Brian and Roger, ending Smile?",Queen Timeline,easy,1,1950s,false
Queen Quiz: Archive Explorer (Part 3),,"In which decade did this happen: Tim Staffell leaves Brian and Roger, ending Smile?",,,,1970s,true
Queen Quiz: Archive Explorer (Part 3),,"In which decade did this happen: Tim Staffell leaves Brian and Roger, ending Smile?",,,,2010s,false
Queen Quiz: Archive Explorer (Part 3),,"In which decade did this happen: Tim Staffell leaves Brian and Roger, ending Smile?",,,,2000s,false
Queen Quiz: Archive Explorer (Part 3),,"In which decade did this happen: Queen II is released in the UK, marking the first Queen sleeve to feature a black side and a white side instead of A/B?",Queen Timeline,easy,1,1980s,false
Queen Quiz: Archive Explorer (Part 3),,"In which decade did this happen: Queen II is released in the UK, marking the first Queen sleeve to feature a black side and a white side instead of A/B?",,,,1990s,false
Queen Quiz: Archive Explorer (Part 3),,"In which decade did this happen: Queen II is released in the UK, marking the first Queen sleeve to feature a black side and a white side instead of A/B?",,,,1970s,true
Queen Quiz: Archive Explorer (Part 3),,"In which decade did this happen: Queen II is released in the UK, marking the first Queen sleeve to feature a black side and a white side instead of A/B?",,,,1950s,false
Queen Quiz: Archive Explorer (Part 3),,Who portrayed Roger Taylor in the 2018 film 'Bohemian Rhapsody'?,Queen on Screen,medium,2,Gwilym Lee,false
Queen Quiz: Archive Explorer (Part 3),,Who portrayed Roger Taylor in the 2018 film 'Bohemian Rhapsody'?,,,,Joe Mazzello,false
Queen Quiz: Archive Explorer (Part 3),,Who portrayed Roger Taylor in the 2018 film 'Bohemian Rhapsody'?,,,,Rami Malek,false
Queen Quiz: Archive Explorer (Part 3),,Who portrayed Roger Taylor in the 2018 film 'Bohemian Rhapsody'?,,,,Ben Hardy,true
Queen Quiz: Archive Explorer (Part 3),,"In what year did this Queen-related event occur: Queen play the opening night of the Concerts for the People of Kampuchea at Hammersmith Odeon, the only band to perform a full set that night?",Queen Timeline,medium,2,1979,true
Queen Quiz: Archive Explorer (Part 3),,"In what year did this Queen-related event occur: Queen play the opening night of the Concerts for the People of Kampuchea at Hammersmith Odeon, the only band to perform a full set that night?",,,,1982,false
Queen Quiz: Archive Explorer (Part 3),,"In what year did this Queen-related event occur: Queen play the opening night of the Concerts for the People of Kampuchea at Hammersmith Odeon, the only band to perform a full set that night?",,,,1981,false
Queen Quiz: Archive Explorer (Part 3),,"In what year did this Queen-related event occur: Queen play the opening night of the Concerts for the People of Kampuchea at Hammersmith Odeon, the only band to perform a full set that night?",,,,1983,false
Queen Quiz: Archive Explorer (Part 3),,"In what year did this Queen-related event occur: The Cilla Black show Goodbye To The Eighties airs, revealing Queen's Greatest Hits as the fourth best-selling album of all time?",Queen Timeline,medium,2,1985,false
Queen Quiz: Archive Explorer (Part 3),,"In what year did this Queen-related event occur: The Cilla Black show Goodbye To The Eighties airs, revealing Queen's Greatest Hits as the fourth best-selling album of all time?",,,,1989,true
Queen Quiz: Archive Explorer (Part 3),,"In what year did this Queen-related event occur: The Cilla Black show Goodbye To The Eighties airs, revealing Queen's Greatest Hits as the fourth best-selling album of all time?",,,,1987,false
Queen Quiz: Archive Explorer (Part 3),,"In what year did this Queen-related event occur: The Cilla Black show Goodbye To The Eighties airs, revealing Queen's Greatest Hits as the fourth best-selling album of all time?",,,,1986,false
Queen Quiz: Archive Explorer (Part 3),,In which country did Queen play at Sports & Entertainments Centre on 16 April 1985?,Concerts,medium,2,Canada,false
Queen Quiz: Archive Explorer (Part 3),,In which country did Queen play at Sports & Entertainments Centre on 16 April 1985?,,,,The Netherlands,false
Queen Quiz: Archive Explorer (Part 3),,In which country did Queen play at Sports & Entertainments Centre on 16 April 1985?,,,,Australia,true
Queen Quiz: Archive Explorer (Part 3),,In which country did Queen play at Sports & Entertainments Centre on 16 April 1985?,,,,Ireland,false
Queen Quiz: Archive Explorer (Part 3),,In what year did Queen receive a star on the Hollywood Walk of Fame?,Brian May,medium,2,1992,false
Queen Quiz: Archive Explorer (Part 3),,In what year did Queen receive a star on the Hollywood Walk of Fame?,,,,2006,false
Queen Quiz: Archive Explorer (Part 3),,In what year did Queen receive a star on the Hollywood Walk of Fame?,,,,2012,false
Queen Quiz: Archive Explorer (Part 3),,In what year did Queen receive a star on the Hollywood Walk of Fame?,,,,2002,true
Queen Quiz: Archive Explorer (Part 3),,"In what year did this Queen-related event occur: Freddie meets opera singer Montserrat Caballe for lunch in Barcelona, plays her 'Barcelona' and 'Exercises In Free Love', and she proposes they record a full album together?",Queen Timeline,medium,2,1987,true
Queen Quiz: Archive Explorer (Part 3),,"In what year did this Queen-related event occur: Freddie meets opera singer Montserrat Caballe for lunch in Barcelona, plays her 'Barcelona' and 'Exercises In Free Love', and she proposes they record a full album together?",,,,1989,false
Queen Quiz: Archive Explorer (Part 3),,"In what year did this Queen-related event occur: Freddie meets opera singer Montserrat Caballe for lunch in Barcelona, plays her 'Barcelona' and 'Exercises In Free Love', and she proposes they record a full album together?",,,,1990,false
Queen Quiz: Archive Explorer (Part 3),,"In what year did this Queen-related event occur: Freddie meets opera singer Montserrat Caballe for lunch in Barcelona, plays her 'Barcelona' and 'Exercises In Free Love', and she proposes they record a full album together?",,,,1985,false
Queen Quiz: Archive Explorer (Part 3),,"In what year did this Queen-related event occur: The Cross play their first-ever live gig, filmed for Meltdown at Teddington Lock Studios?",Queen Timeline,medium,2,1988,false
Queen Quiz: Archive Explorer (Part 3),,"In what year did this Queen-related event occur: The Cross play their first-ever live gig, filmed for Meltdown at Teddington Lock Studios?",,,,1987,true
Queen Quiz: Archive Explorer (Part 3),,"In what year did this Queen-related event occur: The Cross play their first-ever live gig, filmed for Meltdown at Teddington Lock Studios?",,,,1990,false
Queen Quiz: Archive Explorer (Part 3),,"In what year did this Queen-related event occur: The Cross play their first-ever live gig, filmed for Meltdown at Teddington Lock Studios?",,,,1986,false
Queen Quiz: Archive Explorer (Part 3),,Which city hosted Queen's 17 April 1974 show at Memorial Hall?,Concerts,hard,3,The Hague,false
Queen Quiz: Archive Explorer (Part 3),,Which city hosted Queen's 17 April 1974 show at Memorial Hall?,,,,New York,false
Queen Quiz: Archive Explorer (Part 3),,Which city hosted Queen's 17 April 1974 show at Memorial Hall?,,,,Kansas City,true
Queen Quiz: Archive Explorer (Part 3),,Which city hosted Queen's 17 April 1974 show at Memorial Hall?,,,,Oxford,false
Queen Quiz: Archive Explorer (Part 3),,Which city hosted Queen's 12 April 1982 show at Drammenshallen?,Concerts,hard,3,Edinburgh,false
Queen Quiz: Archive Explorer (Part 3),,Which city hosted Queen's 12 April 1982 show at Drammenshallen?,,,,Detroit,false
Queen Quiz: Archive Explorer (Part 3),,Which city hosted Queen's 12 April 1982 show at Drammenshallen?,,,,Denver,false
Queen Quiz: Archive Explorer (Part 3),,Which city hosted Queen's 12 April 1982 show at Drammenshallen?,,,,Drammen,true
Queen Quiz: Archive Explorer (Part 3),,At which venue did Queen perform in Strasbourg on 16 December 1980?,Concerts,hard,3,Hall Rhénus,true
Queen Quiz: Archive Explorer (Part 3),,At which venue did Queen perform in Strasbourg on 16 December 1980?,,,,Wembley Arena,false
Queen Quiz: Archive Explorer (Part 3),,At which venue did Queen perform in Strasbourg on 16 December 1980?,,,,Hilton Coliseum,false
Queen Quiz: Archive Explorer (Part 3),,At which venue did Queen perform in Strasbourg on 16 December 1980?,,,,Kemper Arena,false
Queen Quiz: Archive Explorer (Part 3),,"In what year did this Queen-related event occur: Freddie tears knee ligaments in a drunken fall at Munich club Henderson's, spending three weeks in a cast?",Queen Timeline,hard,3,1980,false
Queen Quiz: Archive Explorer (Part 3),,"In what year did this Queen-related event occur: Freddie tears knee ligaments in a drunken fall at Munich club Henderson's, spending three weeks in a cast?",,,,1984,true
Queen Quiz: Archive Explorer (Part 3),,"In what year did this Queen-related event occur: Freddie tears knee ligaments in a drunken fall at Munich club Henderson's, spending three weeks in a cast?",,,,1987,false
Queen Quiz: Archive Explorer (Part 3),,"In what year did this Queen-related event occur: Freddie tears knee ligaments in a drunken fall at Munich club Henderson's, spending three weeks in a cast?",,,,1985,false
Queen Quiz: Archive Explorer (Part 3),,At which venue did Queen perform in London on 23 October 1970?,Concerts,hard,3,College of Technology,false
Queen Quiz: Archive Explorer (Part 3),,At which venue did Queen perform in London on 23 October 1970?,,,,Shoreditch College,false
Queen Quiz: Archive Explorer (Part 3),,At which venue did Queen perform in London on 23 October 1970?,,,,Potter's Bar Youth Club,true
Queen Quiz: Archive Explorer (Part 3),,At which venue did Queen perform in London on 23 October 1970?,,,,Clouds,false
Queen Quiz: Archive Explorer (Part 3),,Which Queen member has the individual writing credit for 'A Kind of Magic'?,Songwriting,hard,3,Brian May,false
Queen Quiz: Archive Explorer (Part 3),,Which Queen member has the individual writing credit for 'A Kind of Magic'?,,,,Freddie Mercury,false
Queen Quiz: Archive Explorer (Part 3),,Which Queen member has the individual writing credit for 'A Kind of Magic'?,,,,John Deacon,false
Queen Quiz: Archive Explorer (Part 3),,Which Queen member has the individual writing credit for 'A Kind of Magic'?,,,,Roger Taylor,true
Queen Quiz: Archive Explorer (Part 3),,At which venue did Queen perform in London on 16 October 1970?,Concerts,hard,3,College of Estates Manag.,true
Queen Quiz: Archive Explorer (Part 3),,At which venue did Queen perform in London on 16 October 1970?,,,,Congregational Church Hall,false
Queen Quiz: Archive Explorer (Part 3),,At which venue did Queen perform in London on 16 October 1970?,,,,Cavern Club,false
Queen Quiz: Archive Explorer (Part 3),,At which venue did Queen perform in London on 16 October 1970?,,,,Balls Park College,false
Queen Quiz: Archive Explorer (Part 3),,Which Queen member has the individual writing credit for 'Sweet Lady'?,Songwriting,hard,3,Freddie Mercury,false
Queen Quiz: Archive Explorer (Part 3),,Which Queen member has the individual writing credit for 'Sweet Lady'?,,,,Brian May,true
Queen Quiz: Archive Explorer (Part 3),,Which Queen member has the individual writing credit for 'Sweet Lady'?,,,,Roger Taylor,false
Queen Quiz: Archive Explorer (Part 3),,Which Queen member has the individual writing credit for 'Sweet Lady'?,,,,John Deacon,false
Queen Quiz: Archive Explorer (Part 3),,Which city hosted Queen's 20 April 1976 show at Festival Hall?,Concerts,hard,3,Cincinnati,false
Queen Quiz: Archive Explorer (Part 3),,Which city hosted Queen's 20 April 1976 show at Festival Hall?,,,,Edinburgh,false
Queen Quiz: Archive Explorer (Part 3),,Which city hosted Queen's 20 April 1976 show at Festival Hall?,,,,Melbourne,true
Queen Quiz: Archive Explorer (Part 3),,Which city hosted Queen's 20 April 1976 show at Festival Hall?,,,,Cardiff,false
Queen Quiz: Archive Explorer (Part 3),,Which city hosted Queen's 29 October 1982 show at Hokkaidoritso Sangyo Kyoshinajaijo?,Concerts,hard,3,Vienna,false
Queen Quiz: Archive Explorer (Part 3),,Which city hosted Queen's 29 October 1982 show at Hokkaidoritso Sangyo Kyoshinajaijo?,,,,Oklahoma City,false
Queen Quiz: Archive Explorer (Part 3),,Which city hosted Queen's 29 October 1982 show at Hokkaidoritso Sangyo Kyoshinajaijo?,,,,Irvine,false
Queen Quiz: Archive Explorer (Part 3),,Which city hosted Queen's 29 October 1982 show at Hokkaidoritso Sangyo Kyoshinajaijo?,,,,Sapporo,true
Queen Quiz: Archive Explorer (Part 3),,"In what year did this Queen-related event occur: The first International Queen Fan Club Convention is held at Great Yarmouth; over 1,000 fans attend from as far afield as Australia and South America?",Queen Timeline,hard,3,1986,true
Queen Quiz: Archive Explorer (Part 3),,"In what year did this Queen-related event occur: The first International Queen Fan Club Convention is held at Great Yarmouth; over 1,000 fans attend from as far afield as Australia and South America?",,,,1985,false
Queen Quiz: Archive Explorer (Part 3),,"In what year did this Queen-related event occur: The first International Queen Fan Club Convention is held at Great Yarmouth; over 1,000 fans attend from as far afield as Australia and South America?",,,,1989,false
Queen Quiz: Archive Explorer (Part 3),,"In what year did this Queen-related event occur: The first International Queen Fan Club Convention is held at Great Yarmouth; over 1,000 fans attend from as far afield as Australia and South America?",,,,1984,false
Queen Quiz: Archive Explorer (Part 3),,At which venue did Queen perform in Edinburgh on 2 June 1982?,Concerts,hard,4,Hankyu Nishinomiya Stadium,false
Queen Quiz: Archive Explorer (Part 3),,At which venue did Queen perform in Edinburgh on 2 June 1982?,,,,Ingliston Showground,true
Queen Quiz: Archive Explorer (Part 3),,At which venue did Queen perform in Edinburgh on 2 June 1982?,,,,McNichols Arena,false
Queen Quiz: Archive Explorer (Part 3),,At which venue did Queen perform in Edinburgh on 2 June 1982?,,,,Veteran's Memorial Coliseum,false
Queen Quiz: Archive Explorer (Part 3),,At which venue did Queen perform in San Antonio on 20 March 1975?,Concerts,hard,4,Guildhall,false
Queen Quiz: Archive Explorer (Part 3),,At which venue did Queen perform in San Antonio on 20 March 1975?,,,,Paramount Northwest Theater,false
Queen Quiz: Archive Explorer (Part 3),,At which venue did Queen perform in San Antonio on 20 March 1975?,,,,Municipal Hall,true
Queen Quiz: Archive Explorer (Part 3),,At which venue did Queen perform in San Antonio on 20 March 1975?,,,,Kiel Auditorium,false
Queen Quiz: Archive Explorer (Part 3),,At which venue did Queen perform in Wurzburg on 9 May 1982?,Concerts,hard,4,Stadthalle,false
Queen Quiz: Archive Explorer (Part 3),,At which venue did Queen perform in Wurzburg on 9 May 1982?,,,,Kosusai Tenjijo,false
Queen Quiz: Archive Explorer (Part 3),,At which venue did Queen perform in Wurzburg on 9 May 1982?,,,,Eissporthalle,false
Queen Quiz: Archive Explorer (Part 3),,At which venue did Queen perform in Wurzburg on 9 May 1982?,,,,Carl-Diem Halle,true
Queen Quiz: Archive Explorer (Part 3),,What happened in Queen's story on 6 November 1972?,Queen Timeline,hard,4,"Queen play a poorly-received showcase gig at the Pheasantry pub, King's Road, Chelsea, for record company guests",true
Queen Quiz: Archive Explorer (Part 3),,What happened in Queen's story on 6 November 1972?,,,,Trident agrees to pay each member of Queen £20 per week even though no recording deal has yet been signed,false
Queen Quiz: Archive Explorer (Part 3),,What happened in Queen's story on 6 November 1972?,,,,Queen sign a legal contract with Trident Audio Productions Ltd,false
Queen Quiz: Archive Explorer (Part 3),,What happened in Queen's story on 6 November 1972?,,,,Trident's Barry Sheffield sees Queen live at a hospital dance in Forest Hill and offers them a contract with Trident Audio Productions,false
Queen Quiz: Archive Explorer (Part 4),"25 fresh questions on Queen concerts, milestones, songwriting and the band's wider story.",In which decade did this happen: Tim Staffell brings art-college friend Freddie Bulsara to a Smile rehearsal for the first time?,Queen Timeline,easy,1,1960s,true
Queen Quiz: Archive Explorer (Part 4),,In which decade did this happen: Tim Staffell brings art-college friend Freddie Bulsara to a Smile rehearsal for the first time?,,,,2010s,false
Queen Quiz: Archive Explorer (Part 4),,In which decade did this happen: Tim Staffell brings art-college friend Freddie Bulsara to a Smile rehearsal for the first time?,,,,1990s,false
Queen Quiz: Archive Explorer (Part 4),,In which decade did this happen: Tim Staffell brings art-college friend Freddie Bulsara to a Smile rehearsal for the first time?,,,,1940s,false
Queen Quiz: Archive Explorer (Part 4),,Which major 2002 event featured Brian May playing from Buckingham Palace's roof?,Brian May,easy,1,Live 8,false
Queen Quiz: Archive Explorer (Part 4),,Which major 2002 event featured Brian May playing from Buckingham Palace's roof?,,,,The Golden Jubilee,true
Queen Quiz: Archive Explorer (Part 4),,Which major 2002 event featured Brian May playing from Buckingham Palace's roof?,,,,The Diamond Jubilee,false
Queen Quiz: Archive Explorer (Part 4),,Which major 2002 event featured Brian May playing from Buckingham Palace's roof?,,,,The Royal Variety Performance,false
Queen Quiz: Archive Explorer (Part 4),,"In which decade did this happen: Queen, Mott the Hoople and Aerosmith play the Harrisburg Farm Arena, a converted cowshed; Brian and Aerosmith's Joe Perry bond over Jack Daniel's while arguing over set order?",Queen Timeline,easy,1,1950s,false
Queen Quiz: Archive Explorer (Part 4),,"In which decade did this happen: Queen, Mott the Hoople and Aerosmith play the Harrisburg Farm Arena, a converted cowshed; Brian and Aerosmith's Joe Perry bond over Jack Daniel's while arguing over set order?",,,,2000s,false
Queen Quiz: Archive Explorer (Part 4),,"In which decade did this happen: Queen, Mott the Hoople and Aerosmith play the Harrisburg Farm Arena, a converted cowshed; Brian and Aerosmith's Joe Perry bond over Jack Daniel's while arguing over set order?",,,,1970s,true
Queen Quiz: Archive Explorer (Part 4),,"In which decade did this happen: Queen, Mott the Hoople and Aerosmith play the Harrisburg Farm Arena, a converted cowshed; Brian and Aerosmith's Joe Perry bond over Jack Daniel's while arguing over set order?",,,,1990s,false
Queen Quiz: Archive Explorer (Part 4),,"In what year did this Queen-related event occur: Roger and John visit South Korea for the first time, doing live Korean television interviews via halting translation?",Queen Timeline,medium,2,1986,false
Queen Quiz: Archive Explorer (Part 4),,"In what year did this Queen-related event occur: Roger and John visit South Korea for the first time, doing live Korean television interviews via halting translation?",,,,1988,false
Queen Quiz: Archive Explorer (Part 4),,"In what year did this Queen-related event occur: Roger and John visit South Korea for the first time, doing live Korean television interviews via halting translation?",,,,1987,false
Queen Quiz: Archive Explorer (Part 4),,"In what year did this Queen-related event occur: Roger and John visit South Korea for the first time, doing live Korean television interviews via halting translation?",,,,1984,true
Queen Quiz: Archive Explorer (Part 4),,In what year did this Queen-related event occur: Queen play an open-air gig at Slane Castle near Dublin in appalling weather?,Queen Timeline,medium,2,1986,true
Queen Quiz: Archive Explorer (Part 4),,In what year did this Queen-related event occur: Queen play an open-air gig at Slane Castle near Dublin in appalling weather?,,,,1990,false
Queen Quiz: Archive Explorer (Part 4),,In what year did this Queen-related event occur: Queen play an open-air gig at Slane Castle near Dublin in appalling weather?,,,,1987,false
Queen Quiz: Archive Explorer (Part 4),,In what year did this Queen-related event occur: Queen play an open-air gig at Slane Castle near Dublin in appalling weather?,,,,1982,false
Queen Quiz: Archive Explorer (Part 4),,At which London theatre did 'We Will Rock You' open in May 2002?,Queen on Stage,medium,2,London Palladium,false
Queen Quiz: Archive Explorer (Part 4),,At which London theatre did 'We Will Rock You' open in May 2002?,,,,Dominion Theatre,true
Queen Quiz: Archive Explorer (Part 4),,At which London theatre did 'We Will Rock You' open in May 2002?,,,,Royal Albert Hall,false
Queen Quiz: Archive Explorer (Part 4),,At which London theatre did 'We Will Rock You' open in May 2002?,,,,Old Vic,false
Queen Quiz: Archive Explorer (Part 4),,In what year did this Queen-related event occur: Queen's European tour opens in Brussels at the Forest Nationale?,Queen Timeline,medium,2,1981,false
Queen Quiz: Archive Explorer (Part 4),,In what year did this Queen-related event occur: Queen's European tour opens in Brussels at the Forest Nationale?,,,,1988,false
Queen Quiz: Archive Explorer (Part 4),,In what year did this Queen-related event occur: Queen's European tour opens in Brussels at the Forest Nationale?,,,,1984,true
Queen Quiz: Archive Explorer (Part 4),,In what year did this Queen-related event occur: Queen's European tour opens in Brussels at the Forest Nationale?,,,,1987,false
Queen Quiz: Archive Explorer (Part 4),,"In what year did this Queen-related event occur: EMI releases a 13-album Queen box set for £70, including the otherwise-unavailable rarities compilation Complete Vision?",Queen Timeline,medium,2,1987,false
Queen Quiz: Archive Explorer (Part 4),,"In what year did this Queen-related event occur: EMI releases a 13-album Queen box set for £70, including the otherwise-unavailable rarities compilation Complete Vision?",,,,1989,false
Queen Quiz: Archive Explorer (Part 4),,"In what year did this Queen-related event occur: EMI releases a 13-album Queen box set for £70, including the otherwise-unavailable rarities compilation Complete Vision?",,,,1982,false
Queen Quiz: Archive Explorer (Part 4),,"In what year did this Queen-related event occur: EMI releases a 13-album Queen box set for £70, including the otherwise-unavailable rarities compilation Complete Vision?",,,,1985,true
Queen Quiz: Archive Explorer (Part 4),,In what year did this Queen-related event occur: Queen's European tour concludes in Vienna; they fly to South Africa days later?,Queen Timeline,medium,2,1984,true
Queen Quiz: Archive Explorer (Part 4),,In what year did this Queen-related event occur: Queen's European tour concludes in Vienna; they fly to South Africa days later?,,,,1986,false
Queen Quiz: Archive Explorer (Part 4),,In what year did this Queen-related event occur: Queen's European tour concludes in Vienna; they fly to South Africa days later?,,,,1981,false
Queen Quiz: Archive Explorer (Part 4),,In what year did this Queen-related event occur: Queen's European tour concludes in Vienna; they fly to South Africa days later?,,,,1982,false
Queen Quiz: Archive Explorer (Part 4),,"In what year did this Queen-related event occur: Freddie's single 'Made In Heaven' is released, with an elaborate video recreating Stravinsky's The Rite of Spring and Dante's Inferno?",Queen Timeline,medium,2,1984,false
Queen Quiz: Archive Explorer (Part 4),,"In what year did this Queen-related event occur: Freddie's single 'Made In Heaven' is released, with an elaborate video recreating Stravinsky's The Rite of Spring and Dante's Inferno?",,,,1985,true
Queen Quiz: Archive Explorer (Part 4),,"In what year did this Queen-related event occur: Freddie's single 'Made In Heaven' is released, with an elaborate video recreating Stravinsky's The Rite of Spring and Dante's Inferno?",,,,1987,false
Queen Quiz: Archive Explorer (Part 4),,"In what year did this Queen-related event occur: Freddie's single 'Made In Heaven' is released, with an elaborate video recreating Stravinsky's The Rite of Spring and Dante's Inferno?",,,,1982,false
Queen Quiz: Archive Explorer (Part 4),,At which venue did Queen perform in Vancouver on 14 December 1978?,Concerts,hard,3,The Spectrum,false
Queen Quiz: Archive Explorer (Part 4),,At which venue did Queen perform in Vancouver on 14 December 1978?,,,,Sportatorium,false
Queen Quiz: Archive Explorer (Part 4),,At which venue did Queen perform in Vancouver on 14 December 1978?,,,,PNE Coliseum,true
Queen Quiz: Archive Explorer (Part 4),,At which venue did Queen perform in Vancouver on 14 December 1978?,,,,Auditorium,false
Queen Quiz: Archive Explorer (Part 4),,Which Queen member has the individual writing credit for 'My Fairy King'?,Songwriting,hard,3,Brian May,false
Queen Quiz: Archive Explorer (Part 4),,Which Queen member has the individual writing credit for 'My Fairy King'?,,,,Roger Taylor,false
Queen Quiz: Archive Explorer (Part 4),,Which Queen member has the individual writing credit for 'My Fairy King'?,,,,John Deacon,false
Queen Quiz: Archive Explorer (Part 4),,Which Queen member has the individual writing credit for 'My Fairy King'?,,,,Freddie Mercury,true
Queen Quiz: Archive Explorer (Part 4),,In which month of 1965 did this happen: Singer Johnny Quale leaves the band; Roger takes over lead vocals and the band is renamed simply Reaction?,Queen Timeline,hard,3,September,true
Queen Quiz: Archive Explorer (Part 4),,In which month of 1965 did this happen: Singer Johnny Quale leaves the band; Roger takes over lead vocals and the band is renamed simply Reaction?,,,,May,false
Queen Quiz: Archive Explorer (Part 4),,In which month of 1965 did this happen: Singer Johnny Quale leaves the band; Roger takes over lead vocals and the band is renamed simply Reaction?,,,,January,false
Queen Quiz: Archive Explorer (Part 4),,In which month of 1965 did this happen: Singer Johnny Quale leaves the band; Roger takes over lead vocals and the band is renamed simply Reaction?,,,,October,false
Queen Quiz: Archive Explorer (Part 4),,At which venue did Queen perform in New York on 9 May 1974?,Concerts,hard,3,University,false
Queen Quiz: Archive Explorer (Part 4),,At which venue did Queen perform in New York on 9 May 1974?,,,,Uris Theatre,true
Queen Quiz: Archive Explorer (Part 4),,At which venue did Queen perform in New York on 9 May 1974?,,,,St George's Hall,false
Queen Quiz: Archive Explorer (Part 4),,At which venue did Queen perform in New York on 9 May 1974?,,,,The Paddocks,false
Queen Quiz: Archive Explorer (Part 4),,Which city hosted Queen's 17 January 1979 show at Ernst-Merck Halle?,Concerts,hard,3,Munich,false
Queen Quiz: Archive Explorer (Part 4),,Which city hosted Queen's 17 January 1979 show at Ernst-Merck Halle?,,,,Nagoya,false
Queen Quiz: Archive Explorer (Part 4),,Which city hosted Queen's 17 January 1979 show at Ernst-Merck Halle?,,,,Hamburg,true
Queen Quiz: Archive Explorer (Part 4),,Which city hosted Queen's 17 January 1979 show at Ernst-Merck Halle?,,,,Kobe,false
Queen Quiz: Archive Explorer (Part 4),,In which month of 1969 did this happen: John leaves Beauchamp Grammar School with eight O levels and three grade-A A levels?,Queen Timeline,hard,3,November,false
Queen Quiz: Archive Explorer (Part 4),,In which month of 1969 did this happen: John leaves Beauchamp Grammar School with eight O levels and three grade-A A levels?,,,,September,false
Queen Quiz: Archive Explorer (Part 4),,In which month of 1969 did this happen: John leaves Beauchamp Grammar School with eight O levels and three grade-A A levels?,,,,February,false
Queen Quiz: Archive Explorer (Part 4),,In which month of 1969 did this happen: John leaves Beauchamp Grammar School with eight O levels and three grade-A A levels?,,,,June,true
Queen Quiz: Archive Explorer (Part 4),,"In what year did this Queen-related event occur: Brian joins Bad News on stage at the Reading Rock and Jazz Festival, dodging bottles thrown by unamused metal fans?",Queen Timeline,hard,3,1987,true
Queen Quiz: Archive Explorer (Part 4),,"In what year did this Queen-related event occur: Brian joins Bad News on stage at the Reading Rock and Jazz Festival, dodging bottles thrown by unamused metal fans?",,,,1985,false
Queen Quiz: Archive Explorer (Part 4),,"In what year did this Queen-related event occur: Brian joins Bad News on stage at the Reading Rock and Jazz Festival, dodging bottles thrown by unamused metal fans?",,,,1991,false
Queen Quiz: Archive Explorer (Part 4),,"In what year did this Queen-related event occur: Brian joins Bad News on stage at the Reading Rock and Jazz Festival, dodging bottles thrown by unamused metal fans?",,,,1983,false
Queen Quiz: Archive Explorer (Part 4),,Which Queen member has the individual writing credit for 'Man on the Prowl'?,Songwriting,hard,3,Brian May,false
Queen Quiz: Archive Explorer (Part 4),,Which Queen member has the individual writing credit for 'Man on the Prowl'?,,,,Freddie Mercury,true
Queen Quiz: Archive Explorer (Part 4),,Which Queen member has the individual writing credit for 'Man on the Prowl'?,,,,Roger Taylor,false
Queen Quiz: Archive Explorer (Part 4),,Which Queen member has the individual writing credit for 'Man on the Prowl'?,,,,John Deacon,false
Queen Quiz: Archive Explorer (Part 4),,How many previously unheard songs were promoted for the 2022 'Miracle Sessions' disc?,Archive Releases,hard,3,Three,false
Queen Quiz: Archive Explorer (Part 4),,How many previously unheard songs were promoted for the 2022 'Miracle Sessions' disc?,,,,Ten,false
Queen Quiz: Archive Explorer (Part 4),,How many previously unheard songs were promoted for the 2022 'Miracle Sessions' disc?,,,,Six,true
Queen Quiz: Archive Explorer (Part 4),,How many previously unheard songs were promoted for the 2022 'Miracle Sessions' disc?,,,,Twelve,false
Queen Quiz: Archive Explorer (Part 4),,Which city hosted Queen's 19 December 1970 show at Congregational Church Hall?,Concerts,hard,3,Hertford,false
Queen Quiz: Archive Explorer (Part 4),,Which city hosted Queen's 19 December 1970 show at Congregational Church Hall?,,,,Derby,false
Queen Quiz: Archive Explorer (Part 4),,Which city hosted Queen's 19 December 1970 show at Congregational Church Hall?,,,,London,false
Queen Quiz: Archive Explorer (Part 4),,Which city hosted Queen's 19 December 1970 show at Congregational Church Hall?,,,,St. Helens,true
Queen Quiz: Archive Explorer (Part 4),,Which Queen member has the individual writing credit for 'Dragon Attack'?,Songwriting,hard,3,Brian May,true
Queen Quiz: Archive Explorer (Part 4),,Which Queen member has the individual writing credit for 'Dragon Attack'?,,,,Freddie Mercury,false
Queen Quiz: Archive Explorer (Part 4),,Which Queen member has the individual writing credit for 'Dragon Attack'?,,,,Roger Taylor,false
Queen Quiz: Archive Explorer (Part 4),,Which Queen member has the individual writing credit for 'Dragon Attack'?,,,,John Deacon,false
Queen Quiz: Archive Explorer (Part 4),,What happened in Queen's story on 19 April 1969?,Queen Timeline,hard,4,John leaves Beauchamp Grammar School with eight O levels and three grade-A A levels,false
Queen Quiz: Archive Explorer (Part 4),,What happened in Queen's story on 19 April 1969?,,,,Smile play the Revolution Club and meet Mercury Records' Lou Reizner,true
Queen Quiz: Archive Explorer (Part 4),,What happened in Queen's story on 19 April 1969?,,,,"Ibex (with Freddie on lead vocals) play the Bolton Octagon Theatre, followed by an open-air festival in Queens Park the next day",false
Queen Quiz: Archive Explorer (Part 4),,What happened in Queen's story on 19 April 1969?,,,,Freddie joins Liverpool band Ibex as lead vocalist and also takes on a stall in Kensington Market with Roger Taylor,false
Queen Quiz: Archive Explorer (Part 4),,What happened in Queen's story on 8 January 1971?,Queen Timeline,hard,4,Roger and John undertake a promotional tour of Japan for The Works,false
Queen Quiz: Archive Explorer (Part 4),,What happened in Queen's story on 8 January 1971?,,,,Elektra Records releases Queen's debut album in the USA; it eventually climbs to number 83 on the Billboard chart,false
Queen Quiz: Archive Explorer (Part 4),,What happened in Queen's story on 8 January 1971?,,,,"Barry Mitchell plays his last two gigs with Queen, at the Marquee and Ewell Technical College (supporting Kevin Ayers and the Whole World with Genesis also on the bill)",true
Queen Quiz: Archive Explorer (Part 4),,What happened in Queen's story on 8 January 1971?,,,,"Live In Rio home video is released in the UK, going straight to number one on the video chart",false
Queen Quiz: Archive Explorer (Part 4),,At which venue did Queen perform in Dallas on 25 February 1977?,Concerts,hard,4,Capital Centre,false
Queen Quiz: Archive Explorer (Part 4),,At which venue did Queen perform in Dallas on 25 February 1977?,,,,Jubilee Auditorium,false
Queen Quiz: Archive Explorer (Part 4),,At which venue did Queen perform in Dallas on 25 February 1977?,,,,Scandinavium,false
Queen Quiz: Archive Explorer (Part 4),,At which venue did Queen perform in Dallas on 25 February 1977?,,,,SMU Moody Coliseum,true
Queen Quiz: Archive Explorer (Part 4),,At which venue did Queen perform in Marbella on 5 August 1986?,Concerts,hard,4,Estadio Municipal,true
Queen Quiz: Archive Explorer (Part 4),,At which venue did Queen perform in Marbella on 5 August 1986?,,,,Groenoordhallen,false
Queen Quiz: Archive Explorer (Part 4),,At which venue did Queen perform in Marbella on 5 August 1986?,,,,Forest National,false
Queen Quiz: Archive Explorer (Part 4),,At which venue did Queen perform in Marbella on 5 August 1986?,,,,Rayo Vallecano,false
Queen Quiz: Archive Explorer (Part 5),"25 fresh questions on Queen concerts, milestones, songwriting and the band's wider story.",In which decade did this happen: Freddie's solo single 'Love Me Like There's No Tomorrow' is released but fails to chart?,Queen Timeline,easy,1,1980s,true
Queen Quiz: Archive Explorer (Part 5),,In which decade did this happen: Freddie's solo single 'Love Me Like There's No Tomorrow' is released but fails to chart?,,,,2000s,false
Queen Quiz: Archive Explorer (Part 5),,In which decade did this happen: Freddie's solo single 'Love Me Like There's No Tomorrow' is released but fails to chart?,,,,1970s,false
Queen Quiz: Archive Explorer (Part 5),,In which decade did this happen: Freddie's solo single 'Love Me Like There's No Tomorrow' is released but fails to chart?,,,,1960s,false
Queen Quiz: Archive Explorer (Part 5),,"In which decade did this happen: Queen fly to Los Angeles to begin rehearsals for their US tour, debuting the 'Fly Swatter' lighting rig?",Queen Timeline,easy,1,1940s,false
Queen Quiz: Archive Explorer (Part 5),,"In which decade did this happen: Queen fly to Los Angeles to begin rehearsals for their US tour, debuting the 'Fly Swatter' lighting rig?",,,,1980s,true
Queen Quiz: Archive Explorer (Part 5),,"In which decade did this happen: Queen fly to Los Angeles to begin rehearsals for their US tour, debuting the 'Fly Swatter' lighting rig?",,,,1960s,false
Queen Quiz: Archive Explorer (Part 5),,"In which decade did this happen: Queen fly to Los Angeles to begin rehearsals for their US tour, debuting the 'Fly Swatter' lighting rig?",,,,1970s,false
Queen Quiz: Archive Explorer (Part 5),,In which decade did this happen: 'Bohemian Rhapsody' hits number one on the UK singles chart?,Queen Timeline,easy,1,2000s,false
Queen Quiz: Archive Explorer (Part 5),,In which decade did this happen: 'Bohemian Rhapsody' hits number one on the UK singles chart?,,,,1950s,false
Queen Quiz: Archive Explorer (Part 5),,In which decade did this happen: 'Bohemian Rhapsody' hits number one on the UK singles chart?,,,,1970s,true
Queen Quiz: Archive Explorer (Part 5),,In which decade did this happen: 'Bohemian Rhapsody' hits number one on the UK singles chart?,,,,1990s,false
Queen Quiz: Archive Explorer (Part 5),,In which country did Queen play at Mississippi Coast Coliseum on 19 August 1982?,Concerts,medium,2,Brazil,false
Queen Quiz: Archive Explorer (Part 5),,In which country did Queen play at Mississippi Coast Coliseum on 19 August 1982?,,,,Argentina,false
Queen Quiz: Archive Explorer (Part 5),,In which country did Queen play at Mississippi Coast Coliseum on 19 August 1982?,,,,Finland,false
Queen Quiz: Archive Explorer (Part 5),,In which country did Queen play at Mississippi Coast Coliseum on 19 August 1982?,,,,USA,true
Queen Quiz: Archive Explorer (Part 5),,Which 2018 Queen film won the 2019 BAFTA for Best Sound?,Queen on Screen,medium,2,Bohemian Rhapsody,true
Queen Quiz: Archive Explorer (Part 5),,Which 2018 Queen film won the 2019 BAFTA for Best Sound?,,,,Rocketman,false
Queen Quiz: Archive Explorer (Part 5),,Which 2018 Queen film won the 2019 BAFTA for Best Sound?,,,,A Star Is Born,false
Queen Quiz: Archive Explorer (Part 5),,Which 2018 Queen film won the 2019 BAFTA for Best Sound?,,,,Yesterday,false
Queen Quiz: Archive Explorer (Part 5),,In which country did Queen play at Uptown Theatre on 7 March 1975?,Concerts,medium,2,Austria,false
Queen Quiz: Archive Explorer (Part 5),,In which country did Queen play at Uptown Theatre on 7 March 1975?,,,,USA,true
Queen Quiz: Archive Explorer (Part 5),,In which country did Queen play at Uptown Theatre on 7 March 1975?,,,,Mexico,false
Queen Quiz: Archive Explorer (Part 5),,In which country did Queen play at Uptown Theatre on 7 March 1975?,,,,Switzerland,false
Queen Quiz: Archive Explorer (Part 5),,In which country did Queen play at Fairgrounds Appliance Building on 19 April 1974?,Concerts,medium,2,The Netherlands,false
Queen Quiz: Archive Explorer (Part 5),,In which country did Queen play at Fairgrounds Appliance Building on 19 April 1974?,,,,Norway,false
Queen Quiz: Archive Explorer (Part 5),,In which country did Queen play at Fairgrounds Appliance Building on 19 April 1974?,,,,USA,true
Queen Quiz: Archive Explorer (Part 5),,In which country did Queen play at Fairgrounds Appliance Building on 19 April 1974?,,,,Japan,false
Queen Quiz: Archive Explorer (Part 5),,In which country did Queen play at Groenoordhallen on 11 June 1986?,Concerts,medium,2,Switzerland,false
Queen Quiz: Archive Explorer (Part 5),,In which country did Queen play at Groenoordhallen on 11 June 1986?,,,,Australia,false
Queen Quiz: Archive Explorer (Part 5),,In which country did Queen play at Groenoordhallen on 11 June 1986?,,,,Sweden,false
Queen Quiz: Archive Explorer (Part 5),,In which country did Queen play at Groenoordhallen on 11 June 1986?,,,,The Netherlands,true
Queen Quiz: Archive Explorer (Part 5),,In what year did this Queen-related event occur: Brian May begins producing the debut album for comedy band Bad News at Sarm Studios?,Queen Timeline,medium,2,1987,true
Queen Quiz: Archive Explorer (Part 5),,In what year did this Queen-related event occur: Brian May begins producing the debut album for comedy band Bad News at Sarm Studios?,,,,1989,false
Queen Quiz: Archive Explorer (Part 5),,In what year did this Queen-related event occur: Brian May begins producing the debut album for comedy band Bad News at Sarm Studios?,,,,1986,false
Queen Quiz: Archive Explorer (Part 5),,In what year did this Queen-related event occur: Brian May begins producing the debut album for comedy band Bad News at Sarm Studios?,,,,1990,false
Queen Quiz: Archive Explorer (Part 5),,"In what year did this Queen-related event occur: Queen play a 20-minute set at Live Aid, Wembley Stadium, at 6pm, broadcast to over a billion people worldwide and widely credited as the day's standout performance?",Queen Timeline,medium,2,1988,false
Queen Quiz: Archive Explorer (Part 5),,"In what year did this Queen-related event occur: Queen play a 20-minute set at Live Aid, Wembley Stadium, at 6pm, broadcast to over a billion people worldwide and widely credited as the day's standout performance?",,,,1985,true
Queen Quiz: Archive Explorer (Part 5),,"In what year did this Queen-related event occur: Queen play a 20-minute set at Live Aid, Wembley Stadium, at 6pm, broadcast to over a billion people worldwide and widely credited as the day's standout performance?",,,,1987,false
Queen Quiz: Archive Explorer (Part 5),,"In what year did this Queen-related event occur: Queen play a 20-minute set at Live Aid, Wembley Stadium, at 6pm, broadcast to over a billion people worldwide and widely credited as the day's standout performance?",,,,1983,false
Queen Quiz: Archive Explorer (Part 5),,"In which month of 1976 did this happen: A Day At The Races is released, going on to become Queen's second UK number one album?",Queen Timeline,hard,3,June,false
Queen Quiz: Archive Explorer (Part 5),,"In which month of 1976 did this happen: A Day At The Races is released, going on to become Queen's second UK number one album?",,,,November,false
Queen Quiz: Archive Explorer (Part 5),,"In which month of 1976 did this happen: A Day At The Races is released, going on to become Queen's second UK number one album?",,,,December,true
Queen Quiz: Archive Explorer (Part 5),,"In which month of 1976 did this happen: A Day At The Races is released, going on to become Queen's second UK number one album?",,,,May,false
Queen Quiz: Archive Explorer (Part 5),,"Which Queen member has the individual writing credit for 'All Dead, All Dead'?",Songwriting,hard,3,Freddie Mercury,false
Queen Quiz: Archive Explorer (Part 5),,"Which Queen member has the individual writing credit for 'All Dead, All Dead'?",,,,Roger Taylor,false
Queen Quiz: Archive Explorer (Part 5),,"Which Queen member has the individual writing credit for 'All Dead, All Dead'?",,,,John Deacon,false
Queen Quiz: Archive Explorer (Part 5),,"Which Queen member has the individual writing credit for 'All Dead, All Dead'?",,,,Brian May,true
Queen Quiz: Archive Explorer (Part 5),,At which venue did Queen perform in Sendai on 2 April 1976?,Concerts,hard,3,Miyagi-Ken Sports Centre,true
Queen Quiz: Archive Explorer (Part 5),,At which venue did Queen perform in Sendai on 2 April 1976?,,,,Castle,false
Queen Quiz: Archive Explorer (Part 5),,At which venue did Queen perform in Sendai on 2 April 1976?,,,,Beacon Theatre,false
Queen Quiz: Archive Explorer (Part 5),,At which venue did Queen perform in Sendai on 2 April 1976?,,,,Public Hall,false
Queen Quiz: Archive Explorer (Part 5),,Which city hosted Queen's 24 October 1982 show at Hankyu Nishinomiya Stadium?,Concerts,hard,3,Kassel,false
Queen Quiz: Archive Explorer (Part 5),,Which city hosted Queen's 24 October 1982 show at Hankyu Nishinomiya Stadium?,,,,Nishinomiya,true
Queen Quiz: Archive Explorer (Part 5),,Which city hosted Queen's 24 October 1982 show at Hankyu Nishinomiya Stadium?,,,,Stockholm,false
Queen Quiz: Archive Explorer (Part 5),,Which city hosted Queen's 24 October 1982 show at Hankyu Nishinomiya Stadium?,,,,Atlanta,false
Queen Quiz: Archive Explorer (Part 5),,Which city hosted Queen's 8 December 1975 show at Guildhall?,Concerts,hard,3,Kobe,false
Queen Quiz: Archive Explorer (Part 5),,Which city hosted Queen's 8 December 1975 show at Guildhall?,,,,Birmingham,false
Queen Quiz: Archive Explorer (Part 5),,Which city hosted Queen's 8 December 1975 show at Guildhall?,,,,Preston,true
Queen Quiz: Archive Explorer (Part 5),,Which city hosted Queen's 8 December 1975 show at Guildhall?,,,,Shizuoka,false
Queen Quiz: Archive Explorer (Part 5),,In which month of 1972 did this happen: Trident agrees to pay each member of Queen £20 per week even though no recording deal has yet been signed?,Queen Timeline,hard,3,July,false
Queen Quiz: Archive Explorer (Part 5),,In which month of 1972 did this happen: Trident agrees to pay each member of Queen £20 per week even though no recording deal has yet been signed?,,,,June,false
Queen Quiz: Archive Explorer (Part 5),,In which month of 1972 did this happen: Trident agrees to pay each member of Queen £20 per week even though no recording deal has yet been signed?,,,,May,false
Queen Quiz: Archive Explorer (Part 5),,In which month of 1972 did this happen: Trident agrees to pay each member of Queen £20 per week even though no recording deal has yet been signed?,,,,September,true
Queen Quiz: Archive Explorer (Part 5),,In what year did this Queen-related event occur: Roger leaves the North London Polytechnic with his biology degree?,Queen Timeline,hard,3,1972,true
Queen Quiz: Archive Explorer (Part 5),,In what year did this Queen-related event occur: Roger leaves the North London Polytechnic with his biology degree?,,,,1968,false
Queen Quiz: Archive Explorer (Part 5),,In what year did this Queen-related event occur: Roger leaves the North London Polytechnic with his biology degree?,,,,1970,false
Queen Quiz: Archive Explorer (Part 5),,In what year did this Queen-related event occur: Roger leaves the North London Polytechnic with his biology degree?,,,,1971,false
Queen Quiz: Archive Explorer (Part 5),,Which city hosted Queen's 13 February 1979 show at Sporthalle?,Concerts,hard,3,London,false
Queen Quiz: Archive Explorer (Part 5),,Which city hosted Queen's 13 February 1979 show at Sporthalle?,,,,Boblingen,true
Queen Quiz: Archive Explorer (Part 5),,Which city hosted Queen's 13 February 1979 show at Sporthalle?,,,,Zurich,false
Queen Quiz: Archive Explorer (Part 5),,Which city hosted Queen's 13 February 1979 show at Sporthalle?,,,,Dortmund,false
Queen Quiz: Archive Explorer (Part 5),,At which venue did Queen perform in Oakland on 13 July 1980?,Concerts,hard,3,Grugahalle,false
Queen Quiz: Archive Explorer (Part 5),,At which venue did Queen perform in Oakland on 13 July 1980?,,,,Hallenstadion,false
Queen Quiz: Archive Explorer (Part 5),,At which venue did Queen perform in Oakland on 13 July 1980?,,,,Oakland Coliseum Arena,true
Queen Quiz: Archive Explorer (Part 5),,At which venue did Queen perform in Oakland on 13 July 1980?,,,,Market Square Arena,false
Queen Quiz: Archive Explorer (Part 5),,Which city hosted Queen's 27 January 1974 show at private farm?,Concerts,hard,3,Barcelona,false
Queen Quiz: Archive Explorer (Part 5),,Which city hosted Queen's 27 January 1974 show at private farm?,,,,Waterbury,false
Queen Quiz: Archive Explorer (Part 5),,Which city hosted Queen's 27 January 1974 show at private farm?,,,,Gothenburg,false
Queen Quiz: Archive Explorer (Part 5),,Which city hosted Queen's 27 January 1974 show at private farm?,,,,Sunbury,true
Queen Quiz: Archive Explorer (Part 5),,"In what year did this Queen-related event occur: Queen fly out to Australia to headline the Sunbury open-air festival, a notoriously hostile experience with local crews and press?",Queen Timeline,hard,3,1974,true
Queen Quiz: Archive Explorer (Part 5),,"In what year did this Queen-related event occur: Queen fly out to Australia to headline the Sunbury open-air festival, a notoriously hostile experience with local crews and press?",,,,1975,false
Queen Quiz: Archive Explorer (Part 5),,"In what year did this Queen-related event occur: Queen fly out to Australia to headline the Sunbury open-air festival, a notoriously hostile experience with local crews and press?",,,,1972,false
Queen Quiz: Archive Explorer (Part 5),,"In what year did this Queen-related event occur: Queen fly out to Australia to headline the Sunbury open-air festival, a notoriously hostile experience with local crews and press?",,,,1971,false
Queen Quiz: Archive Explorer (Part 5),,At which venue did Queen perform in Copenhagen on 13 April 1978?,Concerts,hard,4,Wings Stadium,false
Queen Quiz: Archive Explorer (Part 5),,At which venue did Queen perform in Copenhagen on 13 April 1978?,,,,Falkoner Theatre,true
Queen Quiz: Archive Explorer (Part 5),,At which venue did Queen perform in Copenhagen on 13 April 1978?,,,,War Memorial Auditorium,false
Queen Quiz: Archive Explorer (Part 5),,At which venue did Queen perform in Copenhagen on 13 April 1978?,,,,Auditorium,false
Queen Quiz: Archive Explorer (Part 5),,At which venue did Queen perform in Edmonton on 18 March 1977?,Concerts,hard,4,Stadium,false
Queen Quiz: Archive Explorer (Part 5),,At which venue did Queen perform in Edmonton on 18 March 1977?,,,,Capital Centre,false
Queen Quiz: Archive Explorer (Part 5),,At which venue did Queen perform in Edmonton on 18 March 1977?,,,,Northlands Arena,true
Queen Quiz: Archive Explorer (Part 5),,At which venue did Queen perform in Edmonton on 18 March 1977?,,,,Phillipshalle,false
Queen Quiz: Archive Explorer (Part 5),,What happened in Queen's story on 7 July 1968?,Queen Timeline,hard,4,"Brian collects his BSc certificate at the Royal Albert Hall, presented by the Queen Mother",false
Queen Quiz: Archive Explorer (Part 5),,What happened in Queen's story on 7 July 1968?,,,,"Roger answers Brian May's Imperial College noticeboard ad for a drummer; Smile is formed with Brian, Roger and Tim Staffell",false
Queen Quiz: Archive Explorer (Part 5),,What happened in Queen's story on 7 July 1968?,,,,"Roger is awarded the first half of his dental degree, then takes a year off to focus on music",false
Queen Quiz: Archive Explorer (Part 5),,What happened in Queen's story on 7 July 1968?,,,,Reaction play a beach marquee dance in Perranporth to celebrate the Ladies Surf Championship finals,true
Queen Quiz: Archive Explorer (Part 5),,What happened in Queen's story on 18 January 1975?,Queen Timeline,hard,4,"John Deacon marries Veronica Tetzlaff at the Carmelite Church, Kensington Church Street, London",true
Queen Quiz: Archive Explorer (Part 5),,What happened in Queen's story on 18 January 1975?,,,,"EMI releases A Night at the Opera, titled after the band's favourite Marx Brothers film",false
Queen Quiz: Archive Explorer (Part 5),,What happened in Queen's story on 18 January 1975?,,,,Queen depart for their first headlining US tour,false
Queen Quiz: Archive Explorer (Part 5),,What happened in Queen's story on 18 January 1975?,,,,Queen present manager John Reid with 'Bohemian Rhapsody'; he is incredulous at its near-six-minute length but the band refuse to edit it,false
Queen Quiz: Archive Explorer (Part 6),"25 fresh questions on Queen concerts, milestones, songwriting and the band's wider story.","In which decade did this happen: Queen are about to sign with Trident but insist on three separate agreements for publishing, recording and management?",Queen Timeline,easy,1,1970s,true
Queen Quiz: Archive Explorer (Part 6),,"In which decade did this happen: Queen are about to sign with Trident but insist on three separate agreements for publishing, recording and management?",,,,1960s,false
Queen Quiz: Archive Explorer (Part 6),,"In which decade did this happen: Queen are about to sign with Trident but insist on three separate agreements for publishing, recording and management?",,,,1940s,false
Queen Quiz: Archive Explorer (Part 6),,"In which decade did this happen: Queen are about to sign with Trident but insist on three separate agreements for publishing, recording and management?",,,,1990s,false
Queen Quiz: Archive Explorer (Part 6),,Which group inspired young John Deacon after he bought its first two albums?,John Deacon,easy,1,The Rolling Stones,false
Queen Quiz: Archive Explorer (Part 6),,Which group inspired young John Deacon after he bought its first two albums?,,,,The Beatles,true
Queen Quiz: Archive Explorer (Part 6),,Which group inspired young John Deacon after he bought its first two albums?,,,,The Who,false
Queen Quiz: Archive Explorer (Part 6),,Which group inspired young John Deacon after he bought its first two albums?,,,,The Kinks,false
Queen Quiz: Archive Explorer (Part 6),,"In which decade did this happen: Roger's father gives him a bass drum and tom-tom, bought for £12, forming his first proper drum kit?",Queen Timeline,easy,1,1940s,false
Queen Quiz: Archive Explorer (Part 6),,"In which decade did this happen: Roger's father gives him a bass drum and tom-tom, bought for £12, forming his first proper drum kit?",,,,1950s,false
Queen Quiz: Archive Explorer (Part 6),,"In which decade did this happen: Roger's father gives him a bass drum and tom-tom, bought for £12, forming his first proper drum kit?",,,,1960s,true
Queen Quiz: Archive Explorer (Part 6),,"In which decade did this happen: Roger's father gives him a bass drum and tom-tom, bought for £12, forming his first proper drum kit?",,,,1980s,false
Queen Quiz: Archive Explorer (Part 6),,"In what year did this Queen-related event occur: Queen play the first date of their first headlining UK tour, at Blackpool Winter Gardens?",Queen Timeline,medium,2,1970,false
Queen Quiz: Archive Explorer (Part 6),,"In what year did this Queen-related event occur: Queen play the first date of their first headlining UK tour, at Blackpool Winter Gardens?",,,,1975,false
Queen Quiz: Archive Explorer (Part 6),,"In what year did this Queen-related event occur: Queen play the first date of their first headlining UK tour, at Blackpool Winter Gardens?",,,,1976,false
Queen Quiz: Archive Explorer (Part 6),,"In what year did this Queen-related event occur: Queen play the first date of their first headlining UK tour, at Blackpool Winter Gardens?",,,,1974,true
Queen Quiz: Archive Explorer (Part 6),,What instrument did Roger Taylor first learn as a child before guitar and drums?,Roger Taylor,medium,2,Ukulele,true
Queen Quiz: Archive Explorer (Part 6),,What instrument did Roger Taylor first learn as a child before guitar and drums?,,,,Violin,false
Queen Quiz: Archive Explorer (Part 6),,What instrument did Roger Taylor first learn as a child before guitar and drums?,,,,Trumpet,false
Queen Quiz: Archive Explorer (Part 6),,What instrument did Roger Taylor first learn as a child before guitar and drums?,,,,Accordion,false
Queen Quiz: Archive Explorer (Part 6),,In which country did Queen play at Palmengarten on 4 December 1974?,Concerts,medium,2,Italy,false
Queen Quiz: Archive Explorer (Part 6),,In which country did Queen play at Palmengarten on 4 December 1974?,,,,Germany,true
Queen Quiz: Archive Explorer (Part 6),,In which country did Queen play at Palmengarten on 4 December 1974?,,,,Venezuela,false
Queen Quiz: Archive Explorer (Part 6),,In which country did Queen play at Palmengarten on 4 December 1974?,,,,France,false
Queen Quiz: Archive Explorer (Part 6),,"In what year did this Queen-related event occur: Queen's UK tour opens at the Palace Theatre, Manchester, with a new pyrotechnic-heavy stage show?",Queen Timeline,medium,2,1977,false
Queen Quiz: Archive Explorer (Part 6),,"In what year did this Queen-related event occur: Queen's UK tour opens at the Palace Theatre, Manchester, with a new pyrotechnic-heavy stage show?",,,,1976,false
Queen Quiz: Archive Explorer (Part 6),,"In what year did this Queen-related event occur: Queen's UK tour opens at the Palace Theatre, Manchester, with a new pyrotechnic-heavy stage show?",,,,1974,true
Queen Quiz: Archive Explorer (Part 6),,"In what year did this Queen-related event occur: Queen's UK tour opens at the Palace Theatre, Manchester, with a new pyrotechnic-heavy stage show?",,,,1972,false
Queen Quiz: Archive Explorer (Part 6),,How many studio albums did Roger Taylor's band The Cross release?,Roger Taylor,medium,2,Two,false
Queen Quiz: Archive Explorer (Part 6),,How many studio albums did Roger Taylor's band The Cross release?,,,,Four,false
Queen Quiz: Archive Explorer (Part 6),,How many studio albums did Roger Taylor's band The Cross release?,,,,Five,false
Queen Quiz: Archive Explorer (Part 6),,How many studio albums did Roger Taylor's band The Cross release?,,,,Three,true
Queen Quiz: Archive Explorer (Part 6),,"In what year did this Queen-related event occur: Queen play two nights at Wembley Stadium to 72,000 fans each night; giant helium band-member balloons are released, with only the Freddie balloon escaping the stadium?",Queen Timeline,medium,2,1986,true
Queen Quiz: Archive Explorer (Part 6),,"In what year did this Queen-related event occur: Queen play two nights at Wembley Stadium to 72,000 fans each night; giant helium band-member balloons are released, with only the Freddie balloon escaping the stadium?",,,,1984,false
Queen Quiz: Archive Explorer (Part 6),,"In what year did this Queen-related event occur: Queen play two nights at Wembley Stadium to 72,000 fans each night; giant helium band-member balloons are released, with only the Freddie balloon escaping the stadium?",,,,1987,false
Queen Quiz: Archive Explorer (Part 6),,"In what year did this Queen-related event occur: Queen play two nights at Wembley Stadium to 72,000 fans each night; giant helium band-member balloons are released, with only the Freddie balloon escaping the stadium?",,,,1982,false
Queen Quiz: Archive Explorer (Part 6),,Which Queen member has the individual writing credit for 'Somebody to Love'?,Songwriting,hard,3,Brian May,false
Queen Quiz: Archive Explorer (Part 6),,Which Queen member has the individual writing credit for 'Somebody to Love'?,,,,Freddie Mercury,true
Queen Quiz: Archive Explorer (Part 6),,Which Queen member has the individual writing credit for 'Somebody to Love'?,,,,Roger Taylor,false
Queen Quiz: Archive Explorer (Part 6),,Which Queen member has the individual writing credit for 'Somebody to Love'?,,,,John Deacon,false
Queen Quiz: Archive Explorer (Part 6),,Which Queen member has the individual writing credit for 'Sleeping on the Sidewalk'?,Songwriting,hard,3,Freddie Mercury,false
Queen Quiz: Archive Explorer (Part 6),,Which Queen member has the individual writing credit for 'Sleeping on the Sidewalk'?,,,,Roger Taylor,false
Queen Quiz: Archive Explorer (Part 6),,Which Queen member has the individual writing credit for 'Sleeping on the Sidewalk'?,,,,Brian May,true
Queen Quiz: Archive Explorer (Part 6),,Which Queen member has the individual writing credit for 'Sleeping on the Sidewalk'?,,,,John Deacon,false
Queen Quiz: Archive Explorer (Part 6),,At which venue did Queen perform in Toronto on 21 November 1977?,Concerts,hard,3,"Nassau Coliseum, Uniondale",false
Queen Quiz: Archive Explorer (Part 6),,At which venue did Queen perform in Toronto on 21 November 1977?,,,,Coliseum,false
Queen Quiz: Archive Explorer (Part 6),,At which venue did Queen perform in Toronto on 21 November 1977?,,,,Scandinavium,false
Queen Quiz: Archive Explorer (Part 6),,At which venue did Queen perform in Toronto on 21 November 1977?,,,,Maple Leaf Gardens,true
Queen Quiz: Archive Explorer (Part 6),,Which Roger Taylor song for the 46664 project incorporated Nelson Mandela's spoken voice?,Roger Taylor,hard,3,Invincible Hope,true
Queen Quiz: Archive Explorer (Part 6),,Which Roger Taylor song for the 46664 project incorporated Nelson Mandela's spoken voice?,,,,Say It's Not True,false
Queen Quiz: Archive Explorer (Part 6),,Which Roger Taylor song for the 46664 project incorporated Nelson Mandela's spoken voice?,,,,The Unblinking Eye,false
Queen Quiz: Archive Explorer (Part 6),,Which Roger Taylor song for the 46664 project incorporated Nelson Mandela's spoken voice?,,,,Foreign Sand,false
Queen Quiz: Archive Explorer (Part 6),,Which city hosted Queen's 30 January 1976 show at Music Hall?,Concerts,hard,3,Sendai,false
Queen Quiz: Archive Explorer (Part 6),,Which city hosted Queen's 30 January 1976 show at Music Hall?,,,,Boston,true
Queen Quiz: Archive Explorer (Part 6),,Which city hosted Queen's 30 January 1976 show at Music Hall?,,,,Brisbane,false
Queen Quiz: Archive Explorer (Part 6),,Which city hosted Queen's 30 January 1976 show at Music Hall?,,,,St. Paul,false
Queen Quiz: Archive Explorer (Part 6),,"In what year did this Queen-related event occur: Freddie and Montserrat Caballe perform together at the La Nit pre-Olympic festival in Barcelona, watched by the King and Queen of Spain?",Queen Timeline,hard,3,1986,false
Queen Quiz: Archive Explorer (Part 6),,"In what year did this Queen-related event occur: Freddie and Montserrat Caballe perform together at the La Nit pre-Olympic festival in Barcelona, watched by the King and Queen of Spain?",,,,1985,false
Queen Quiz: Archive Explorer (Part 6),,"In what year did this Queen-related event occur: Freddie and Montserrat Caballe perform together at the La Nit pre-Olympic festival in Barcelona, watched by the King and Queen of Spain?",,,,1988,true
Queen Quiz: Archive Explorer (Part 6),,"In what year did this Queen-related event occur: Freddie and Montserrat Caballe perform together at the La Nit pre-Olympic festival in Barcelona, watched by the King and Queen of Spain?",,,,1992,false
Queen Quiz: Archive Explorer (Part 6),,At which venue did Queen perform in Hanover on 5 May 1982?,Concerts,hard,3,Drammenshallen,false
Queen Quiz: Archive Explorer (Part 6),,At which venue did Queen perform in Hanover on 5 May 1982?,,,,Sporthalle,false
Queen Quiz: Archive Explorer (Part 6),,At which venue did Queen perform in Hanover on 5 May 1982?,,,,Ice Stadium,false
Queen Quiz: Archive Explorer (Part 6),,At which venue did Queen perform in Hanover on 5 May 1982?,,,,Eilenriedehalle,true
Queen Quiz: Archive Explorer (Part 6),,At which venue did Queen perform in Nagoya on 28 April 1979?,Concerts,hard,3,International Display,true
Queen Quiz: Archive Explorer (Part 6),,At which venue did Queen perform in Nagoya on 28 April 1979?,,,,Festhalle,false
Queen Quiz: Archive Explorer (Part 6),,At which venue did Queen perform in Nagoya on 28 April 1979?,,,,Lewisham Odeon,false
Queen Quiz: Archive Explorer (Part 6),,At which venue did Queen perform in Nagoya on 28 April 1979?,,,,Makomani Ice Arena,false
Queen Quiz: Archive Explorer (Part 6),,"In which month of 1976 did this happen: Recording of A Day At The Races wraps up; the band bet on and all back the same winning horse, Lanzarote, at a promotional race day at Kempton Park?",Queen Timeline,hard,3,January,false
Queen Quiz: Archive Explorer (Part 6),,"In which month of 1976 did this happen: Recording of A Day At The Races wraps up; the band bet on and all back the same winning horse, Lanzarote, at a promotional race day at Kempton Park?",,,,October,true
Queen Quiz: Archive Explorer (Part 6),,"In which month of 1976 did this happen: Recording of A Day At The Races wraps up; the band bet on and all back the same winning horse, Lanzarote, at a promotional race day at Kempton Park?",,,,November,false
Queen Quiz: Archive Explorer (Part 6),,"In which month of 1976 did this happen: Recording of A Day At The Races wraps up; the band bet on and all back the same winning horse, Lanzarote, at a promotional race day at Kempton Park?",,,,March,false
Queen Quiz: Archive Explorer (Part 6),,Which Queen member has the individual writing credit for 'Flick of the Wrist'?,Songwriting,hard,3,Brian May,false
Queen Quiz: Archive Explorer (Part 6),,Which Queen member has the individual writing credit for 'Flick of the Wrist'?,,,,Roger Taylor,false
Queen Quiz: Archive Explorer (Part 6),,Which Queen member has the individual writing credit for 'Flick of the Wrist'?,,,,Freddie Mercury,true
Queen Quiz: Archive Explorer (Part 6),,Which Queen member has the individual writing credit for 'Flick of the Wrist'?,,,,John Deacon,false
Queen Quiz: Archive Explorer (Part 6),,At which venue did Queen perform in Rosario on 6 March 1981?,Concerts,hard,3,Poliedro De Caracas,false
Queen Quiz: Archive Explorer (Part 6),,At which venue did Queen perform in Rosario on 6 March 1981?,,,,Estádio do Morumbi,false
Queen Quiz: Archive Explorer (Part 6),,At which venue did Queen perform in Rosario on 6 March 1981?,,,,Estadio José María Minella,false
Queen Quiz: Archive Explorer (Part 6),,At which venue did Queen perform in Rosario on 6 March 1981?,,,,El Gigante de Arroyito (Estadio Rosario Central),true
Queen Quiz: Archive Explorer (Part 6),,Which Queen member has the individual writing credit for 'Staying Power'?,Songwriting,hard,3,Freddie Mercury,true
Queen Quiz: Archive Explorer (Part 6),,Which Queen member has the individual writing credit for 'Staying Power'?,,,,Brian May,false
Queen Quiz: Archive Explorer (Part 6),,Which Queen member has the individual writing credit for 'Staying Power'?,,,,Roger Taylor,false
Queen Quiz: Archive Explorer (Part 6),,Which Queen member has the individual writing credit for 'Staying Power'?,,,,John Deacon,false
Queen Quiz: Archive Explorer (Part 6),,At which venue did Queen perform in Worcester on 15 November 1973?,Concerts,hard,4,Top Rank Club,false
Queen Quiz: Archive Explorer (Part 6),,At which venue did Queen perform in Worcester on 15 November 1973?,,,,Gaumont,true
Queen Quiz: Archive Explorer (Part 6),,At which venue did Queen perform in Worcester on 15 November 1973?,,,,Caley Cinema,false
Queen Quiz: Archive Explorer (Part 6),,At which venue did Queen perform in Worcester on 15 November 1973?,,,,Le Blow Up,false
Queen Quiz: Archive Explorer (Part 6),,At which venue did Queen perform in Hayle on 19 July 1971?,Concerts,hard,4,Technical College,false
Queen Quiz: Archive Explorer (Part 6),,At which venue did Queen perform in Hayle on 19 July 1971?,,,,Town Hall,false
Queen Quiz: Archive Explorer (Part 6),,At which venue did Queen perform in Hayle on 19 July 1971?,,,,Rugby Club,true
Queen Quiz: Archive Explorer (Part 6),,At which venue did Queen perform in Hayle on 19 July 1971?,,,,City Hall,false
Queen Quiz: Archive Explorer (Part 6),,At which venue did Queen perform in Toledo on 30 January 1977?,Concerts,hard,4,County Coliseum,false
Queen Quiz: Archive Explorer (Part 6),,At which venue did Queen perform in Toledo on 30 January 1977?,,,,"Cole Field House, University of Maryland",false
Queen Quiz: Archive Explorer (Part 6),,At which venue did Queen perform in Toledo on 30 January 1977?,,,,Sporthalle,false
Queen Quiz: Archive Explorer (Part 6),,At which venue did Queen perform in Toledo on 30 January 1977?,,,,Sports Arena,true
Queen Quiz: Archive Explorer (Part 6),,What happened in Queen's story on 31 March 1974?,Queen Timeline,hard,4,Queen play what was meant to be the tour's final date at London's Rainbow Theatre; Freddie storms off mid-day after an argument with Brian,true
Queen Quiz: Archive Explorer (Part 6),,What happened in Queen's story on 31 March 1974?,,,,"Queen play Cheltenham Town Hall, after which the tour's lighting crew quits",false
Queen Quiz: Archive Explorer (Part 6),,What happened in Queen's story on 31 March 1974?,,,,"Queen play the first date of their first headlining UK tour, at Blackpool Winter Gardens",false
Queen Quiz: Archive Explorer (Part 6),,What happened in Queen's story on 31 March 1974?,,,,"Brian is hospitalised for an emergency operation for a duodenal ulcer, forcing cancellation of a planned September US tour",false
Queen Quiz: Archive Explorer (Part 7),"25 fresh questions on Queen concerts, milestones, songwriting and the band's wider story.",In which decade did this happen: Trident's Barry Sheffield sees Queen live at a hospital dance in Forest Hill and offers them a contract with Trident Audio Productions?,Queen Timeline,easy,1,1970s,true
Queen Quiz: Archive Explorer (Part 7),,In which decade did this happen: Trident's Barry Sheffield sees Queen live at a hospital dance in Forest Hill and offers them a contract with Trident Audio Productions?,,,,2000s,false
Queen Quiz: Archive Explorer (Part 7),,In which decade did this happen: Trident's Barry Sheffield sees Queen live at a hospital dance in Forest Hill and offers them a contract with Trident Audio Productions?,,,,1950s,false
Queen Quiz: Archive Explorer (Part 7),,In which decade did this happen: Trident's Barry Sheffield sees Queen live at a hospital dance in Forest Hill and offers them a contract with Trident Audio Productions?,,,,2010s,false
Queen Quiz: Archive Explorer (Part 7),,"In which decade did this happen: Freddie takes his O Levels at St Peter's, then leaves school and rejoins his parents in Zanzibar?",Queen Timeline,easy,1,1980s,false
Queen Quiz: Archive Explorer (Part 7),,"In which decade did this happen: Freddie takes his O Levels at St Peter's, then leaves school and rejoins his parents in Zanzibar?",,,,1960s,true
Queen Quiz: Archive Explorer (Part 7),,"In which decade did this happen: Freddie takes his O Levels at St Peter's, then leaves school and rejoins his parents in Zanzibar?",,,,1970s,false
Queen Quiz: Archive Explorer (Part 7),,"In which decade did this happen: Freddie takes his O Levels at St Peter's, then leaves school and rejoins his parents in Zanzibar?",,,,1950s,false
Queen Quiz: Archive Explorer (Part 7),,"In which decade did this happen: Queen begin tour rehearsals at the Metro Coliseum, New Haven; John Deacon shocks everyone by arriving with an almost shaved head?",Queen Timeline,easy,1,1960s,false
Queen Quiz: Archive Explorer (Part 7),,"In which decade did this happen: Queen begin tour rehearsals at the Metro Coliseum, New Haven; John Deacon shocks everyone by arriving with an almost shaved head?",,,,1950s,false
Queen Quiz: Archive Explorer (Part 7),,"In which decade did this happen: Queen begin tour rehearsals at the Metro Coliseum, New Haven; John Deacon shocks everyone by arriving with an almost shaved head?",,,,1970s,true
Queen Quiz: Archive Explorer (Part 7),,"In which decade did this happen: Queen begin tour rehearsals at the Metro Coliseum, New Haven; John Deacon shocks everyone by arriving with an almost shaved head?",,,,1990s,false
Queen Quiz: Archive Explorer (Part 7),,"In what year did this Queen-related event occur: Roger Taylor releases his second solo single, 'Future Management'?",Queen Timeline,medium,2,1979,false
Queen Quiz: Archive Explorer (Part 7),,"In what year did this Queen-related event occur: Roger Taylor releases his second solo single, 'Future Management'?",,,,1984,false
Queen Quiz: Archive Explorer (Part 7),,"In what year did this Queen-related event occur: Roger Taylor releases his second solo single, 'Future Management'?",,,,1985,false
Queen Quiz: Archive Explorer (Part 7),,"In what year did this Queen-related event occur: Roger Taylor releases his second solo single, 'Future Management'?",,,,1981,true
Queen Quiz: Archive Explorer (Part 7),,In what year did this Queen-related event occur: Elektra Records releases Queen's debut album in the USA; it eventually climbs to number 83 on the Billboard chart?,Queen Timeline,medium,2,1973,true
Queen Quiz: Archive Explorer (Part 7),,In what year did this Queen-related event occur: Elektra Records releases Queen's debut album in the USA; it eventually climbs to number 83 on the Billboard chart?,,,,1977,false
Queen Quiz: Archive Explorer (Part 7),,In what year did this Queen-related event occur: Elektra Records releases Queen's debut album in the USA; it eventually climbs to number 83 on the Billboard chart?,,,,1970,false
Queen Quiz: Archive Explorer (Part 7),,In what year did this Queen-related event occur: Elektra Records releases Queen's debut album in the USA; it eventually climbs to number 83 on the Billboard chart?,,,,1974,false
Queen Quiz: Archive Explorer (Part 7),,In what year did this Queen-related event occur: Hollywood Records releases 'Headlong' as its debut Queen single in the USA?,Queen Timeline,medium,2,1989,false
Queen Quiz: Archive Explorer (Part 7),,In what year did this Queen-related event occur: Hollywood Records releases 'Headlong' as its debut Queen single in the USA?,,,,1991,true
Queen Quiz: Archive Explorer (Part 7),,In what year did this Queen-related event occur: Hollywood Records releases 'Headlong' as its debut Queen single in the USA?,,,,1994,false
Queen Quiz: Archive Explorer (Part 7),,In what year did this Queen-related event occur: Hollywood Records releases 'Headlong' as its debut Queen single in the USA?,,,,1990,false
Queen Quiz: Archive Explorer (Part 7),,In what year did this Queen-related event occur: Queen give a rare full-band TV interview in which Freddie says he no longer wants to tour?,Queen Timeline,medium,2,1986,false
Queen Quiz: Archive Explorer (Part 7),,In what year did this Queen-related event occur: Queen give a rare full-band TV interview in which Freddie says he no longer wants to tour?,,,,1990,false
Queen Quiz: Archive Explorer (Part 7),,In what year did this Queen-related event occur: Queen give a rare full-band TV interview in which Freddie says he no longer wants to tour?,,,,1989,true
Queen Quiz: Archive Explorer (Part 7),,In what year did this Queen-related event occur: Queen give a rare full-band TV interview in which Freddie says he no longer wants to tour?,,,,1988,false
Queen Quiz: Archive Explorer (Part 7),,In what year did this Queen-related event occur: The Cross's 'Power To Love' is released in Germany on the Electrola label?,Queen Timeline,medium,2,1994,false
Queen Quiz: Archive Explorer (Part 7),,In what year did this Queen-related event occur: The Cross's 'Power To Love' is released in Germany on the Electrola label?,,,,1986,false
Queen Quiz: Archive Explorer (Part 7),,In what year did this Queen-related event occur: The Cross's 'Power To Love' is released in Germany on the Electrola label?,,,,1993,false
Queen Quiz: Archive Explorer (Part 7),,In what year did this Queen-related event occur: The Cross's 'Power To Love' is released in Germany on the Electrola label?,,,,1990,true
Queen Quiz: Archive Explorer (Part 7),,In which country did Queen play at Deutschlandhalle on 30 November 1980?,Concerts,medium,2,Germany,true
Queen Quiz: Archive Explorer (Part 7),,In which country did Queen play at Deutschlandhalle on 30 November 1980?,,,,Belgium,false
Queen Quiz: Archive Explorer (Part 7),,In which country did Queen play at Deutschlandhalle on 30 November 1980?,,,,Norway,false
Queen Quiz: Archive Explorer (Part 7),,In which country did Queen play at Deutschlandhalle on 30 November 1980?,,,,Finland,false
Queen Quiz: Archive Explorer (Part 7),,"In what year did this Queen-related event occur: Brian May acts as musical director for a rock guitar night at the Seville Expo '92 guitar festival, performing alongside Nuno Bettencourt, Joe Walsh, Steve Vai and Joe Satriani?",Queen Timeline,hard,3,1992,false
Queen Quiz: Archive Explorer (Part 7),,"In what year did this Queen-related event occur: Brian May acts as musical director for a rock guitar night at the Seville Expo '92 guitar festival, performing alongside Nuno Bettencourt, Joe Walsh, Steve Vai and Joe Satriani?",,,,1991,true
Queen Quiz: Archive Explorer (Part 7),,"In what year did this Queen-related event occur: Brian May acts as musical director for a rock guitar night at the Seville Expo '92 guitar festival, performing alongside Nuno Bettencourt, Joe Walsh, Steve Vai and Joe Satriani?",,,,1993,false
Queen Quiz: Archive Explorer (Part 7),,"In what year did this Queen-related event occur: Brian May acts as musical director for a rock guitar night at the Seville Expo '92 guitar festival, performing alongside Nuno Bettencourt, Joe Walsh, Steve Vai and Joe Satriani?",,,,1994,false
Queen Quiz: Archive Explorer (Part 7),,Which city hosted Queen's 18 May 1982 show at Eissporthalle?,Concerts,hard,3,Hanover,false
Queen Quiz: Archive Explorer (Part 7),,Which city hosted Queen's 18 May 1982 show at Eissporthalle?,,,,Irvine,false
Queen Quiz: Archive Explorer (Part 7),,Which city hosted Queen's 18 May 1982 show at Eissporthalle?,,,,Kassel,true
Queen Quiz: Archive Explorer (Part 7),,Which city hosted Queen's 18 May 1982 show at Eissporthalle?,,,,Phoenix,false
Queen Quiz: Archive Explorer (Part 7),,Which Queen member has the individual writing credit for 'Life Is Real (Song for Lennon)'?,Songwriting,hard,3,Brian May,false
Queen Quiz: Archive Explorer (Part 7),,Which Queen member has the individual writing credit for 'Life Is Real (Song for Lennon)'?,,,,Roger Taylor,false
Queen Quiz: Archive Explorer (Part 7),,Which Queen member has the individual writing credit for 'Life Is Real (Song for Lennon)'?,,,,John Deacon,false
Queen Quiz: Archive Explorer (Part 7),,Which Queen member has the individual writing credit for 'Life Is Real (Song for Lennon)'?,,,,Freddie Mercury,true
Queen Quiz: Archive Explorer (Part 7),,Which Queen member has the individual writing credit for 'In the Lap of the Gods... Revisited'?,Songwriting,hard,3,Freddie Mercury,true
Queen Quiz: Archive Explorer (Part 7),,Which Queen member has the individual writing credit for 'In the Lap of the Gods... Revisited'?,,,,Brian May,false
Queen Quiz: Archive Explorer (Part 7),,Which Queen member has the individual writing credit for 'In the Lap of the Gods... Revisited'?,,,,Roger Taylor,false
Queen Quiz: Archive Explorer (Part 7),,Which Queen member has the individual writing credit for 'In the Lap of the Gods... Revisited'?,,,,John Deacon,false
Queen Quiz: Archive Explorer (Part 7),,"In what year did this Queen-related event occur: Queen play Madison Square Garden, New York, for the first time?",Queen Timeline,hard,3,1976,false
Queen Quiz: Archive Explorer (Part 7),,"In what year did this Queen-related event occur: Queen play Madison Square Garden, New York, for the first time?",,,,1977,true
Queen Quiz: Archive Explorer (Part 7),,"In what year did this Queen-related event occur: Queen play Madison Square Garden, New York, for the first time?",,,,1980,false
Queen Quiz: Archive Explorer (Part 7),,"In what year did this Queen-related event occur: Queen play Madison Square Garden, New York, for the first time?",,,,1973,false
Queen Quiz: Archive Explorer (Part 7),,Which Queen member has the individual writing credit for 'Ogre Battle'?,Songwriting,hard,3,Brian May,false
Queen Quiz: Archive Explorer (Part 7),,Which Queen member has the individual writing credit for 'Ogre Battle'?,,,,Roger Taylor,false
Queen Quiz: Archive Explorer (Part 7),,Which Queen member has the individual writing credit for 'Ogre Battle'?,,,,Freddie Mercury,true
Queen Quiz: Archive Explorer (Part 7),,Which Queen member has the individual writing credit for 'Ogre Battle'?,,,,John Deacon,false
Queen Quiz: Archive Explorer (Part 7),,At which venue did Queen perform in Adelaide on 15 April 1976?,Concerts,hard,3,Berkeley Community Theatre,false
Queen Quiz: Archive Explorer (Part 7),,At which venue did Queen perform in Adelaide on 15 April 1976?,,,,Riverfront Coliseum,false
Queen Quiz: Archive Explorer (Part 7),,At which venue did Queen perform in Adelaide on 15 April 1976?,,,,Auditorium,false
Queen Quiz: Archive Explorer (Part 7),,At which venue did Queen perform in Adelaide on 15 April 1976?,,,,Apollo Stadium,true
Queen Quiz: Archive Explorer (Part 7),,At which venue did Queen perform in Coventry on 16 November 1975?,Concerts,hard,3,Theatre,true
Queen Quiz: Archive Explorer (Part 7),,At which venue did Queen perform in Coventry on 16 November 1975?,,,,Municipal Auditorium,false
Queen Quiz: Archive Explorer (Part 7),,At which venue did Queen perform in Coventry on 16 November 1975?,,,,Ford Auditorium,false
Queen Quiz: Archive Explorer (Part 7),,At which venue did Queen perform in Coventry on 16 November 1975?,,,,Municipal Theatre,false
Queen Quiz: Archive Explorer (Part 7),,At which venue did Queen perform in Milan on 15 September 1984?,Concerts,hard,3,Europahalle,false
Queen Quiz: Archive Explorer (Part 7),,At which venue did Queen perform in Milan on 15 September 1984?,,,,Sportspalace,true
Queen Quiz: Archive Explorer (Part 7),,At which venue did Queen perform in Milan on 15 September 1984?,,,,Westallenhalle,false
Queen Quiz: Archive Explorer (Part 7),,At which venue did Queen perform in Milan on 15 September 1984?,,,,Schleyerhalle,false
Queen Quiz: Archive Explorer (Part 7),,Which city hosted Queen's 25 April 1972 show at Queen Charlotte's Maternity Hospital?,Concerts,hard,3,San Antonio,false
Queen Quiz: Archive Explorer (Part 7),,Which city hosted Queen's 25 April 1972 show at Queen Charlotte's Maternity Hospital?,,,,Madrid,false
Queen Quiz: Archive Explorer (Part 7),,Which city hosted Queen's 25 April 1972 show at Queen Charlotte's Maternity Hospital?,,,,London,true
Queen Quiz: Archive Explorer (Part 7),,Which city hosted Queen's 25 April 1972 show at Queen Charlotte's Maternity Hospital?,,,,Osaka,false
Queen Quiz: Archive Explorer (Part 7),,Which city hosted Queen's 22 April 1975 show at Aichi Taikukan?,Concerts,hard,3,Atlanta,false
Queen Quiz: Archive Explorer (Part 7),,Which city hosted Queen's 22 April 1975 show at Aichi Taikukan?,,,,Tulsa,false
Queen Quiz: Archive Explorer (Part 7),,Which city hosted Queen's 22 April 1975 show at Aichi Taikukan?,,,,Fort Wayne,false
Queen Quiz: Archive Explorer (Part 7),,Which city hosted Queen's 22 April 1975 show at Aichi Taikukan?,,,,Nagoya,true
Queen Quiz: Archive Explorer (Part 7),,In what year did this Queen-related event occur: A Night at the Opera reaches number one on the UK albums chart?,Queen Timeline,hard,3,1975,true
Queen Quiz: Archive Explorer (Part 7),,In what year did this Queen-related event occur: A Night at the Opera reaches number one on the UK albums chart?,,,,1978,false
Queen Quiz: Archive Explorer (Part 7),,In what year did this Queen-related event occur: A Night at the Opera reaches number one on the UK albums chart?,,,,1979,false
Queen Quiz: Archive Explorer (Part 7),,In what year did this Queen-related event occur: A Night at the Opera reaches number one on the UK albums chart?,,,,1971,false
Queen Quiz: Archive Explorer (Part 7),,At which venue did Queen perform in Plymouth on 3 March 1974?,Concerts,hard,4,Palace Theatre,false
Queen Quiz: Archive Explorer (Part 7),,At which venue did Queen perform in Plymouth on 3 March 1974?,,,,Guildhall,true
Queen Quiz: Archive Explorer (Part 7),,At which venue did Queen perform in Plymouth on 3 March 1974?,,,,Mid South Coliseum,false
Queen Quiz: Archive Explorer (Part 7),,At which venue did Queen perform in Plymouth on 3 March 1974?,,,,Orpheum Theatre,false
Queen Quiz: Archive Explorer (Part 7),,What happened in Queen's story on 20 February 1974?,Queen Timeline,hard,4,Queen play what was meant to be the tour's final date at London's Rainbow Theatre; Freddie storms off mid-day after an argument with Brian,false
Queen Quiz: Archive Explorer (Part 7),,What happened in Queen's story on 20 February 1974?,,,,Queen instruct lawyer Jim Beach to begin negotiations to break free of their Trident contracts,false
Queen Quiz: Archive Explorer (Part 7),,What happened in Queen's story on 20 February 1974?,,,,"Queen record a special backing track for Top of the Pops using time loaned by Pete Townshend, ahead of a last-minute booking",true
Queen Quiz: Archive Explorer (Part 7),,What happened in Queen's story on 20 February 1974?,,,,"Queen play the first date of their first headlining UK tour, at Blackpool Winter Gardens",false
Queen Quiz: Archive Explorer (Part 7),,At which venue did Queen perform in Perth on 11 April 1976?,Concerts,hard,4,Playhouse Theatre,false
Queen Quiz: Archive Explorer (Part 7),,At which venue did Queen perform in Perth on 11 April 1976?,,,,Miyagi-Ken Sports Centre,false
Queen Quiz: Archive Explorer (Part 7),,At which venue did Queen perform in Perth on 11 April 1976?,,,,Convention Centre,false
Queen Quiz: Archive Explorer (Part 7),,At which venue did Queen perform in Perth on 11 April 1976?,,,,Entertainments Centre,true
Queen Quiz: Archive Explorer (Part 7),,At which venue did Queen perform in Passaic on 21 February 1975?,Concerts,hard,4,Capital Theater,true
Queen Quiz: Archive Explorer (Part 7),,At which venue did Queen perform in Passaic on 21 February 1975?,,,,Municipal Auditorium,false
Queen Quiz: Archive Explorer (Part 7),,At which venue did Queen perform in Passaic on 21 February 1975?,,,,Municipal Theatre,false
Queen Quiz: Archive Explorer (Part 7),,At which venue did Queen perform in Passaic on 21 February 1975?,,,,Mary E Sawyer Auditorium,false
Queen Quiz: Archive Explorer (Part 8),"25 fresh questions on Queen concerts, milestones, songwriting and the band's wider story.","In which decade did this happen: Queen appear on Top of the Pops for the first time in five years, performing 'Las Palabras de Amor'?",Queen Timeline,easy,1,1980s,true
Queen Quiz: Archive Explorer (Part 8),,"In which decade did this happen: Queen appear on Top of the Pops for the first time in five years, performing 'Las Palabras de Amor'?",,,,1990s,false
Queen Quiz: Archive Explorer (Part 8),,"In which decade did this happen: Queen appear on Top of the Pops for the first time in five years, performing 'Las Palabras de Amor'?",,,,1960s,false
Queen Quiz: Archive Explorer (Part 8),,"In which decade did this happen: Queen appear on Top of the Pops for the first time in five years, performing 'Las Palabras de Amor'?",,,,1950s,false
Queen Quiz: Archive Explorer (Part 8),,"In which decade did this happen: Queen play their first-ever New Zealand concert, at Mount Smart Stadium, Auckland; Spandau Ballet's Tony Hadley joins them for 'Jailhouse Rock'?",Queen Timeline,easy,1,1960s,false
Queen Quiz: Archive Explorer (Part 8),,"In which decade did this happen: Queen play their first-ever New Zealand concert, at Mount Smart Stadium, Auckland; Spandau Ballet's Tony Hadley joins them for 'Jailhouse Rock'?",,,,1980s,true
Queen Quiz: Archive Explorer (Part 8),,"In which decade did this happen: Queen play their first-ever New Zealand concert, at Mount Smart Stadium, Auckland; Spandau Ballet's Tony Hadley joins them for 'Jailhouse Rock'?",,,,1950s,false
Queen Quiz: Archive Explorer (Part 8),,"In which decade did this happen: Queen play their first-ever New Zealand concert, at Mount Smart Stadium, Auckland; Spandau Ballet's Tony Hadley joins them for 'Jailhouse Rock'?",,,,2010s,false
Queen Quiz: Archive Explorer (Part 8),,In which decade did this happen: Queen sign a new six-album contract with EMI for the UK and Europe?,Queen Timeline,easy,1,1940s,false
Queen Quiz: Archive Explorer (Part 8),,In which decade did this happen: Queen sign a new six-album contract with EMI for the UK and Europe?,,,,2000s,false
Queen Quiz: Archive Explorer (Part 8),,In which decade did this happen: Queen sign a new six-album contract with EMI for the UK and Europe?,,,,1980s,true
Queen Quiz: Archive Explorer (Part 8),,In which decade did this happen: Queen sign a new six-album contract with EMI for the UK and Europe?,,,,2010s,false
Queen Quiz: Archive Explorer (Part 8),,"In what year did this Queen-related event occur: Queen's European tour opens in Stockholm, Sweden?",Queen Timeline,medium,2,1980,false
Queen Quiz: Archive Explorer (Part 8),,"In what year did this Queen-related event occur: Queen's European tour opens in Stockholm, Sweden?",,,,1979,false
Queen Quiz: Archive Explorer (Part 8),,"In what year did this Queen-related event occur: Queen's European tour opens in Stockholm, Sweden?",,,,1978,false
Queen Quiz: Archive Explorer (Part 8),,"In what year did this Queen-related event occur: Queen's European tour opens in Stockholm, Sweden?",,,,1977,true
Queen Quiz: Archive Explorer (Part 8),,"In what year did this Queen-related event occur: Roger releases 'My Country', his third solo single, from Fun In Space?",Queen Timeline,medium,2,1981,true
Queen Quiz: Archive Explorer (Part 8),,"In what year did this Queen-related event occur: Roger releases 'My Country', his third solo single, from Fun In Space?",,,,1984,false
Queen Quiz: Archive Explorer (Part 8),,"In what year did this Queen-related event occur: Roger releases 'My Country', his third solo single, from Fun In Space?",,,,1983,false
Queen Quiz: Archive Explorer (Part 8),,"In what year did this Queen-related event occur: Roger releases 'My Country', his third solo single, from Fun In Space?",,,,1979,false
Queen Quiz: Archive Explorer (Part 8),,In which country did Queen play at Checkerdome on 23 November 1978?,Concerts,medium,2,Japan,false
Queen Quiz: Archive Explorer (Part 8),,In which country did Queen play at Checkerdome on 23 November 1978?,,,,USA,true
Queen Quiz: Archive Explorer (Part 8),,In which country did Queen play at Checkerdome on 23 November 1978?,,,,Switzerland,false
Queen Quiz: Archive Explorer (Part 8),,In which country did Queen play at Checkerdome on 23 November 1978?,,,,Argentina,false
Queen Quiz: Archive Explorer (Part 8),,In which country did Queen play at Woods Leisure Centre on 24 March 1974?,Concerts,medium,2,Luxembourg,false
Queen Quiz: Archive Explorer (Part 8),,In which country did Queen play at Woods Leisure Centre on 24 March 1974?,,,,Spain,false
Queen Quiz: Archive Explorer (Part 8),,In which country did Queen play at Woods Leisure Centre on 24 March 1974?,,,,UK,true
Queen Quiz: Archive Explorer (Part 8),,In which country did Queen play at Woods Leisure Centre on 24 March 1974?,,,,Denmark,false
Queen Quiz: Archive Explorer (Part 8),,"In what year did this Queen-related event occur: Queen's 'Crazy Tour' of Britain opens at Birmingham NEC, drawing a record indoor attendance of 14,000?",Queen Timeline,medium,2,1983,false
Queen Quiz: Archive Explorer (Part 8),,"In what year did this Queen-related event occur: Queen's 'Crazy Tour' of Britain opens at Birmingham NEC, drawing a record indoor attendance of 14,000?",,,,1978,false
Queen Quiz: Archive Explorer (Part 8),,"In what year did this Queen-related event occur: Queen's 'Crazy Tour' of Britain opens at Birmingham NEC, drawing a record indoor attendance of 14,000?",,,,1981,false
Queen Quiz: Archive Explorer (Part 8),,"In what year did this Queen-related event occur: Queen's 'Crazy Tour' of Britain opens at Birmingham NEC, drawing a record indoor attendance of 14,000?",,,,1979,true
Queen Quiz: Archive Explorer (Part 8),,In which country did Queen play at Civic on 13 September 1980?,Concerts,medium,2,USA,true
Queen Quiz: Archive Explorer (Part 8),,In which country did Queen play at Civic on 13 September 1980?,,,,Finland,false
Queen Quiz: Archive Explorer (Part 8),,In which country did Queen play at Civic on 13 September 1980?,,,,Switzerland,false
Queen Quiz: Archive Explorer (Part 8),,In which country did Queen play at Civic on 13 September 1980?,,,,Belgium,false
Queen Quiz: Archive Explorer (Part 8),,Which city hosted Queen's 9 February 1975 show at Morris Civic Auditorium?,Concerts,hard,3,Milwaukee,false
Queen Quiz: Archive Explorer (Part 8),,Which city hosted Queen's 9 February 1975 show at Morris Civic Auditorium?,,,,South Bend,true
Queen Quiz: Archive Explorer (Part 8),,Which city hosted Queen's 9 February 1975 show at Morris Civic Auditorium?,,,,Atlanta,false
Queen Quiz: Archive Explorer (Part 8),,Which city hosted Queen's 9 February 1975 show at Morris Civic Auditorium?,,,,Preston,false
Queen Quiz: Archive Explorer (Part 8),,At which venue did Queen perform in Portland on 27 August 1980?,Concerts,hard,3,Oakland Coliseum Arena,false
Queen Quiz: Archive Explorer (Part 8),,At which venue did Queen perform in Portland on 27 August 1980?,,,,Civic,false
Queen Quiz: Archive Explorer (Part 8),,At which venue did Queen perform in Portland on 27 August 1980?,,,,Cumberland County Civic Center,true
Queen Quiz: Archive Explorer (Part 8),,At which venue did Queen perform in Portland on 27 August 1980?,,,,Coliseum,false
Queen Quiz: Archive Explorer (Part 8),,At which venue did Queen perform in Truro on 12 August 1971?,Concerts,hard,3,Technical College,false
Queen Quiz: Archive Explorer (Part 8),,At which venue did Queen perform in Truro on 12 August 1971?,,,,"Warrant Officer and Senior Rates Mess, RNAS Culdrose",false
Queen Quiz: Archive Explorer (Part 8),,At which venue did Queen perform in Truro on 12 August 1971?,,,,Town Hall,false
Queen Quiz: Archive Explorer (Part 8),,At which venue did Queen perform in Truro on 12 August 1971?,,,,Tregye Hotel,true
Queen Quiz: Archive Explorer (Part 8),,In which month of 1967 did this happen: Roger begins his dentistry degree at the London Hospital Medical School?,Queen Timeline,hard,3,October,true
Queen Quiz: Archive Explorer (Part 8),,In which month of 1967 did this happen: Roger begins his dentistry degree at the London Hospital Medical School?,,,,November,false
Queen Quiz: Archive Explorer (Part 8),,In which month of 1967 did this happen: Roger begins his dentistry degree at the London Hospital Medical School?,,,,February,false
Queen Quiz: Archive Explorer (Part 8),,In which month of 1967 did this happen: Roger begins his dentistry degree at the London Hospital Medical School?,,,,January,false
Queen Quiz: Archive Explorer (Part 8),,Which city hosted Queen's 22 November 1973 show at City Hall?,Concerts,hard,3,Penzance,false
Queen Quiz: Archive Explorer (Part 8),,Which city hosted Queen's 22 November 1973 show at City Hall?,,,,Newcastle,true
Queen Quiz: Archive Explorer (Part 8),,Which city hosted Queen's 22 November 1973 show at City Hall?,,,,Luxembourg,false
Queen Quiz: Archive Explorer (Part 8),,Which city hosted Queen's 22 November 1973 show at City Hall?,,,,Cheltenham,false
Queen Quiz: Archive Explorer (Part 8),,Which city hosted Queen's 3 April 1975 show at Corral?,Concerts,hard,3,Detroit,false
Queen Quiz: Archive Explorer (Part 8),,Which city hosted Queen's 3 April 1975 show at Corral?,,,,San Francisco,false
Queen Quiz: Archive Explorer (Part 8),,Which city hosted Queen's 3 April 1975 show at Corral?,,,,Calgary,true
Queen Quiz: Archive Explorer (Part 8),,Which city hosted Queen's 3 April 1975 show at Corral?,,,,Miami,false
Queen Quiz: Archive Explorer (Part 8),,Which city hosted Queen's 27 April 1974 show at Palace Theatre?,Concerts,hard,3,Bradford,false
Queen Quiz: Archive Explorer (Part 8),,Which city hosted Queen's 27 April 1974 show at Palace Theatre?,,,,Cambridge,false
Queen Quiz: Archive Explorer (Part 8),,Which city hosted Queen's 27 April 1974 show at Palace Theatre?,,,,Plymouth,false
Queen Quiz: Archive Explorer (Part 8),,Which city hosted Queen's 27 April 1974 show at Palace Theatre?,,,,Providence,true
Queen Quiz: Archive Explorer (Part 8),,Which city hosted Queen's 5 March 1975 show at Mary E Sawyer Auditorium?,Concerts,hard,3,La Crosse,true
Queen Quiz: Archive Explorer (Part 8),,Which city hosted Queen's 5 March 1975 show at Mary E Sawyer Auditorium?,,,,Cardiff,false
Queen Quiz: Archive Explorer (Part 8),,Which city hosted Queen's 5 March 1975 show at Mary E Sawyer Auditorium?,,,,Shizuoka,false
Queen Quiz: Archive Explorer (Part 8),,Which city hosted Queen's 5 March 1975 show at Mary E Sawyer Auditorium?,,,,Yokohama,false
Queen Quiz: Archive Explorer (Part 8),,In which month of 1974 did this happen: Elektra releases an edited version of 'Liar' as a US single; it fails to chart?,Queen Timeline,hard,3,April,false
Queen Quiz: Archive Explorer (Part 8),,In which month of 1974 did this happen: Elektra releases an edited version of 'Liar' as a US single; it fails to chart?,,,,February,true
Queen Quiz: Archive Explorer (Part 8),,In which month of 1974 did this happen: Elektra releases an edited version of 'Liar' as a US single; it fails to chart?,,,,January,false
Queen Quiz: Archive Explorer (Part 8),,In which month of 1974 did this happen: Elektra releases an edited version of 'Liar' as a US single; it fails to chart?,,,,June,false
Queen Quiz: Archive Explorer (Part 8),,In what year did this Queen-related event occur: Freddie Mercury dies at 7pm of AIDS-related bronchial pneumonia?,Queen Timeline,hard,3,1987,false
Queen Quiz: Archive Explorer (Part 8),,In what year did this Queen-related event occur: Freddie Mercury dies at 7pm of AIDS-related bronchial pneumonia?,,,,1995,false
Queen Quiz: Archive Explorer (Part 8),,In what year did this Queen-related event occur: Freddie Mercury dies at 7pm of AIDS-related bronchial pneumonia?,,,,1991,true
Queen Quiz: Archive Explorer (Part 8),,In what year did this Queen-related event occur: Freddie Mercury dies at 7pm of AIDS-related bronchial pneumonia?,,,,1988,false
Queen Quiz: Archive Explorer (Part 8),,"In which month of 1975 did this happen: Queen sign a severance agreement freeing them from their three Trident contracts, in exchange for a £100,000 payment and 1% royalties on their next six albums?",Queen Timeline,hard,3,September,false
Queen Quiz: Archive Explorer (Part 8),,"In which month of 1975 did this happen: Queen sign a severance agreement freeing them from their three Trident contracts, in exchange for a £100,000 payment and 1% royalties on their next six albums?",,,,October,false
Queen Quiz: Archive Explorer (Part 8),,"In which month of 1975 did this happen: Queen sign a severance agreement freeing them from their three Trident contracts, in exchange for a £100,000 payment and 1% royalties on their next six albums?",,,,April,false
Queen Quiz: Archive Explorer (Part 8),,"In which month of 1975 did this happen: Queen sign a severance agreement freeing them from their three Trident contracts, in exchange for a £100,000 payment and 1% royalties on their next six albums?",,,,August,true
Queen Quiz: Archive Explorer (Part 8),,In which month of 1966 did this happen: The Opposition rename themselves the New Opposition?,Queen Timeline,hard,3,May,true
Queen Quiz: Archive Explorer (Part 8),,In which month of 1966 did this happen: The Opposition rename themselves the New Opposition?,,,,June,false
Queen Quiz: Archive Explorer (Part 8),,In which month of 1966 did this happen: The Opposition rename themselves the New Opposition?,,,,January,false
Queen Quiz: Archive Explorer (Part 8),,In which month of 1966 did this happen: The Opposition rename themselves the New Opposition?,,,,November,false
Queen Quiz: Archive Explorer (Part 8),,At which venue did Queen perform in Glasgow on 16 December 1975?,Concerts,hard,4,Yokohama Bunka Taikukan,false
Queen Quiz: Archive Explorer (Part 8),,At which venue did Queen perform in Glasgow on 16 December 1975?,,,,Apollo Theatre,true
Queen Quiz: Archive Explorer (Part 8),,At which venue did Queen perform in Glasgow on 16 December 1975?,,,,Kinsmen Field House,false
Queen Quiz: Archive Explorer (Part 8),,At which venue did Queen perform in Glasgow on 16 December 1975?,,,,Municipal Hall,false
Queen Quiz: Archive Explorer (Part 8),,What happened in Queen's story on 20 May 1974?,Queen Timeline,hard,4,"Queen play the first date of their first headlining UK tour, at Blackpool Winter Gardens",false
Queen Quiz: Archive Explorer (Part 8),,What happened in Queen's story on 20 May 1974?,,,,"Queen record a special backing track for Top of the Pops using time loaned by Pete Townshend, ahead of a last-minute booking",false
Queen Quiz: Archive Explorer (Part 8),,What happened in Queen's story on 20 May 1974?,,,,Elektra releases 'Seven Seas Of Rhye' as a US single; it fails to chart,true
Queen Quiz: Archive Explorer (Part 8),,What happened in Queen's story on 20 May 1974?,,,,"Brian is hospitalised for an emergency operation for a duodenal ulcer, forcing cancellation of a planned September US tour",false
Queen Quiz: Archive Explorer (Part 8),,What was the advertised 1974 ticket price for Queen's filmed Rainbow Theatre concerts?,Queen on Stage,hard,4,£5.00,false
Queen Quiz: Archive Explorer (Part 8),,What was the advertised 1974 ticket price for Queen's filmed Rainbow Theatre concerts?,,,,£2.50,false
Queen Quiz: Archive Explorer (Part 8),,What was the advertised 1974 ticket price for Queen's filmed Rainbow Theatre concerts?,,,,£10.00,false
Queen Quiz: Archive Explorer (Part 8),,What was the advertised 1974 ticket price for Queen's filmed Rainbow Theatre concerts?,,,,£1.75,true
Queen Quiz: Archive Explorer (Part 8),,At which venue did Queen perform in Allentown on 2 May 1974?,Concerts,hard,4,Agricultural Hall,true
Queen Quiz: Archive Explorer (Part 8),,At which venue did Queen perform in Allentown on 2 May 1974?,,,,Friars,false
Queen Quiz: Archive Explorer (Part 8),,At which venue did Queen perform in Allentown on 2 May 1974?,,,,Greyhound,false
Queen Quiz: Archive Explorer (Part 8),,At which venue did Queen perform in Allentown on 2 May 1974?,,,,Musikhalle,false
Queen Quiz: Archive Explorer (Part 9),"25 fresh questions on Queen concerts, milestones, songwriting and the band's wider story.","In which decade did this happen: Queen play the University of Dayton arena despite an unheated hall and cancelled flights, chartering a private plane to get there?",Queen Timeline,easy,1,1970s,true
Queen Quiz: Archive Explorer (Part 9),,"In which decade did this happen: Queen play the University of Dayton arena despite an unheated hall and cancelled flights, chartering a private plane to get there?",,,,1960s,false
Queen Quiz: Archive Explorer (Part 9),,"In which decade did this happen: Queen play the University of Dayton arena despite an unheated hall and cancelled flights, chartering a private plane to get there?",,,,2010s,false
Queen Quiz: Archive Explorer (Part 9),,"In which decade did this happen: Queen play the University of Dayton arena despite an unheated hall and cancelled flights, chartering a private plane to get there?",,,,1940s,false
Queen Quiz: Archive Explorer (Part 9),,"In which decade did this happen: The Works is released in the UK, entering the chart at number 2, with cover photography by Hollywood photographer George Hurrell?",Queen Timeline,easy,1,2010s,false
Queen Quiz: Archive Explorer (Part 9),,"In which decade did this happen: The Works is released in the UK, entering the chart at number 2, with cover photography by Hollywood photographer George Hurrell?",,,,1980s,true
Queen Quiz: Archive Explorer (Part 9),,"In which decade did this happen: The Works is released in the UK, entering the chart at number 2, with cover photography by Hollywood photographer George Hurrell?",,,,2000s,false
Queen Quiz: Archive Explorer (Part 9),,"In which decade did this happen: The Works is released in the UK, entering the chart at number 2, with cover photography by Hollywood photographer George Hurrell?",,,,1940s,false
Queen Quiz: Archive Explorer (Part 9),,"In which decade did this happen: The Game is released, going straight to UK number one?",Queen Timeline,easy,1,1940s,false
Queen Quiz: Archive Explorer (Part 9),,"In which decade did this happen: The Game is released, going straight to UK number one?",,,,2010s,false
Queen Quiz: Archive Explorer (Part 9),,"In which decade did this happen: The Game is released, going straight to UK number one?",,,,1980s,true
Queen Quiz: Archive Explorer (Part 9),,"In which decade did this happen: The Game is released, going straight to UK number one?",,,,1960s,false
Queen Quiz: Archive Explorer (Part 9),,In what year did this Queen-related event occur: Queen perform a charity concert with the Royal Philharmonic Orchestra and Royal Choral Society at the Royal Albert Hall in aid of leukaemia research?,Queen Timeline,medium,2,1982,false
Queen Quiz: Archive Explorer (Part 9),,In what year did this Queen-related event occur: Queen perform a charity concert with the Royal Philharmonic Orchestra and Royal Choral Society at the Royal Albert Hall in aid of leukaemia research?,,,,1984,false
Queen Quiz: Archive Explorer (Part 9),,In what year did this Queen-related event occur: Queen perform a charity concert with the Royal Philharmonic Orchestra and Royal Choral Society at the Royal Albert Hall in aid of leukaemia research?,,,,1980,false
Queen Quiz: Archive Explorer (Part 9),,In what year did this Queen-related event occur: Queen perform a charity concert with the Royal Philharmonic Orchestra and Royal Choral Society at the Royal Albert Hall in aid of leukaemia research?,,,,1981,true
Queen Quiz: Archive Explorer (Part 9),,In which country did Queen play at Maimarktgelände on 21 June 1986?,Concerts,medium,2,Germany,true
Queen Quiz: Archive Explorer (Part 9),,In which country did Queen play at Maimarktgelände on 21 June 1986?,,,,Ireland,false
Queen Quiz: Archive Explorer (Part 9),,In which country did Queen play at Maimarktgelände on 21 June 1986?,,,,Japan,false
Queen Quiz: Archive Explorer (Part 9),,In which country did Queen play at Maimarktgelände on 21 June 1986?,,,,Sweden,false
Queen Quiz: Archive Explorer (Part 9),,"In what year did this Queen-related event occur: John Deacon plays bass on 'Picking Up Sounds', a single by Man Friday and Jive Junior?",Queen Timeline,medium,2,1981,false
Queen Quiz: Archive Explorer (Part 9),,"In what year did this Queen-related event occur: John Deacon plays bass on 'Picking Up Sounds', a single by Man Friday and Jive Junior?",,,,1983,true
Queen Quiz: Archive Explorer (Part 9),,"In what year did this Queen-related event occur: John Deacon plays bass on 'Picking Up Sounds', a single by Man Friday and Jive Junior?",,,,1984,false
Queen Quiz: Archive Explorer (Part 9),,"In what year did this Queen-related event occur: John Deacon plays bass on 'Picking Up Sounds', a single by Man Friday and Jive Junior?",,,,1987,false
Queen Quiz: Archive Explorer (Part 9),,In what year did this Queen-related event occur: Roger and John undertake a promotional tour of Japan for The Works?,Queen Timeline,medium,2,1980,false
Queen Quiz: Archive Explorer (Part 9),,In what year did this Queen-related event occur: Roger and John undertake a promotional tour of Japan for The Works?,,,,1986,false
Queen Quiz: Archive Explorer (Part 9),,In what year did this Queen-related event occur: Roger and John undertake a promotional tour of Japan for The Works?,,,,1984,true
Queen Quiz: Archive Explorer (Part 9),,In what year did this Queen-related event occur: Roger and John undertake a promotional tour of Japan for The Works?,,,,1981,false
Queen Quiz: Archive Explorer (Part 9),,Which pair executive-produced the 2026 'Queen II' Collector's Edition?,Archive Releases,medium,2,Freddie Mercury and John Deacon,false
Queen Quiz: Archive Explorer (Part 9),,Which pair executive-produced the 2026 'Queen II' Collector's Edition?,,,,Roy Thomas Baker and Mick Rock,false
Queen Quiz: Archive Explorer (Part 9),,Which pair executive-produced the 2026 'Queen II' Collector's Edition?,,,,Jim Beach and Mike Stone,false
Queen Quiz: Archive Explorer (Part 9),,Which pair executive-produced the 2026 'Queen II' Collector's Edition?,,,,Brian May and Roger Taylor,true
Queen Quiz: Archive Explorer (Part 9),,In which country did Queen play at Coliseum on 7 November 1978?,Concerts,medium,2,USA,true
Queen Quiz: Archive Explorer (Part 9),,In which country did Queen play at Coliseum on 7 November 1978?,,,,Spain,false
Queen Quiz: Archive Explorer (Part 9),,In which country did Queen play at Coliseum on 7 November 1978?,,,,Brazil,false
Queen Quiz: Archive Explorer (Part 9),,In which country did Queen play at Coliseum on 7 November 1978?,,,,Yugoslavia,false
Queen Quiz: Archive Explorer (Part 9),,Which Queen member has the individual writing credit for 'It's a Hard Life'?,Songwriting,hard,3,Brian May,false
Queen Quiz: Archive Explorer (Part 9),,Which Queen member has the individual writing credit for 'It's a Hard Life'?,,,,Freddie Mercury,true
Queen Quiz: Archive Explorer (Part 9),,Which Queen member has the individual writing credit for 'It's a Hard Life'?,,,,Roger Taylor,false
Queen Quiz: Archive Explorer (Part 9),,Which Queen member has the individual writing credit for 'It's a Hard Life'?,,,,John Deacon,false
Queen Quiz: Archive Explorer (Part 9),,"In which month of 1974 did this happen: Fans rush the stage at the Liverpool Empire, forcing the safety curtain down?",Queen Timeline,hard,3,June,false
Queen Quiz: Archive Explorer (Part 9),,"In which month of 1974 did this happen: Fans rush the stage at the Liverpool Empire, forcing the safety curtain down?",,,,August,false
Queen Quiz: Archive Explorer (Part 9),,"In which month of 1974 did this happen: Fans rush the stage at the Liverpool Empire, forcing the safety curtain down?",,,,November,true
Queen Quiz: Archive Explorer (Part 9),,"In which month of 1974 did this happen: Fans rush the stage at the Liverpool Empire, forcing the safety curtain down?",,,,October,false
Queen Quiz: Archive Explorer (Part 9),,At which venue did Queen perform in London on 20 February 1971?,Concerts,hard,3,"Warrant Officer and Senior Rates Mess, RNAS Culdrose",false
Queen Quiz: Archive Explorer (Part 9),,At which venue did Queen perform in London on 20 February 1971?,,,,City Hall,false
Queen Quiz: Archive Explorer (Part 9),,At which venue did Queen perform in London on 20 February 1971?,,,,The Garden,false
Queen Quiz: Archive Explorer (Part 9),,At which venue did Queen perform in London on 20 February 1971?,,,,Kingston Polytechnic,true
Queen Quiz: Archive Explorer (Part 9),,Which city hosted Queen's 14 December 1975 show at Capitol?,Concerts,hard,3,Aberdeen,true
Queen Quiz: Archive Explorer (Part 9),,Which city hosted Queen's 14 December 1975 show at Capitol?,,,,Passaic,false
Queen Quiz: Archive Explorer (Part 9),,Which city hosted Queen's 14 December 1975 show at Capitol?,,,,Detroit,false
Queen Quiz: Archive Explorer (Part 9),,Which city hosted Queen's 14 December 1975 show at Capitol?,,,,Shizuoka,false
Queen Quiz: Archive Explorer (Part 9),,"In which month of 1970 did this happen: John sees Queen play (without realising their significance) at the College of Estate Management, Kensington?",Queen Timeline,hard,3,April,false
Queen Quiz: Archive Explorer (Part 9),,"In which month of 1970 did this happen: John sees Queen play (without realising their significance) at the College of Estate Management, Kensington?",,,,October,true
Queen Quiz: Archive Explorer (Part 9),,"In which month of 1970 did this happen: John sees Queen play (without realising their significance) at the College of Estate Management, Kensington?",,,,September,false
Queen Quiz: Archive Explorer (Part 9),,"In which month of 1970 did this happen: John sees Queen play (without realising their significance) at the College of Estate Management, Kensington?",,,,August,false
Queen Quiz: Archive Explorer (Part 9),,Which city hosted Queen's 7 February 1979 show at Tivoli Halle?,Concerts,hard,3,Rotterdam,false
Queen Quiz: Archive Explorer (Part 9),,Which city hosted Queen's 7 February 1979 show at Tivoli Halle?,,,,Madrid,false
Queen Quiz: Archive Explorer (Part 9),,Which city hosted Queen's 7 February 1979 show at Tivoli Halle?,,,,Ljubljana,true
Queen Quiz: Archive Explorer (Part 9),,Which city hosted Queen's 7 February 1979 show at Tivoli Halle?,,,,Zagreb,false
Queen Quiz: Archive Explorer (Part 9),,In what year did this Queen-related event occur: Queen instruct lawyer Jim Beach to begin negotiations to break free of their Trident contracts?,Queen Timeline,hard,3,1978,false
Queen Quiz: Archive Explorer (Part 9),,In what year did this Queen-related event occur: Queen instruct lawyer Jim Beach to begin negotiations to break free of their Trident contracts?,,,,1977,false
Queen Quiz: Archive Explorer (Part 9),,In what year did this Queen-related event occur: Queen instruct lawyer Jim Beach to begin negotiations to break free of their Trident contracts?,,,,1975,false
Queen Quiz: Archive Explorer (Part 9),,In what year did this Queen-related event occur: Queen instruct lawyer Jim Beach to begin negotiations to break free of their Trident contracts?,,,,1974,true
Queen Quiz: Archive Explorer (Part 9),,At which venue did Queen perform in Vienna on 12 May 1982?,Concerts,hard,3,Stadthalle,true
Queen Quiz: Archive Explorer (Part 9),,At which venue did Queen perform in Vienna on 12 May 1982?,,,,Kosusai Tenjijo,false
Queen Quiz: Archive Explorer (Part 9),,At which venue did Queen perform in Vienna on 12 May 1982?,,,,Eissporthalle,false
Queen Quiz: Archive Explorer (Part 9),,At which venue did Queen perform in Vienna on 12 May 1982?,,,,Hokkaidoritso Sangyo Kyoshinajaijo,false
Queen Quiz: Archive Explorer (Part 9),,Which city hosted Queen's 10 March 1972 show at King's College Medical School?,Concerts,hard,3,Edmonton,false
Queen Quiz: Archive Explorer (Part 9),,Which city hosted Queen's 10 March 1972 show at King's College Medical School?,,,,London,true
Queen Quiz: Archive Explorer (Part 9),,Which city hosted Queen's 10 March 1972 show at King's College Medical School?,,,,Providence,false
Queen Quiz: Archive Explorer (Part 9),,Which city hosted Queen's 10 March 1972 show at King's College Medical School?,,,,Cromer,false
Queen Quiz: Archive Explorer (Part 9),,At which London college were two August 1970 live performances featured on the 2024 'Queen I Live' disc recorded?,Archive Releases,hard,3,Ealing College of Art,false
Queen Quiz: Archive Explorer (Part 9),,At which London college were two August 1970 live performances featured on the 2024 'Queen I Live' disc recorded?,,,,Chelsea College,false
Queen Quiz: Archive Explorer (Part 9),,At which London college were two August 1970 live performances featured on the 2024 'Queen I Live' disc recorded?,,,,Imperial College,true
Queen Quiz: Archive Explorer (Part 9),,At which London college were two August 1970 live performances featured on the 2024 'Queen I Live' disc recorded?,,,,King's College,false
Queen Quiz: Archive Explorer (Part 9),,"Which composer wrote the 2002 Winter Olympics opening music 'The Fire Within', featuring Brian May on guitar?",Brian May,hard,3,Hans Zimmer,false
Queen Quiz: Archive Explorer (Part 9),,"Which composer wrote the 2002 Winter Olympics opening music 'The Fire Within', featuring Brian May on guitar?",,,,John Williams,false
Queen Quiz: Archive Explorer (Part 9),,"Which composer wrote the 2002 Winter Olympics opening music 'The Fire Within', featuring Brian May on guitar?",,,,Vangelis,false
Queen Quiz: Archive Explorer (Part 9),,"Which composer wrote the 2002 Winter Olympics opening music 'The Fire Within', featuring Brian May on guitar?",,,,Michael Kamen,true
Queen Quiz: Archive Explorer (Part 9),,Who engineered the original 'Queen II' album at Trident Studios?,Archive Releases,hard,3,Mike Stone,true
Queen Quiz: Archive Explorer (Part 9),,Who engineered the original 'Queen II' album at Trident Studios?,,,,Geoff Emerick,false
Queen Quiz: Archive Explorer (Part 9),,Who engineered the original 'Queen II' album at Trident Studios?,,,,Reinhold Mack,false
Queen Quiz: Archive Explorer (Part 9),,Who engineered the original 'Queen II' album at Trident Studios?,,,,David Richards,false
Queen Quiz: Archive Explorer (Part 9),,At which venue did Queen perform in Buffalo on 28 November 1978?,Concerts,hard,4,Falkoner Theatre,false
Queen Quiz: Archive Explorer (Part 9),,At which venue did Queen perform in Buffalo on 28 November 1978?,,,,War Memorial Auditorium,true
Queen Quiz: Archive Explorer (Part 9),,At which venue did Queen perform in Buffalo on 28 November 1978?,,,,Coliseum,false
Queen Quiz: Archive Explorer (Part 9),,At which venue did Queen perform in Buffalo on 28 November 1978?,,,,Empire Pool,false
Queen Quiz: Archive Explorer (Part 9),,At which venue did Queen perform in Zagreb on 6 February 1979?,Concerts,hard,4,Festival Hall,false
Queen Quiz: Archive Explorer (Part 9),,At which venue did Queen perform in Zagreb on 6 February 1979?,,,,Les Arenes,false
Queen Quiz: Archive Explorer (Part 9),,At which venue did Queen perform in Zagreb on 6 February 1979?,,,,Dom Sportova,true
Queen Quiz: Archive Explorer (Part 9),,At which venue did Queen perform in Zagreb on 6 February 1979?,,,,Alexandra Palace,false
Queen Quiz: Archive Explorer (Part 9),,At which venue did Queen perform in Canvey Island on 22 March 1974?,Concerts,hard,4,Woods Leisure Centre,false
Queen Quiz: Archive Explorer (Part 9),,At which venue did Queen perform in Canvey Island on 22 March 1974?,,,,Barbarella's,false
Queen Quiz: Archive Explorer (Part 9),,At which venue did Queen perform in Canvey Island on 22 March 1974?,,,,Guildhall,false
Queen Quiz: Archive Explorer (Part 9),,At which venue did Queen perform in Canvey Island on 22 March 1974?,,,,The Paddocks,true
Queen Quiz: Archive Explorer (Part 9),,At which venue did Queen perform in Charlotte on 13 August 1980?,Concerts,hard,4,Coliseum,true
Queen Quiz: Archive Explorer (Part 9),,At which venue did Queen perform in Charlotte on 13 August 1980?,,,,Forum,false
Queen Quiz: Archive Explorer (Part 9),,At which venue did Queen perform in Charlotte on 13 August 1980?,,,,Civic Centre,false
Queen Quiz: Archive Explorer (Part 9),,At which venue did Queen perform in Charlotte on 13 August 1980?,,,,Le Bourget La Rotonde,false
Queen Quiz: Archive Explorer (Part 10),"25 fresh questions on Queen concerts, milestones, songwriting and the band's wider story.","In which decade did this happen: Freddie slips and re-injures his knee ligaments on stage in Hannover during 'Hammer To Fall', finishing the show from a piano stool?",Queen Timeline,easy,1,1980s,true
Queen Quiz: Archive Explorer (Part 10),,"In which decade did this happen: Freddie slips and re-injures his knee ligaments on stage in Hannover during 'Hammer To Fall', finishing the show from a piano stool?",,,,2000s,false
Queen Quiz: Archive Explorer (Part 10),,"In which decade did this happen: Freddie slips and re-injures his knee ligaments on stage in Hannover during 'Hammer To Fall', finishing the show from a piano stool?",,,,1960s,false
Queen Quiz: Archive Explorer (Part 10),,"In which decade did this happen: Freddie slips and re-injures his knee ligaments on stage in Hannover during 'Hammer To Fall', finishing the show from a piano stool?",,,,1940s,false
Queen Quiz: Archive Explorer (Part 10),,"In which decade did this happen: Queen's North American tour concludes at the Inglewood Forum, Los Angeles?",Queen Timeline,easy,1,1970s,false
Queen Quiz: Archive Explorer (Part 10),,"In which decade did this happen: Queen's North American tour concludes at the Inglewood Forum, Los Angeles?",,,,1980s,true
Queen Quiz: Archive Explorer (Part 10),,"In which decade did this happen: Queen's North American tour concludes at the Inglewood Forum, Los Angeles?",,,,1940s,false
Queen Quiz: Archive Explorer (Part 10),,"In which decade did this happen: Queen's North American tour concludes at the Inglewood Forum, Los Angeles?",,,,2010s,false
Queen Quiz: Archive Explorer (Part 10),,Which Queen concert appearance forms the climax of the film 'Bohemian Rhapsody'?,Queen on Screen,easy,1,The Freddie Mercury Tribute Concert,false
Queen Quiz: Archive Explorer (Part 10),,Which Queen concert appearance forms the climax of the film 'Bohemian Rhapsody'?,,,,Rock in Rio,false
Queen Quiz: Archive Explorer (Part 10),,Which Queen concert appearance forms the climax of the film 'Bohemian Rhapsody'?,,,,Live Aid,true
Queen Quiz: Archive Explorer (Part 10),,Which Queen concert appearance forms the climax of the film 'Bohemian Rhapsody'?,,,,Hyde Park 1976,false
Queen Quiz: Archive Explorer (Part 10),,"In what year did this Queen-related event occur: Live In Rio home video is released in the UK, going straight to number one on the video chart?",Queen Timeline,medium,2,1989,false
Queen Quiz: Archive Explorer (Part 10),,"In what year did this Queen-related event occur: Live In Rio home video is released in the UK, going straight to number one on the video chart?",,,,1986,false
Queen Quiz: Archive Explorer (Part 10),,"In what year did this Queen-related event occur: Live In Rio home video is released in the UK, going straight to number one on the video chart?",,,,1982,false
Queen Quiz: Archive Explorer (Part 10),,"In what year did this Queen-related event occur: Live In Rio home video is released in the UK, going straight to number one on the video chart?",,,,1985,true
Queen Quiz: Archive Explorer (Part 10),,"In what year did this Queen-related event occur: Brian May's solo single 'Star Fleet', credited to Brian May and Friends, is released in the UK?",Queen Timeline,medium,2,1983,true
Queen Quiz: Archive Explorer (Part 10),,"In what year did this Queen-related event occur: Brian May's solo single 'Star Fleet', credited to Brian May and Friends, is released in the UK?",,,,1985,false
Queen Quiz: Archive Explorer (Part 10),,"In what year did this Queen-related event occur: Brian May's solo single 'Star Fleet', credited to Brian May and Friends, is released in the UK?",,,,1987,false
Queen Quiz: Archive Explorer (Part 10),,"In what year did this Queen-related event occur: Brian May's solo single 'Star Fleet', credited to Brian May and Friends, is released in the UK?",,,,1979,false
Queen Quiz: Archive Explorer (Part 10),,In which country did Queen play at Le Blow Up on 14 October 1973?,Concerts,medium,2,Denmark,false
Queen Quiz: Archive Explorer (Part 10),,In which country did Queen play at Le Blow Up on 14 October 1973?,,,,Luxembourg,true
Queen Quiz: Archive Explorer (Part 10),,In which country did Queen play at Le Blow Up on 14 October 1973?,,,,The Netherlands,false
Queen Quiz: Archive Explorer (Part 10),,In which country did Queen play at Le Blow Up on 14 October 1973?,,,,Mexico,false
Queen Quiz: Archive Explorer (Part 10),,In which country did Queen play at Congresscentrum on 13 May 1977?,Concerts,medium,2,UK,false
Queen Quiz: Archive Explorer (Part 10),,In which country did Queen play at Congresscentrum on 13 May 1977?,,,,France,false
Queen Quiz: Archive Explorer (Part 10),,In which country did Queen play at Congresscentrum on 13 May 1977?,,,,Germany,true
Queen Quiz: Archive Explorer (Part 10),,In which country did Queen play at Congresscentrum on 13 May 1977?,,,,Belgium,false
Queen Quiz: Archive Explorer (Part 10),,Which producer is credited alongside Queen on the original 'Queen II' album?,Archive Releases,medium,2,George Martin,false
Queen Quiz: Archive Explorer (Part 10),,Which producer is credited alongside Queen on the original 'Queen II' album?,,,,Reinhold Mack,false
Queen Quiz: Archive Explorer (Part 10),,Which producer is credited alongside Queen on the original 'Queen II' album?,,,,David Richards,false
Queen Quiz: Archive Explorer (Part 10),,Which producer is credited alongside Queen on the original 'Queen II' album?,,,,Roy Thomas Baker,true
Queen Quiz: Archive Explorer (Part 10),,Who portrayed John Deacon in the 2018 film 'Bohemian Rhapsody'?,Queen on Screen,medium,2,Joe Mazzello,true
Queen Quiz: Archive Explorer (Part 10),,Who portrayed John Deacon in the 2018 film 'Bohemian Rhapsody'?,,,,Ben Hardy,false
Queen Quiz: Archive Explorer (Part 10),,Who portrayed John Deacon in the 2018 film 'Bohemian Rhapsody'?,,,,Gwilym Lee,false
Queen Quiz: Archive Explorer (Part 10),,Who portrayed John Deacon in the 2018 film 'Bohemian Rhapsody'?,,,,Rami Malek,false
Queen Quiz: Archive Explorer (Part 10),,Which city hosted Queen's 27 May 1977 show at Gaumont?,Concerts,hard,3,College Park,false
Queen Quiz: Archive Explorer (Part 10),,Which city hosted Queen's 27 May 1977 show at Gaumont?,,,,Southampton,true
Queen Quiz: Archive Explorer (Part 10),,Which city hosted Queen's 27 May 1977 show at Gaumont?,,,,Las Vegas,false
Queen Quiz: Archive Explorer (Part 10),,Which city hosted Queen's 27 May 1977 show at Gaumont?,,,,Fort Worth,false
Queen Quiz: Archive Explorer (Part 10),,Which Queen member has the individual writing credit for 'Gimme the Prize (Kurgan's Theme)'?,Songwriting,hard,3,Freddie Mercury,false
Queen Quiz: Archive Explorer (Part 10),,Which Queen member has the individual writing credit for 'Gimme the Prize (Kurgan's Theme)'?,,,,Roger Taylor,false
Queen Quiz: Archive Explorer (Part 10),,Which Queen member has the individual writing credit for 'Gimme the Prize (Kurgan's Theme)'?,,,,Brian May,true
Queen Quiz: Archive Explorer (Part 10),,Which Queen member has the individual writing credit for 'Gimme the Prize (Kurgan's Theme)'?,,,,John Deacon,false
Queen Quiz: Archive Explorer (Part 10),,Which Queen member's 1989 'Breakthru' video-set interview is described as his last in the 2022 'Miracle' release notes?,Archive Releases,hard,3,Brian May,false
Queen Quiz: Archive Explorer (Part 10),,Which Queen member's 1989 'Breakthru' video-set interview is described as his last in the 2022 'Miracle' release notes?,,,,Roger Taylor,false
Queen Quiz: Archive Explorer (Part 10),,Which Queen member's 1989 'Breakthru' video-set interview is described as his last in the 2022 'Miracle' release notes?,,,,Freddie Mercury,false
Queen Quiz: Archive Explorer (Part 10),,Which Queen member's 1989 'Breakthru' video-set interview is described as his last in the 2022 'Miracle' release notes?,,,,John Deacon,true
Queen Quiz: Archive Explorer (Part 10),,Which Queen member has the individual writing credit for 'Tie Your Mother Down'?,Songwriting,hard,3,Brian May,true
Queen Quiz: Archive Explorer (Part 10),,Which Queen member has the individual writing credit for 'Tie Your Mother Down'?,,,,Freddie Mercury,false
Queen Quiz: Archive Explorer (Part 10),,Which Queen member has the individual writing credit for 'Tie Your Mother Down'?,,,,Roger Taylor,false
Queen Quiz: Archive Explorer (Part 10),,Which Queen member has the individual writing credit for 'Tie Your Mother Down'?,,,,John Deacon,false
Queen Quiz: Archive Explorer (Part 10),,"In which month of 1977 did this happen: Queen close a three-night run at the Los Angeles Forum with an elaborate Christmas-themed encore featuring dancers, John Reid as an elf, and Father Christmas?",Queen Timeline,hard,3,May,false
Queen Quiz: Archive Explorer (Part 10),,"In which month of 1977 did this happen: Queen close a three-night run at the Los Angeles Forum with an elaborate Christmas-themed encore featuring dancers, John Reid as an elf, and Father Christmas?",,,,December,true
Queen Quiz: Archive Explorer (Part 10),,"In which month of 1977 did this happen: Queen close a three-night run at the Los Angeles Forum with an elaborate Christmas-themed encore featuring dancers, John Reid as an elf, and Father Christmas?",,,,October,false
Queen Quiz: Archive Explorer (Part 10),,"In which month of 1977 did this happen: Queen close a three-night run at the Los Angeles Forum with an elaborate Christmas-themed encore featuring dancers, John Reid as an elf, and Father Christmas?",,,,September,false
Queen Quiz: Archive Explorer (Part 10),,"In which month of 1978 did this happen: EMI releases Jazz, Queen's seventh album, with its title and cover inspired by graffiti Roger spotted on the Berlin Wall?",Queen Timeline,hard,3,March,false
Queen Quiz: Archive Explorer (Part 10),,"In which month of 1978 did this happen: EMI releases Jazz, Queen's seventh album, with its title and cover inspired by graffiti Roger spotted on the Berlin Wall?",,,,June,false
Queen Quiz: Archive Explorer (Part 10),,"In which month of 1978 did this happen: EMI releases Jazz, Queen's seventh album, with its title and cover inspired by graffiti Roger spotted on the Berlin Wall?",,,,November,true
Queen Quiz: Archive Explorer (Part 10),,"In which month of 1978 did this happen: EMI releases Jazz, Queen's seventh album, with its title and cover inspired by graffiti Roger spotted on the Berlin Wall?",,,,September,false
Queen Quiz: Archive Explorer (Part 10),,At which venue did Queen perform in Philadelphia on 31 January 1976?,Concerts,hard,3,Beacon Theatre,false
Queen Quiz: Archive Explorer (Part 10),,At which venue did Queen perform in Philadelphia on 31 January 1976?,,,,Riverfront Coliseum,false
Queen Quiz: Archive Explorer (Part 10),,At which venue did Queen perform in Philadelphia on 31 January 1976?,,,,Civic Centre,false
Queen Quiz: Archive Explorer (Part 10),,At which venue did Queen perform in Philadelphia on 31 January 1976?,,,,Tower Theatre,true
Queen Quiz: Archive Explorer (Part 10),,Which city hosted Queen's 1 September 1976 show at Playhouse Theatre?,Concerts,hard,3,Edinburgh,true
Queen Quiz: Archive Explorer (Part 10),,Which city hosted Queen's 1 September 1976 show at Playhouse Theatre?,,,,Adelaide,false
Queen Quiz: Archive Explorer (Part 10),,Which city hosted Queen's 1 September 1976 show at Playhouse Theatre?,,,,Indianapolis,false
Queen Quiz: Archive Explorer (Part 10),,Which city hosted Queen's 1 September 1976 show at Playhouse Theatre?,,,,Cincinnati,false
Queen Quiz: Archive Explorer (Part 10),,Whose 'Hit Parade' radio programme did young John Deacon record on a reel-to-reel tape deck?,John Deacon,hard,3,John Peel's,false
Queen Quiz: Archive Explorer (Part 10),,Whose 'Hit Parade' radio programme did young John Deacon record on a reel-to-reel tape deck?,,,,Alan Freeman's,true
Queen Quiz: Archive Explorer (Part 10),,Whose 'Hit Parade' radio programme did young John Deacon record on a reel-to-reel tape deck?,,,,Tony Blackburn's,false
Queen Quiz: Archive Explorer (Part 10),,Whose 'Hit Parade' radio programme did young John Deacon record on a reel-to-reel tape deck?,,,,Kenny Everett's,false
Queen Quiz: Archive Explorer (Part 10),,Which Queen member has the individual writing credit for 'The Fairy Feller's Master-Stroke'?,Songwriting,hard,3,Brian May,false
Queen Quiz: Archive Explorer (Part 10),,Which Queen member has the individual writing credit for 'The Fairy Feller's Master-Stroke'?,,,,Roger Taylor,false
Queen Quiz: Archive Explorer (Part 10),,Which Queen member has the individual writing credit for 'The Fairy Feller's Master-Stroke'?,,,,Freddie Mercury,true
Queen Quiz: Archive Explorer (Part 10),,Which Queen member has the individual writing credit for 'The Fairy Feller's Master-Stroke'?,,,,John Deacon,false
Queen Quiz: Archive Explorer (Part 10),,At which venue did Queen perform in Munich on 18 December 1980?,Concerts,hard,3,Wembley Arena,false
Queen Quiz: Archive Explorer (Part 10),,At which venue did Queen perform in Munich on 18 December 1980?,,,,Coliseum,false
Queen Quiz: Archive Explorer (Part 10),,At which venue did Queen perform in Munich on 18 December 1980?,,,,Compton Terrace,false
Queen Quiz: Archive Explorer (Part 10),,At which venue did Queen perform in Munich on 18 December 1980?,,,,Olympiahalle,true
Queen Quiz: Archive Explorer (Part 10),,In what year did this Queen-related event occur: Freddie leaves Wreckage after feeling the band wasn't progressing?,Queen Timeline,hard,3,1970,true
Queen Quiz: Archive Explorer (Part 10),,In what year did this Queen-related event occur: Freddie leaves Wreckage after feeling the band wasn't progressing?,,,,1973,false
Queen Quiz: Archive Explorer (Part 10),,In what year did this Queen-related event occur: Freddie leaves Wreckage after feeling the band wasn't progressing?,,,,1966,false
Queen Quiz: Archive Explorer (Part 10),,In what year did this Queen-related event occur: Freddie leaves Wreckage after feeling the band wasn't progressing?,,,,1971,false
Queen Quiz: Archive Explorer (Part 10),,What happened in Queen's story on 16 October 1970?,Queen Timeline,hard,4,"Freddie, Brian and Roger agree on the name Queen and begin life as a band",false
Queen Quiz: Archive Explorer (Part 10),,What happened in Queen's story on 16 October 1970?,,,,"Queen play the College of Estate Management, Kensington, to a friendly audience of about 80",true
Queen Quiz: Archive Explorer (Part 10),,What happened in Queen's story on 16 October 1970?,,,,"Tim Staffell leaves Brian and Roger, ending Smile",false
Queen Quiz: Archive Explorer (Part 10),,What happened in Queen's story on 16 October 1970?,,,,Freddie leaves Wreckage after feeling the band wasn't progressing,false
Queen Quiz: Archive Explorer (Part 10),,At which venue did Queen perform in Penzance on 17 July 1971?,Concerts,hard,4,Driftwood Spars,false
Queen Quiz: Archive Explorer (Part 10),,At which venue did Queen perform in Penzance on 17 July 1971?,,,,Town Hall,false
Queen Quiz: Archive Explorer (Part 10),,At which venue did Queen perform in Penzance on 17 July 1971?,,,,The Garden,true
Queen Quiz: Archive Explorer (Part 10),,At which venue did Queen perform in Penzance on 17 July 1971?,,,,Technical College,false
Queen Quiz: Archive Explorer (Part 10),,At which venue did Queen perform in Cheltenham on 7 December 1973?,Concerts,hard,4,Le Blow Up,false
Queen Quiz: Archive Explorer (Part 10),,At which venue did Queen perform in Cheltenham on 7 December 1973?,,,,Civic,false
Queen Quiz: Archive Explorer (Part 10),,At which venue did Queen perform in Cheltenham on 7 December 1973?,,,,Opera House,false
Queen Quiz: Archive Explorer (Part 10),,At which venue did Queen perform in Cheltenham on 7 December 1973?,,,,Shaftesbury Hall,true
Queen Quiz: Archive Explorer (Part 10),,What happened in Queen's story on 13 July 1973?,Queen Timeline,hard,4,EMI releases Queen's self-titled debut album in the UK,true
Queen Quiz: Archive Explorer (Part 10),,What happened in Queen's story on 13 July 1973?,,,,"Queen play a special Marquee showcase for Elektra's Jack Holsten, who is won over despite a half-empty room",false
Queen Quiz: Archive Explorer (Part 10),,What happened in Queen's story on 13 July 1973?,,,,"Queen sign their first recording contract, with EMI Records Ltd, covering the UK and Europe",false
Queen Quiz: Archive Explorer (Part 10),,What happened in Queen's story on 13 July 1973?,,,,"Queen begin recording their second album at Trident Studios, this time as a main booked act",false
Queen Quiz: Archive Explorer (Part 11),"25 fresh questions on Queen concerts, milestones, songwriting and the band's wider story.",On which Queen studio song did Freddie Mercury play rhythm acoustic guitar?,Freddie Mercury,easy,1,Crazy Little Thing Called Love,true
Queen Quiz: Archive Explorer (Part 11),,On which Queen studio song did Freddie Mercury play rhythm acoustic guitar?,,,,Killer Queen,false
Queen Quiz: Archive Explorer (Part 11),,On which Queen studio song did Freddie Mercury play rhythm acoustic guitar?,,,,Another One Bites the Dust,false
Queen Quiz: Archive Explorer (Part 11),,On which Queen studio song did Freddie Mercury play rhythm acoustic guitar?,,,,We Are the Champions,false
Queen Quiz: Archive Explorer (Part 11),,"In which decade did this happen: Queen headline the Ludwigparkstadion festival in Saarbrucken, Germany, to a record crowd of 30,000; Roger's hair-bleaching mishap turns his hair green just before the show?",Queen Timeline,easy,1,2000s,false
Queen Quiz: Archive Explorer (Part 11),,"In which decade did this happen: Queen headline the Ludwigparkstadion festival in Saarbrucken, Germany, to a record crowd of 30,000; Roger's hair-bleaching mishap turns his hair green just before the show?",,,,1970s,true
Queen Quiz: Archive Explorer (Part 11),,"In which decade did this happen: Queen headline the Ludwigparkstadion festival in Saarbrucken, Germany, to a record crowd of 30,000; Roger's hair-bleaching mishap turns his hair green just before the show?",,,,1960s,false
Queen Quiz: Archive Explorer (Part 11),,"In which decade did this happen: Queen headline the Ludwigparkstadion festival in Saarbrucken, Germany, to a record crowd of 30,000; Roger's hair-bleaching mishap turns his hair green just before the show?",,,,1940s,false
Queen Quiz: Archive Explorer (Part 11),,Who portrayed Freddie Mercury in the 2018 film 'Bohemian Rhapsody'?,Queen on Screen,easy,1,Taron Egerton,false
Queen Quiz: Archive Explorer (Part 11),,Who portrayed Freddie Mercury in the 2018 film 'Bohemian Rhapsody'?,,,,Gwilym Lee,false
Queen Quiz: Archive Explorer (Part 11),,Who portrayed Freddie Mercury in the 2018 film 'Bohemian Rhapsody'?,,,,Rami Malek,true
Queen Quiz: Archive Explorer (Part 11),,Who portrayed Freddie Mercury in the 2018 film 'Bohemian Rhapsody'?,,,,Sacha Baron Cohen,false
Queen Quiz: Archive Explorer (Part 11),,In which country did Queen play at Pabellon De Real Madrid on 22 February 1979?,Concerts,medium,2,Argentina,false
Queen Quiz: Archive Explorer (Part 11),,In which country did Queen play at Pabellon De Real Madrid on 22 February 1979?,,,,Sweden,false
Queen Quiz: Archive Explorer (Part 11),,In which country did Queen play at Pabellon De Real Madrid on 22 February 1979?,,,,Japan,false
Queen Quiz: Archive Explorer (Part 11),,In which country did Queen play at Pabellon De Real Madrid on 22 February 1979?,,,,Spain,true
Queen Quiz: Archive Explorer (Part 11),,"In what year did this Queen-related event occur: Brian records a Rod Stewart 'Sailing' cover, released as 'Rock Against Repatriation', to aid Vietnamese boat people?",Queen Timeline,medium,2,1990,true
Queen Quiz: Archive Explorer (Part 11),,"In what year did this Queen-related event occur: Brian records a Rod Stewart 'Sailing' cover, released as 'Rock Against Repatriation', to aid Vietnamese boat people?",,,,1992,false
Queen Quiz: Archive Explorer (Part 11),,"In what year did this Queen-related event occur: Brian records a Rod Stewart 'Sailing' cover, released as 'Rock Against Repatriation', to aid Vietnamese boat people?",,,,1994,false
Queen Quiz: Archive Explorer (Part 11),,"In what year did this Queen-related event occur: Brian records a Rod Stewart 'Sailing' cover, released as 'Rock Against Repatriation', to aid Vietnamese boat people?",,,,1993,false
Queen Quiz: Archive Explorer (Part 11),,In which country did Queen play at Kyuden Auditorium on 19 October 1982?,Concerts,medium,2,Argentina,false
Queen Quiz: Archive Explorer (Part 11),,In which country did Queen play at Kyuden Auditorium on 19 October 1982?,,,,Japan,true
Queen Quiz: Archive Explorer (Part 11),,In which country did Queen play at Kyuden Auditorium on 19 October 1982?,,,,USA,false
Queen Quiz: Archive Explorer (Part 11),,In which country did Queen play at Kyuden Auditorium on 19 October 1982?,,,,Italy,false
Queen Quiz: Archive Explorer (Part 11),,"In what year did this Queen-related event occur: Brian and John perform at the Prince's Trust Gala Concert at the Royal Albert Hall alongside Eric Clapton, Elton John, Joe Cocker and others?",Queen Timeline,medium,2,1986,false
Queen Quiz: Archive Explorer (Part 11),,"In what year did this Queen-related event occur: Brian and John perform at the Prince's Trust Gala Concert at the Royal Albert Hall alongside Eric Clapton, Elton John, Joe Cocker and others?",,,,1985,false
Queen Quiz: Archive Explorer (Part 11),,"In what year did this Queen-related event occur: Brian and John perform at the Prince's Trust Gala Concert at the Royal Albert Hall alongside Eric Clapton, Elton John, Joe Cocker and others?",,,,1988,true
Queen Quiz: Archive Explorer (Part 11),,"In what year did this Queen-related event occur: Brian and John perform at the Prince's Trust Gala Concert at the Royal Albert Hall alongside Eric Clapton, Elton John, Joe Cocker and others?",,,,1987,false
Queen Quiz: Archive Explorer (Part 11),,In what year did this Queen-related event occur: John Deacon records a song with Hot Chocolate singer Errol Brown?,Queen Timeline,medium,2,1989,false
Queen Quiz: Archive Explorer (Part 11),,In what year did this Queen-related event occur: John Deacon records a song with Hot Chocolate singer Errol Brown?,,,,1982,false
Queen Quiz: Archive Explorer (Part 11),,In what year did this Queen-related event occur: John Deacon records a song with Hot Chocolate singer Errol Brown?,,,,1990,false
Queen Quiz: Archive Explorer (Part 11),,In what year did this Queen-related event occur: John Deacon records a song with Hot Chocolate singer Errol Brown?,,,,1986,true
Queen Quiz: Archive Explorer (Part 11),,In what year did this Queen-related event occur: A BBC poll seeks the 'Best British Queen Song'?,Queen Timeline,medium,2,1989,true
Queen Quiz: Archive Explorer (Part 11),,In what year did this Queen-related event occur: A BBC poll seeks the 'Best British Queen Song'?,,,,1993,false
Queen Quiz: Archive Explorer (Part 11),,In what year did this Queen-related event occur: A BBC poll seeks the 'Best British Queen Song'?,,,,1991,false
Queen Quiz: Archive Explorer (Part 11),,In what year did this Queen-related event occur: A BBC poll seeks the 'Best British Queen Song'?,,,,1992,false
Queen Quiz: Archive Explorer (Part 11),,"In which month of 1971 did this happen: Queen play a poor-acoustic gig at a swimming baths in Epsom, supporting Arthur Brown's Kingdom Come?",Queen Timeline,hard,3,July,false
Queen Quiz: Archive Explorer (Part 11),,"In which month of 1971 did this happen: Queen play a poor-acoustic gig at a swimming baths in Epsom, supporting Arthur Brown's Kingdom Come?",,,,December,true
Queen Quiz: Archive Explorer (Part 11),,"In which month of 1971 did this happen: Queen play a poor-acoustic gig at a swimming baths in Epsom, supporting Arthur Brown's Kingdom Come?",,,,August,false
Queen Quiz: Archive Explorer (Part 11),,"In which month of 1971 did this happen: Queen play a poor-acoustic gig at a swimming baths in Epsom, supporting Arthur Brown's Kingdom Come?",,,,November,false
Queen Quiz: Archive Explorer (Part 11),,"In what year did this Queen-related event occur: Freddie charters a private plane (which lands on one engine after a mid-flight fault) to fly London friends to his 41st birthday party at Pykes Hotel, Ibiza?",Queen Timeline,hard,3,1989,false
Queen Quiz: Archive Explorer (Part 11),,"In what year did this Queen-related event occur: Freddie charters a private plane (which lands on one engine after a mid-flight fault) to fly London friends to his 41st birthday party at Pykes Hotel, Ibiza?",,,,1984,false
Queen Quiz: Archive Explorer (Part 11),,"In what year did this Queen-related event occur: Freddie charters a private plane (which lands on one engine after a mid-flight fault) to fly London friends to his 41st birthday party at Pykes Hotel, Ibiza?",,,,1987,true
Queen Quiz: Archive Explorer (Part 11),,"In what year did this Queen-related event occur: Freddie charters a private plane (which lands on one engine after a mid-flight fault) to fly London friends to his 41st birthday party at Pykes Hotel, Ibiza?",,,,1991,false
Queen Quiz: Archive Explorer (Part 11),,"In what year did this Queen-related event occur: Disillusioned with Liverpool, Freddie and Mike Bersin head back to London, ending Freddie's time in Ibex?",Queen Timeline,hard,3,1966,false
Queen Quiz: Archive Explorer (Part 11),,"In what year did this Queen-related event occur: Disillusioned with Liverpool, Freddie and Mike Bersin head back to London, ending Freddie's time in Ibex?",,,,1971,false
Queen Quiz: Archive Explorer (Part 11),,"In what year did this Queen-related event occur: Disillusioned with Liverpool, Freddie and Mike Bersin head back to London, ending Freddie's time in Ibex?",,,,1965,false
Queen Quiz: Archive Explorer (Part 11),,"In what year did this Queen-related event occur: Disillusioned with Liverpool, Freddie and Mike Bersin head back to London, ending Freddie's time in Ibex?",,,,1969,true
Queen Quiz: Archive Explorer (Part 11),,Which Queen member has the individual writing credit for 'She Makes Me (Stormtrooper in Stilettoes)'?,Songwriting,hard,3,Brian May,true
Queen Quiz: Archive Explorer (Part 11),,Which Queen member has the individual writing credit for 'She Makes Me (Stormtrooper in Stilettoes)'?,,,,Freddie Mercury,false
Queen Quiz: Archive Explorer (Part 11),,Which Queen member has the individual writing credit for 'She Makes Me (Stormtrooper in Stilettoes)'?,,,,Roger Taylor,false
Queen Quiz: Archive Explorer (Part 11),,Which Queen member has the individual writing credit for 'She Makes Me (Stormtrooper in Stilettoes)'?,,,,John Deacon,false
Queen Quiz: Archive Explorer (Part 11),,Which Queen member has the individual writing credit for 'Good Company'?,Songwriting,hard,3,Freddie Mercury,false
Queen Quiz: Archive Explorer (Part 11),,Which Queen member has the individual writing credit for 'Good Company'?,,,,Brian May,true
Queen Quiz: Archive Explorer (Part 11),,Which Queen member has the individual writing credit for 'Good Company'?,,,,Roger Taylor,false
Queen Quiz: Archive Explorer (Part 11),,Which Queen member has the individual writing credit for 'Good Company'?,,,,John Deacon,false
Queen Quiz: Archive Explorer (Part 11),,Which city hosted Queen's 4 February 1979 show at Hallenstadium?,Concerts,hard,3,Kobe,false
Queen Quiz: Archive Explorer (Part 11),,Which city hosted Queen's 4 February 1979 show at Hallenstadium?,,,,Boblingen,false
Queen Quiz: Archive Explorer (Part 11),,Which city hosted Queen's 4 February 1979 show at Hallenstadium?,,,,Zurich,true
Queen Quiz: Archive Explorer (Part 11),,Which city hosted Queen's 4 February 1979 show at Hallenstadium?,,,,Zagreb,false
Queen Quiz: Archive Explorer (Part 11),,"In which month of 1977 did this happen: 'Teo Torriatte', written by Brian with Japanese lyrics, is released as a single in Japan only?",Queen Timeline,hard,3,January,false
Queen Quiz: Archive Explorer (Part 11),,"In which month of 1977 did this happen: 'Teo Torriatte', written by Brian with Japanese lyrics, is released as a single in Japan only?",,,,August,false
Queen Quiz: Archive Explorer (Part 11),,"In which month of 1977 did this happen: 'Teo Torriatte', written by Brian with Japanese lyrics, is released as a single in Japan only?",,,,May,false
Queen Quiz: Archive Explorer (Part 11),,"In which month of 1977 did this happen: 'Teo Torriatte', written by Brian with Japanese lyrics, is released as a single in Japan only?",,,,March,true
Queen Quiz: Archive Explorer (Part 11),,Which city hosted Queen's 21 April 1979 show at Practica Ethics Commemor. Hall?,Concerts,hard,3,Kanazawa,true
Queen Quiz: Archive Explorer (Part 11),,Which city hosted Queen's 21 April 1979 show at Practica Ethics Commemor. Hall?,,,,Yamaguchi,false
Queen Quiz: Archive Explorer (Part 11),,Which city hosted Queen's 21 April 1979 show at Practica Ethics Commemor. Hall?,,,,Manchester,false
Queen Quiz: Archive Explorer (Part 11),,Which city hosted Queen's 21 April 1979 show at Practica Ethics Commemor. Hall?,,,,Zagreb,false
Queen Quiz: Archive Explorer (Part 11),,Which city hosted Queen's 27 September 1984 show at Schleyerhalle?,Concerts,hard,3,Milan,false
Queen Quiz: Archive Explorer (Part 11),,Which city hosted Queen's 27 September 1984 show at Schleyerhalle?,,,,Stuttgart,true
Queen Quiz: Archive Explorer (Part 11),,Which city hosted Queen's 27 September 1984 show at Schleyerhalle?,,,,Paris,false
Queen Quiz: Archive Explorer (Part 11),,Which city hosted Queen's 27 September 1984 show at Schleyerhalle?,,,,Hanover,false
Queen Quiz: Archive Explorer (Part 11),,Which city hosted Queen's 2 December 1973 show at Central?,Concerts,hard,3,Hanley,false
Queen Quiz: Archive Explorer (Part 11),,Which city hosted Queen's 2 December 1973 show at Central?,,,,Newcastle,false
Queen Quiz: Archive Explorer (Part 11),,Which city hosted Queen's 2 December 1973 show at Central?,,,,Chatham,true
Queen Quiz: Archive Explorer (Part 11),,Which city hosted Queen's 2 December 1973 show at Central?,,,,Blackburn,false
Queen Quiz: Archive Explorer (Part 11),,At which venue did Queen perform in Providence on 10 February 1977?,Concerts,hard,3,Paramount,false
Queen Quiz: Archive Explorer (Part 11),,At which venue did Queen perform in Providence on 10 February 1977?,,,,SMU Moody Coliseum,false
Queen Quiz: Archive Explorer (Part 11),,At which venue did Queen perform in Providence on 10 February 1977?,,,,Hippodrome,false
Queen Quiz: Archive Explorer (Part 11),,At which venue did Queen perform in Providence on 10 February 1977?,,,,Civic Centre,true
Queen Quiz: Archive Explorer (Part 11),,Which city hosted Queen's 10 May 1977 show at Scandinavium?,Concerts,hard,3,Gothenburg,true
Queen Quiz: Archive Explorer (Part 11),,Which city hosted Queen's 10 May 1977 show at Scandinavium?,,,,Calgary,false
Queen Quiz: Archive Explorer (Part 11),,Which city hosted Queen's 10 May 1977 show at Scandinavium?,,,,Norfolk,false
Queen Quiz: Archive Explorer (Part 11),,Which city hosted Queen's 10 May 1977 show at Scandinavium?,,,,Detroit,false
Queen Quiz: Archive Explorer (Part 11),,What happened in Queen's story on 19 November 1974?,Queen Timeline,hard,4,"Queen, Mott the Hoople and Aerosmith play the Harrisburg Farm Arena, a converted cowshed; Brian and Aerosmith's Joe Perry bond over Jack Daniel's while arguing over set order",false
Queen Quiz: Archive Explorer (Part 11),,What happened in Queen's story on 19 November 1974?,,,,Queen's sold-out Rainbow Theatre London date is filmed in full over two nights (a second added due to demand),true
Queen Quiz: Archive Explorer (Part 11),,What happened in Queen's story on 19 November 1974?,,,,"Queen II is released in the UK, marking the first Queen sleeve to feature a black side and a white side instead of A/B",false
Queen Quiz: Archive Explorer (Part 11),,What happened in Queen's story on 19 November 1974?,,,,"Queen record a special backing track for Top of the Pops using time loaned by Pete Townshend, ahead of a last-minute booking",false
Queen Quiz: Archive Explorer (Part 11),,What happened in Queen's story on 7 March 1966?,Queen Timeline,hard,4,"Freddie begins a graphic illustrating course at Ealing College of Art, where he meets fellow student Tim Staffell",false
Queen Quiz: Archive Explorer (Part 11),,What happened in Queen's story on 7 March 1966?,,,,"John buys his first bass guitar, an EKO, for £22, taking over from departing bassist Clive Castledine",false
Queen Quiz: Archive Explorer (Part 11),,What happened in Queen's story on 7 March 1966?,,,,Reaction win the Rock and Rhythm Championship with Roger on lead vocals,true
Queen Quiz: Archive Explorer (Part 11),,What happened in Queen's story on 7 March 1966?,,,,Freddie leaves Isleworth with a grade A Art A level,false
Queen Quiz: Archive Explorer (Part 11),,Which song appears on the 2024 'Queen I Live' disc in a March 1976 San Diego performance?,Archive Releases,hard,4,White Queen,false
Queen Quiz: Archive Explorer (Part 11),,Which song appears on the 2024 'Queen I Live' disc in a March 1976 San Diego performance?,,,,Brighton Rock,false
Queen Quiz: Archive Explorer (Part 11),,Which song appears on the 2024 'Queen I Live' disc in a March 1976 San Diego performance?,,,,Teo Torriatte,false
Queen Quiz: Archive Explorer (Part 11),,Which song appears on the 2024 'Queen I Live' disc in a March 1976 San Diego performance?,,,,Hangman,true
Queen Quiz: Archive Explorer (Part 11),,At which venue did Queen perform in Copenhagen on 12 May 1977?,Concerts,hard,4,Broendby Hall,true
Queen Quiz: Archive Explorer (Part 11),,At which venue did Queen perform in Copenhagen on 12 May 1977?,,,,Sports Arena,false
Queen Quiz: Archive Explorer (Part 11),,At which venue did Queen perform in Copenhagen on 12 May 1977?,,,,Northlands Arena,false
Queen Quiz: Archive Explorer (Part 11),,At which venue did Queen perform in Copenhagen on 12 May 1977?,,,,Phillipshalle,false
Queen Quiz: Archive Explorer (Part 12),"25 fresh questions on Queen concerts, milestones, songwriting and the band's wider story.",In which decade did this happen: Queen and Mott play six sold-out nights at New York's Uris Theater on Broadway - the venue's first-ever rock concerts?,Queen Timeline,easy,1,1970s,true
Queen Quiz: Archive Explorer (Part 12),,In which decade did this happen: Queen and Mott play six sold-out nights at New York's Uris Theater on Broadway - the venue's first-ever rock concerts?,,,,1980s,false
Queen Quiz: Archive Explorer (Part 12),,In which decade did this happen: Queen and Mott play six sold-out nights at New York's Uris Theater on Broadway - the venue's first-ever rock concerts?,,,,1950s,false
Queen Quiz: Archive Explorer (Part 12),,In which decade did this happen: Queen and Mott play six sold-out nights at New York's Uris Theater on Broadway - the venue's first-ever rock concerts?,,,,1960s,false
Queen Quiz: Archive Explorer (Part 12),,In which decade did this happen: Queen play their first London date of the tour at Wembley Arena; Freddie dons false breasts for the encore?,Queen Timeline,easy,1,1990s,false
Queen Quiz: Archive Explorer (Part 12),,In which decade did this happen: Queen play their first London date of the tour at Wembley Arena; Freddie dons false breasts for the encore?,,,,1980s,true
Queen Quiz: Archive Explorer (Part 12),,In which decade did this happen: Queen play their first London date of the tour at Wembley Arena; Freddie dons false breasts for the encore?,,,,2010s,false
Queen Quiz: Archive Explorer (Part 12),,In which decade did this happen: Queen play their first London date of the tour at Wembley Arena; Freddie dons false breasts for the encore?,,,,1950s,false
Queen Quiz: Archive Explorer (Part 12),,In which decade did this happen: Queen depart for Rio de Janeiro to headline the first Rock in Rio festival?,Queen Timeline,easy,1,1990s,false
Queen Quiz: Archive Explorer (Part 12),,In which decade did this happen: Queen depart for Rio de Janeiro to headline the first Rock in Rio festival?,,,,2000s,false
Queen Quiz: Archive Explorer (Part 12),,In which decade did this happen: Queen depart for Rio de Janeiro to headline the first Rock in Rio festival?,,,,1980s,true
Queen Quiz: Archive Explorer (Part 12),,In which decade did this happen: Queen depart for Rio de Janeiro to headline the first Rock in Rio festival?,,,,1960s,false
Queen Quiz: Archive Explorer (Part 12),,Who portrayed Mary Austin in the 2018 film 'Bohemian Rhapsody'?,Queen on Screen,medium,2,Aidan Gillen,false
Queen Quiz: Archive Explorer (Part 12),,Who portrayed Mary Austin in the 2018 film 'Bohemian Rhapsody'?,,,,Michelle Duncan,false
Queen Quiz: Archive Explorer (Part 12),,Who portrayed Mary Austin in the 2018 film 'Bohemian Rhapsody'?,,,,Gemma Arterton,false
Queen Quiz: Archive Explorer (Part 12),,Who portrayed Mary Austin in the 2018 film 'Bohemian Rhapsody'?,,,,Lucy Boynton,true
Queen Quiz: Archive Explorer (Part 12),,In what year did this Queen-related event occur: Queen fly to Hamburg to begin their biggest European tour yet - 28 dates?,Queen Timeline,medium,2,1979,true
Queen Quiz: Archive Explorer (Part 12),,In what year did this Queen-related event occur: Queen fly to Hamburg to begin their biggest European tour yet - 28 dates?,,,,1980,false
Queen Quiz: Archive Explorer (Part 12),,In what year did this Queen-related event occur: Queen fly to Hamburg to begin their biggest European tour yet - 28 dates?,,,,1977,false
Queen Quiz: Archive Explorer (Part 12),,In what year did this Queen-related event occur: Queen fly to Hamburg to begin their biggest European tour yet - 28 dates?,,,,1981,false
Queen Quiz: Archive Explorer (Part 12),,Which previously omitted song was restored to the 1989 album's original planned LP sequence in the 2022 'Miracle' set?,Archive Releases,medium,2,Face It Alone,false
Queen Quiz: Archive Explorer (Part 12),,Which previously omitted song was restored to the 1989 album's original planned LP sequence in the 2022 'Miracle' set?,,,,Too Much Love Will Kill You,true
Queen Quiz: Archive Explorer (Part 12),,Which previously omitted song was restored to the 1989 album's original planned LP sequence in the 2022 'Miracle' set?,,,,Dog With a Bone,false
Queen Quiz: Archive Explorer (Part 12),,Which previously omitted song was restored to the 1989 album's original planned LP sequence in the 2022 'Miracle' set?,,,,No-One But You,false
Queen Quiz: Archive Explorer (Part 12),,"In what year did this Queen-related event occur: Freddie's single 'The Great Pretender' is released, reaching UK number 4 - his best solo chart position to date?",Queen Timeline,medium,2,1985,false
Queen Quiz: Archive Explorer (Part 12),,"In what year did this Queen-related event occur: Freddie's single 'The Great Pretender' is released, reaching UK number 4 - his best solo chart position to date?",,,,1983,false
Queen Quiz: Archive Explorer (Part 12),,"In what year did this Queen-related event occur: Freddie's single 'The Great Pretender' is released, reaching UK number 4 - his best solo chart position to date?",,,,1987,true
Queen Quiz: Archive Explorer (Part 12),,"In what year did this Queen-related event occur: Freddie's single 'The Great Pretender' is released, reaching UK number 4 - his best solo chart position to date?",,,,1989,false
Queen Quiz: Archive Explorer (Part 12),,Which vocal group originally recorded the song Freddie covered as 'The Great Pretender'?,Freddie Mercury,medium,2,The Drifters,false
Queen Quiz: Archive Explorer (Part 12),,Which vocal group originally recorded the song Freddie covered as 'The Great Pretender'?,,,,The Coasters,false
Queen Quiz: Archive Explorer (Part 12),,Which vocal group originally recorded the song Freddie covered as 'The Great Pretender'?,,,,The Temptations,false
Queen Quiz: Archive Explorer (Part 12),,Which vocal group originally recorded the song Freddie covered as 'The Great Pretender'?,,,,The Platters,true
Queen Quiz: Archive Explorer (Part 12),,Which Queen B-side was Roger Taylor's song 'I'm in Love with My Car'?,Roger Taylor,medium,2,Bohemian Rhapsody,true
Queen Quiz: Archive Explorer (Part 12),,Which Queen B-side was Roger Taylor's song 'I'm in Love with My Car'?,,,,Killer Queen,false
Queen Quiz: Archive Explorer (Part 12),,Which Queen B-side was Roger Taylor's song 'I'm in Love with My Car'?,,,,Somebody to Love,false
Queen Quiz: Archive Explorer (Part 12),,Which Queen B-side was Roger Taylor's song 'I'm in Love with My Car'?,,,,Radio Ga Ga,false
Queen Quiz: Archive Explorer (Part 12),,In which month of 1972 did this happen: Roger moves into his own flat in Richmond as Freddie moves in with Mary Austin?,Queen Timeline,hard,3,April,false
Queen Quiz: Archive Explorer (Part 12),,In which month of 1972 did this happen: Roger moves into his own flat in Richmond as Freddie moves in with Mary Austin?,,,,November,true
Queen Quiz: Archive Explorer (Part 12),,In which month of 1972 did this happen: Roger moves into his own flat in Richmond as Freddie moves in with Mary Austin?,,,,September,false
Queen Quiz: Archive Explorer (Part 12),,In which month of 1972 did this happen: Roger moves into his own flat in Richmond as Freddie moves in with Mary Austin?,,,,October,false
Queen Quiz: Archive Explorer (Part 12),,"In what year did this Queen-related event occur: At the Smash Hits Awards, a large Queen promotional banner is removed from view, prompting complaints from the band's camp?",Queen Timeline,hard,3,1989,false
Queen Quiz: Archive Explorer (Part 12),,"In what year did this Queen-related event occur: At the Smash Hits Awards, a large Queen promotional banner is removed from view, prompting complaints from the band's camp?",,,,1987,false
Queen Quiz: Archive Explorer (Part 12),,"In what year did this Queen-related event occur: At the Smash Hits Awards, a large Queen promotional banner is removed from view, prompting complaints from the band's camp?",,,,1988,true
Queen Quiz: Archive Explorer (Part 12),,"In what year did this Queen-related event occur: At the Smash Hits Awards, a large Queen promotional banner is removed from view, prompting complaints from the band's camp?",,,,1984,false
Queen Quiz: Archive Explorer (Part 12),,How many discs make up the 2022 'The Miracle' Collector's Edition box?,Archive Releases,hard,3,Five,false
Queen Quiz: Archive Explorer (Part 12),,How many discs make up the 2022 'The Miracle' Collector's Edition box?,,,,Six,false
Queen Quiz: Archive Explorer (Part 12),,How many discs make up the 2022 'The Miracle' Collector's Edition box?,,,,Ten,false
Queen Quiz: Archive Explorer (Part 12),,How many discs make up the 2022 'The Miracle' Collector's Edition box?,,,,Eight,true
Queen Quiz: Archive Explorer (Part 12),,At which venue did Queen perform in Kobe on 27 April 1979?,Concerts,hard,3,Central International Display,true
Queen Quiz: Archive Explorer (Part 12),,At which venue did Queen perform in Kobe on 27 April 1979?,,,,Ernst-Merck Halle,false
Queen Quiz: Archive Explorer (Part 12),,At which venue did Queen perform in Kobe on 27 April 1979?,,,,Palacio De Deportes,false
Queen Quiz: Archive Explorer (Part 12),,At which venue did Queen perform in Kobe on 27 April 1979?,,,,Festival Hall,false
Queen Quiz: Archive Explorer (Part 12),,At which venue did Queen perform in Paris on 14 June 1986?,Concerts,hard,3,Forest National,false
Queen Quiz: Archive Explorer (Part 12),,At which venue did Queen perform in Paris on 14 June 1986?,,,,Hippodrome de Vincennes,true
Queen Quiz: Archive Explorer (Part 12),,At which venue did Queen perform in Paris on 14 June 1986?,,,,Estadio Municipal,false
Queen Quiz: Archive Explorer (Part 12),,At which venue did Queen perform in Paris on 14 June 1986?,,,,Rayo Vallecano,false
Queen Quiz: Archive Explorer (Part 12),,At which venue did Queen perform in Brisbane on 23 April 1976?,Concerts,hard,3,Santa Monica Civic Auditorium,false
Queen Quiz: Archive Explorer (Part 12),,At which venue did Queen perform in Brisbane on 23 April 1976?,,,,Stanley Theater,false
Queen Quiz: Archive Explorer (Part 12),,At which venue did Queen perform in Brisbane on 23 April 1976?,,,,Festival Hall,true
Queen Quiz: Archive Explorer (Part 12),,At which venue did Queen perform in Brisbane on 23 April 1976?,,,,Apollo Stadium,false
Queen Quiz: Archive Explorer (Part 12),,Which city hosted Queen's 18 January 1979 show at Ostseehalle?,Concerts,hard,3,Dublin,false
Queen Quiz: Archive Explorer (Part 12),,Which city hosted Queen's 18 January 1979 show at Ostseehalle?,,,,Poitiers,false
Queen Quiz: Archive Explorer (Part 12),,Which city hosted Queen's 18 January 1979 show at Ostseehalle?,,,,Fukuoka,false
Queen Quiz: Archive Explorer (Part 12),,Which city hosted Queen's 18 January 1979 show at Ostseehalle?,,,,Kiel,true
Queen Quiz: Archive Explorer (Part 12),,In which month of 1975 did this happen: Top of the Pops premieres the 'Bohemian Rhapsody' promo video?,Queen Timeline,hard,3,November,true
Queen Quiz: Archive Explorer (Part 12),,In which month of 1975 did this happen: Top of the Pops premieres the 'Bohemian Rhapsody' promo video?,,,,May,false
Queen Quiz: Archive Explorer (Part 12),,In which month of 1975 did this happen: Top of the Pops premieres the 'Bohemian Rhapsody' promo video?,,,,April,false
Queen Quiz: Archive Explorer (Part 12),,In which month of 1975 did this happen: Top of the Pops premieres the 'Bohemian Rhapsody' promo video?,,,,February,false
Queen Quiz: Archive Explorer (Part 12),,"In what year did this Queen-related event occur: During a Wembley Arena show, news breaks that John Lennon has been shot dead; Queen play an emotional tribute version of 'Imagine'?",Queen Timeline,hard,3,1976,false
Queen Quiz: Archive Explorer (Part 12),,"In what year did this Queen-related event occur: During a Wembley Arena show, news breaks that John Lennon has been shot dead; Queen play an emotional tribute version of 'Imagine'?",,,,1980,true
Queen Quiz: Archive Explorer (Part 12),,"In what year did this Queen-related event occur: During a Wembley Arena show, news breaks that John Lennon has been shot dead; Queen play an emotional tribute version of 'Imagine'?",,,,1982,false
Queen Quiz: Archive Explorer (Part 12),,"In what year did this Queen-related event occur: During a Wembley Arena show, news breaks that John Lennon has been shot dead; Queen play an emotional tribute version of 'Imagine'?",,,,1979,false
Queen Quiz: Archive Explorer (Part 12),,Which city hosted Queen's 23 November 1980 show at Hallenstadion?,Concerts,hard,3,Milwaukee,false
Queen Quiz: Archive Explorer (Part 12),,Which city hosted Queen's 23 November 1980 show at Hallenstadion?,,,,Hartford,false
Queen Quiz: Archive Explorer (Part 12),,Which city hosted Queen's 23 November 1980 show at Hallenstadion?,,,,Zurich,true
Queen Quiz: Archive Explorer (Part 12),,Which city hosted Queen's 23 November 1980 show at Hallenstadion?,,,,Phoenix,false
Queen Quiz: Archive Explorer (Part 12),,"In which month of 1976 did this happen: Queen fly to New York to begin their third American tour, with new tour manager Gerry Stickells?",Queen Timeline,hard,3,March,false
Queen Quiz: Archive Explorer (Part 12),,"In which month of 1976 did this happen: Queen fly to New York to begin their third American tour, with new tour manager Gerry Stickells?",,,,September,false
Queen Quiz: Archive Explorer (Part 12),,"In which month of 1976 did this happen: Queen fly to New York to begin their third American tour, with new tour manager Gerry Stickells?",,,,April,false
Queen Quiz: Archive Explorer (Part 12),,"In which month of 1976 did this happen: Queen fly to New York to begin their third American tour, with new tour manager Gerry Stickells?",,,,January,true
Queen Quiz: Archive Explorer (Part 12),,At which venue did Queen perform in Calgary on 17 March 1977?,Concerts,hard,3,Jubilee Auditorium,true
Queen Quiz: Archive Explorer (Part 12),,At which venue did Queen perform in Calgary on 17 March 1977?,,,,Paramount,false
Queen Quiz: Archive Explorer (Part 12),,At which venue did Queen perform in Calgary on 17 March 1977?,,,,St. John Arena,false
Queen Quiz: Archive Explorer (Part 12),,At which venue did Queen perform in Calgary on 17 March 1977?,,,,Stadium,false
Queen Quiz: Archive Explorer (Part 12),,How many pages are in the book included with the 2026 'Queen II' Collector's Edition?,Archive Releases,hard,4,64,false
Queen Quiz: Archive Explorer (Part 12),,How many pages are in the book included with the 2026 'Queen II' Collector's Edition?,,,,112,true
Queen Quiz: Archive Explorer (Part 12),,How many pages are in the book included with the 2026 'Queen II' Collector's Edition?,,,,108,false
Queen Quiz: Archive Explorer (Part 12),,How many pages are in the book included with the 2026 'Queen II' Collector's Edition?,,,,200,false
Queen Quiz: Archive Explorer (Part 12),,At which venue did Queen perform in Puebla on 17 October 1981?,Concerts,hard,4,El Gigante de Arroyito (Estadio Rosario Central),false
Queen Quiz: Archive Explorer (Part 12),,At which venue did Queen perform in Puebla on 17 October 1981?,,,,Estadio José María Minella,false
Queen Quiz: Archive Explorer (Part 12),,At which venue did Queen perform in Puebla on 17 October 1981?,,,,Estadio de Beisbol Ignacio Zaragoza,true
Queen Quiz: Archive Explorer (Part 12),,At which venue did Queen perform in Puebla on 17 October 1981?,,,,Estadio José Amalfitani de Velez Sarsfield,false
Queen Quiz: Archive Explorer (Part 12),,At which venue did Queen perform in London on 17 December 1979?,Concerts,hard,4,Makomani Ice Arena,false
Queen Quiz: Archive Explorer (Part 12),,At which venue did Queen perform in London on 17 December 1979?,,,,Central International Display,false
Queen Quiz: Archive Explorer (Part 12),,At which venue did Queen perform in London on 17 December 1979?,,,,Ostseehalle,false
Queen Quiz: Archive Explorer (Part 12),,At which venue did Queen perform in London on 17 December 1979?,,,,Purley Tiffany's,true
Queen Quiz: Archive Explorer (Part 12),,How many pages are in the book supplied with the 2024 'Queen I' Collector's Edition?,Archive Releases,hard,4,108,true
Queen Quiz: Archive Explorer (Part 12),,How many pages are in the book supplied with the 2024 'Queen I' Collector's Edition?,,,,64,false
Queen Quiz: Archive Explorer (Part 12),,How many pages are in the book supplied with the 2024 'Queen I' Collector's Edition?,,,,112,false
Queen Quiz: Archive Explorer (Part 12),,How many pages are in the book supplied with the 2024 'Queen I' Collector's Edition?,,,,200,false
Queen Quiz: Archive Explorer (Part 13),"25 fresh questions on Queen concerts, milestones, songwriting and the band's wider story.","In which decade did this happen: Greatest Hits is released in the UK, going on to become Queen's biggest-selling album; the following week it topped the album, singles and video charts simultaneously?",Queen Timeline,easy,1,1980s,true
Queen Quiz: Archive Explorer (Part 13),,"In which decade did this happen: Greatest Hits is released in the UK, going on to become Queen's biggest-selling album; the following week it topped the album, singles and video charts simultaneously?",,,,1990s,false
Queen Quiz: Archive Explorer (Part 13),,"In which decade did this happen: Greatest Hits is released in the UK, going on to become Queen's biggest-selling album; the following week it topped the album, singles and video charts simultaneously?",,,,2000s,false
Queen Quiz: Archive Explorer (Part 13),,"In which decade did this happen: Greatest Hits is released in the UK, going on to become Queen's biggest-selling album; the following week it topped the album, singles and video charts simultaneously?",,,,1950s,false
Queen Quiz: Archive Explorer (Part 13),,In which decade did this happen: Roger leaves Truro School with seven O levels and three A levels?,Queen Timeline,easy,1,2000s,false
Queen Quiz: Archive Explorer (Part 13),,In which decade did this happen: Roger leaves Truro School with seven O levels and three A levels?,,,,1960s,true
Queen Quiz: Archive Explorer (Part 13),,In which decade did this happen: Roger leaves Truro School with seven O levels and three A levels?,,,,2010s,false
Queen Quiz: Archive Explorer (Part 13),,In which decade did this happen: Roger leaves Truro School with seven O levels and three A levels?,,,,1970s,false
Queen Quiz: Archive Explorer (Part 13),,"In which decade did this happen: Queen's UK tour opens at the Liverpool Empire, with an elaborate new stage set including Roger's giant gong?",Queen Timeline,easy,1,1950s,false
Queen Quiz: Archive Explorer (Part 13),,"In which decade did this happen: Queen's UK tour opens at the Liverpool Empire, with an elaborate new stage set including Roger's giant gong?",,,,1980s,false
Queen Quiz: Archive Explorer (Part 13),,"In which decade did this happen: Queen's UK tour opens at the Liverpool Empire, with an elaborate new stage set including Roger's giant gong?",,,,1970s,true
Queen Quiz: Archive Explorer (Part 13),,"In which decade did this happen: Queen's UK tour opens at the Liverpool Empire, with an elaborate new stage set including Roger's giant gong?",,,,2000s,false
Queen Quiz: Archive Explorer (Part 13),,In which country did Queen play at Theatre 140 on 10 December 1974?,Concerts,medium,2,Brazil,false
Queen Quiz: Archive Explorer (Part 13),,In which country did Queen play at Theatre 140 on 10 December 1974?,,,,Denmark,false
Queen Quiz: Archive Explorer (Part 13),,In which country did Queen play at Theatre 140 on 10 December 1974?,,,,Japan,false
Queen Quiz: Archive Explorer (Part 13),,In which country did Queen play at Theatre 140 on 10 December 1974?,,,,Belgium,true
Queen Quiz: Archive Explorer (Part 13),,In which country did Queen play at St George's Hall on 6 November 1974?,Concerts,medium,2,UK,true
Queen Quiz: Archive Explorer (Part 13),,In which country did Queen play at St George's Hall on 6 November 1974?,,,,Yugoslavia,false
Queen Quiz: Archive Explorer (Part 13),,In which country did Queen play at St George's Hall on 6 November 1974?,,,,Switzerland,false
Queen Quiz: Archive Explorer (Part 13),,In which country did Queen play at St George's Hall on 6 November 1974?,,,,Argentina,false
Queen Quiz: Archive Explorer (Part 13),,In which country did Queen play at Palacio De Deportes on 19 February 1979?,Concerts,medium,2,Sweden,false
Queen Quiz: Archive Explorer (Part 13),,In which country did Queen play at Palacio De Deportes on 19 February 1979?,,,,Spain,true
Queen Quiz: Archive Explorer (Part 13),,In which country did Queen play at Palacio De Deportes on 19 February 1979?,,,,France,false
Queen Quiz: Archive Explorer (Part 13),,In which country did Queen play at Palacio De Deportes on 19 February 1979?,,,,USA,false
Queen Quiz: Archive Explorer (Part 13),,Which music hall of fame inducted Queen in June 2003?,Brian May,medium,2,Rock and Roll Hall of Fame,false
Queen Quiz: Archive Explorer (Part 13),,Which music hall of fame inducted Queen in June 2003?,,,,UK Music Hall of Fame,false
Queen Quiz: Archive Explorer (Part 13),,Which music hall of fame inducted Queen in June 2003?,,,,Songwriters Hall of Fame,true
Queen Quiz: Archive Explorer (Part 13),,Which music hall of fame inducted Queen in June 2003?,,,,Rhythm and Blues Hall of Fame,false
Queen Quiz: Archive Explorer (Part 13),,In what year did this Queen-related event occur: Queen play a one-off Hammersmith Odeon show broadcast live on The Old Grey Whistle Test and simulcast on Radio One?,Queen Timeline,medium,2,1974,false
Queen Quiz: Archive Explorer (Part 13),,In what year did this Queen-related event occur: Queen play a one-off Hammersmith Odeon show broadcast live on The Old Grey Whistle Test and simulcast on Radio One?,,,,1972,false
Queen Quiz: Archive Explorer (Part 13),,In what year did this Queen-related event occur: Queen play a one-off Hammersmith Odeon show broadcast live on The Old Grey Whistle Test and simulcast on Radio One?,,,,1976,false
Queen Quiz: Archive Explorer (Part 13),,In what year did this Queen-related event occur: Queen play a one-off Hammersmith Odeon show broadcast live on The Old Grey Whistle Test and simulcast on Radio One?,,,,1975,true
Queen Quiz: Archive Explorer (Part 13),,In which country did Queen play at Centre on 10 December 1979?,Concerts,medium,2,UK,true
Queen Quiz: Archive Explorer (Part 13),,In which country did Queen play at Centre on 10 December 1979?,,,,Ireland,false
Queen Quiz: Archive Explorer (Part 13),,In which country did Queen play at Centre on 10 December 1979?,,,,Austria,false
Queen Quiz: Archive Explorer (Part 13),,In which country did Queen play at Centre on 10 December 1979?,,,,The Netherlands,false
Queen Quiz: Archive Explorer (Part 13),,"In what year did this Queen-related event occur: Brian May travels to Soweto, against Sun City's advice, to present awards at an annual Black African Awards Show honouring Black musicians?",Queen Timeline,hard,3,1982,false
Queen Quiz: Archive Explorer (Part 13),,"In what year did this Queen-related event occur: Brian May travels to Soweto, against Sun City's advice, to present awards at an annual Black African Awards Show honouring Black musicians?",,,,1984,true
Queen Quiz: Archive Explorer (Part 13),,"In what year did this Queen-related event occur: Brian May travels to Soweto, against Sun City's advice, to present awards at an annual Black African Awards Show honouring Black musicians?",,,,1983,false
Queen Quiz: Archive Explorer (Part 13),,"In what year did this Queen-related event occur: Brian May travels to Soweto, against Sun City's advice, to present awards at an annual Black African Awards Show honouring Black musicians?",,,,1986,false
Queen Quiz: Archive Explorer (Part 13),,Which Queen member has the individual writing credit for 'White Queen (As It Began)'?,Songwriting,hard,3,Freddie Mercury,false
Queen Quiz: Archive Explorer (Part 13),,Which Queen member has the individual writing credit for 'White Queen (As It Began)'?,,,,Roger Taylor,false
Queen Quiz: Archive Explorer (Part 13),,Which Queen member has the individual writing credit for 'White Queen (As It Began)'?,,,,Brian May,true
Queen Quiz: Archive Explorer (Part 13),,Which Queen member has the individual writing credit for 'White Queen (As It Began)'?,,,,John Deacon,false
Queen Quiz: Archive Explorer (Part 13),,Which Queen member has the individual writing credit for 'Leaving Home Ain't Easy'?,Songwriting,hard,3,Freddie Mercury,false
Queen Quiz: Archive Explorer (Part 13),,Which Queen member has the individual writing credit for 'Leaving Home Ain't Easy'?,,,,Roger Taylor,false
Queen Quiz: Archive Explorer (Part 13),,Which Queen member has the individual writing credit for 'Leaving Home Ain't Easy'?,,,,John Deacon,false
Queen Quiz: Archive Explorer (Part 13),,Which Queen member has the individual writing credit for 'Leaving Home Ain't Easy'?,,,,Brian May,true
Queen Quiz: Archive Explorer (Part 13),,Which city hosted Queen's 7 May 1978 show at New Bingley Hall?,Concerts,hard,3,Stafford,true
Queen Quiz: Archive Explorer (Part 13),,Which city hosted Queen's 7 May 1978 show at New Bingley Hall?,,,,Paris,false
Queen Quiz: Archive Explorer (Part 13),,Which city hosted Queen's 7 May 1978 show at New Bingley Hall?,,,,New Haven,false
Queen Quiz: Archive Explorer (Part 13),,Which city hosted Queen's 7 May 1978 show at New Bingley Hall?,,,,Madison,false
Queen Quiz: Archive Explorer (Part 13),,"Which dancer, alongside Freddie Mercury, was honoured by the 1997 'Ballet for Life' production?",John Deacon,hard,3,Rudolf Nureyev,false
Queen Quiz: Archive Explorer (Part 13),,"Which dancer, alongside Freddie Mercury, was honoured by the 1997 'Ballet for Life' production?",,,,Jorge Donn,true
Queen Quiz: Archive Explorer (Part 13),,"Which dancer, alongside Freddie Mercury, was honoured by the 1997 'Ballet for Life' production?",,,,Mikhail Baryshnikov,false
Queen Quiz: Archive Explorer (Part 13),,"Which dancer, alongside Freddie Mercury, was honoured by the 1997 'Ballet for Life' production?",,,,Carlos Acosta,false
Queen Quiz: Archive Explorer (Part 13),,Which Roger Taylor song for 46664 addresses an HIV-positive diagnosis?,Roger Taylor,hard,3,Invincible Hope,false
Queen Quiz: Archive Explorer (Part 13),,Which Roger Taylor song for 46664 addresses an HIV-positive diagnosis?,,,,Happiness?,false
Queen Quiz: Archive Explorer (Part 13),,Which Roger Taylor song for 46664 addresses an HIV-positive diagnosis?,,,,Say It's Not True,true
Queen Quiz: Archive Explorer (Part 13),,Which Roger Taylor song for 46664 addresses an HIV-positive diagnosis?,,,,The Key,false
Queen Quiz: Archive Explorer (Part 13),,"In what year did this Queen-related event occur: Freddie begins a graphic illustrating course at Ealing College of Art, where he meets fellow student Tim Staffell?",Queen Timeline,hard,3,1968,false
Queen Quiz: Archive Explorer (Part 13),,"In what year did this Queen-related event occur: Freddie begins a graphic illustrating course at Ealing College of Art, where he meets fellow student Tim Staffell?",,,,1969,false
Queen Quiz: Archive Explorer (Part 13),,"In what year did this Queen-related event occur: Freddie begins a graphic illustrating course at Ealing College of Art, where he meets fellow student Tim Staffell?",,,,1962,false
Queen Quiz: Archive Explorer (Part 13),,"In what year did this Queen-related event occur: Freddie begins a graphic illustrating course at Ealing College of Art, where he meets fellow student Tim Staffell?",,,,1966,true
Queen Quiz: Archive Explorer (Part 13),,Which city hosted Queen's 20 April 1982 show at Palais Des Sports?,Concerts,hard,3,Lyon,true
Queen Quiz: Archive Explorer (Part 13),,Which city hosted Queen's 20 April 1982 show at Palais Des Sports?,,,,Vienna,false
Queen Quiz: Archive Explorer (Part 13),,Which city hosted Queen's 20 April 1982 show at Palais Des Sports?,,,,Biloxi,false
Queen Quiz: Archive Explorer (Part 13),,Which city hosted Queen's 20 April 1982 show at Palais Des Sports?,,,,Nishinomiya,false
Queen Quiz: Archive Explorer (Part 13),,"In what year did this Queen-related event occur: Roger Taylor's 40th birthday party, a 'schoolboys and schoolgirls' fancy-dress theme, features a Sky-Tracker searchlight that triggers a local UFO panic among residents and police?",Queen Timeline,hard,3,1986,false
Queen Quiz: Archive Explorer (Part 13),,"In what year did this Queen-related event occur: Roger Taylor's 40th birthday party, a 'schoolboys and schoolgirls' fancy-dress theme, features a Sky-Tracker searchlight that triggers a local UFO panic among residents and police?",,,,1989,true
Queen Quiz: Archive Explorer (Part 13),,"In what year did this Queen-related event occur: Roger Taylor's 40th birthday party, a 'schoolboys and schoolgirls' fancy-dress theme, features a Sky-Tracker searchlight that triggers a local UFO panic among residents and police?",,,,1993,false
Queen Quiz: Archive Explorer (Part 13),,"In what year did this Queen-related event occur: Roger Taylor's 40th birthday party, a 'schoolboys and schoolgirls' fancy-dress theme, features a Sky-Tracker searchlight that triggers a local UFO panic among residents and police?",,,,1985,false
Queen Quiz: Archive Explorer (Part 13),,Which Queen member has the individual writing credit for 'Great King Rat'?,Songwriting,hard,3,Brian May,false
Queen Quiz: Archive Explorer (Part 13),,Which Queen member has the individual writing credit for 'Great King Rat'?,,,,Roger Taylor,false
Queen Quiz: Archive Explorer (Part 13),,Which Queen member has the individual writing credit for 'Great King Rat'?,,,,Freddie Mercury,true
Queen Quiz: Archive Explorer (Part 13),,Which Queen member has the individual writing credit for 'Great King Rat'?,,,,John Deacon,false
Queen Quiz: Archive Explorer (Part 13),,Which unusual instrument was Roy Thomas Baker credited with playing on 'Queen II'?,Archive Releases,hard,3,Bagpipes,false
Queen Quiz: Archive Explorer (Part 13),,Which unusual instrument was Roy Thomas Baker credited with playing on 'Queen II'?,,,,Sitar,false
Queen Quiz: Archive Explorer (Part 13),,Which unusual instrument was Roy Thomas Baker credited with playing on 'Queen II'?,,,,Theremin,false
Queen Quiz: Archive Explorer (Part 13),,Which unusual instrument was Roy Thomas Baker credited with playing on 'Queen II'?,,,,Castanets,true
Queen Quiz: Archive Explorer (Part 13),,"Which Queen member has the individual writing credit for 'Get Down, Make Love'?",Songwriting,hard,3,Freddie Mercury,true
Queen Quiz: Archive Explorer (Part 13),,"Which Queen member has the individual writing credit for 'Get Down, Make Love'?",,,,Brian May,false
Queen Quiz: Archive Explorer (Part 13),,"Which Queen member has the individual writing credit for 'Get Down, Make Love'?",,,,Roger Taylor,false
Queen Quiz: Archive Explorer (Part 13),,"Which Queen member has the individual writing credit for 'Get Down, Make Love'?",,,,John Deacon,false
Queen Quiz: Archive Explorer (Part 13),,At which venue did Queen perform in Frankfurt on 2 February 1979?,Concerts,hard,4,Prefectural Athletic Association,false
Queen Quiz: Archive Explorer (Part 13),,At which venue did Queen perform in Frankfurt on 2 February 1979?,,,,Festhalle,true
Queen Quiz: Archive Explorer (Part 13),,At which venue did Queen perform in Frankfurt on 2 February 1979?,,,,International Display,false
Queen Quiz: Archive Explorer (Part 13),,At which venue did Queen perform in Frankfurt on 2 February 1979?,,,,Messesportspalace,false
Queen Quiz: Archive Explorer (Part 13),,At which venue did Queen perform in Tokyo on 11 May 1985?,Concerts,hard,4,Castle Hall,false
Queen Quiz: Archive Explorer (Part 13),,At which venue did Queen perform in Tokyo on 11 May 1985?,,,,Entertainments Centre,false
Queen Quiz: Archive Explorer (Part 13),,At which venue did Queen perform in Tokyo on 11 May 1985?,,,,Yoyogi Taiikukan,true
Queen Quiz: Archive Explorer (Part 13),,At which venue did Queen perform in Tokyo on 11 May 1985?,,,,Sports & Entertainments Centre,false
Queen Quiz: Archive Explorer (Part 13),,At which venue did Queen perform in Kansas City on 12 September 1980?,Concerts,hard,4,Rosemont Horizon,false
Queen Quiz: Archive Explorer (Part 13),,At which venue did Queen perform in Kansas City on 12 September 1980?,,,,Mecca,false
Queen Quiz: Archive Explorer (Part 13),,At which venue did Queen perform in Kansas City on 12 September 1980?,,,,Hallenstadion,false
Queen Quiz: Archive Explorer (Part 13),,At which venue did Queen perform in Kansas City on 12 September 1980?,,,,Kemper Arena,true
Queen Quiz: Archive Explorer (Part 13),,At which venue did Queen perform in Mar del Plata on 4 March 1981?,Concerts,hard,4,Estadio José María Minella,true
Queen Quiz: Archive Explorer (Part 13),,At which venue did Queen perform in Mar del Plata on 4 March 1981?,,,,Estadio de Beisbol Ignacio Zaragoza,false
Queen Quiz: Archive Explorer (Part 13),,At which venue did Queen perform in Mar del Plata on 4 March 1981?,,,,Estádio do Morumbi,false
Queen Quiz: Archive Explorer (Part 13),,At which venue did Queen perform in Mar del Plata on 4 March 1981?,,,,Poliedro De Caracas,false
Queen Quiz: Archive Explorer (Part 14),"25 fresh questions on Queen concerts, milestones, songwriting and the band's wider story.",In which decade did this happen: Queen become the first band to play Birmingham's new purpose-built Exhibition Centre?,Queen Timeline,easy,1,1980s,true
Queen Quiz: Archive Explorer (Part 14),,In which decade did this happen: Queen become the first band to play Birmingham's new purpose-built Exhibition Centre?,,,,1940s,false
Queen Quiz: Archive Explorer (Part 14),,In which decade did this happen: Queen become the first band to play Birmingham's new purpose-built Exhibition Centre?,,,,2010s,false
Queen Quiz: Archive Explorer (Part 14),,In which decade did this happen: Queen become the first band to play Birmingham's new purpose-built Exhibition Centre?,,,,1990s,false
Queen Quiz: Archive Explorer (Part 14),,"In which decade did this happen: Aged eight, Roger Taylor gets his first ukulele and forms his first band, the Bubblingover Boys?",Queen Timeline,easy,1,1940s,false
Queen Quiz: Archive Explorer (Part 14),,"In which decade did this happen: Aged eight, Roger Taylor gets his first ukulele and forms his first band, the Bubblingover Boys?",,,,1950s,true
Queen Quiz: Archive Explorer (Part 14),,"In which decade did this happen: Aged eight, Roger Taylor gets his first ukulele and forms his first band, the Bubblingover Boys?",,,,2010s,false
Queen Quiz: Archive Explorer (Part 14),,"In which decade did this happen: Aged eight, Roger Taylor gets his first ukulele and forms his first band, the Bubblingover Boys?",,,,1970s,false
Queen Quiz: Archive Explorer (Part 14),,Which 1986 fantasy film featured music developed by Queen after their 'Flash Gordon' score?,Brian May,easy,1,Labyrinth,false
Queen Quiz: Archive Explorer (Part 14),,Which 1986 fantasy film featured music developed by Queen after their 'Flash Gordon' score?,,,,Legend,false
Queen Quiz: Archive Explorer (Part 14),,Which 1986 fantasy film featured music developed by Queen after their 'Flash Gordon' score?,,,,Highlander,true
Queen Quiz: Archive Explorer (Part 14),,Which 1986 fantasy film featured music developed by Queen after their 'Flash Gordon' score?,,,,Willow,false
Queen Quiz: Archive Explorer (Part 14),,In which country did Queen play at Olympen on 27 November 1974?,Concerts,medium,2,Finland,false
Queen Quiz: Archive Explorer (Part 14),,In which country did Queen play at Olympen on 27 November 1974?,,,,Ireland,false
Queen Quiz: Archive Explorer (Part 14),,In which country did Queen play at Olympen on 27 November 1974?,,,,Denmark,false
Queen Quiz: Archive Explorer (Part 14),,In which country did Queen play at Olympen on 27 November 1974?,,,,Sweden,true
Queen Quiz: Archive Explorer (Part 14),,"In what year did this Queen-related event occur: Jim Beach previews the Freddie/Montserrat Barcelona songs to Polygram Records executives in Marbella, leading to a solo deal for Freddie?",Queen Timeline,medium,2,1988,true
Queen Quiz: Archive Explorer (Part 14),,"In what year did this Queen-related event occur: Jim Beach previews the Freddie/Montserrat Barcelona songs to Polygram Records executives in Marbella, leading to a solo deal for Freddie?",,,,1986,false
Queen Quiz: Archive Explorer (Part 14),,"In what year did this Queen-related event occur: Jim Beach previews the Freddie/Montserrat Barcelona songs to Polygram Records executives in Marbella, leading to a solo deal for Freddie?",,,,1991,false
Queen Quiz: Archive Explorer (Part 14),,"In what year did this Queen-related event occur: Jim Beach previews the Freddie/Montserrat Barcelona songs to Polygram Records executives in Marbella, leading to a solo deal for Freddie?",,,,1987,false
Queen Quiz: Archive Explorer (Part 14),,In what year did this Queen-related event occur: The Cross begin a short German tour in Hannover?,Queen Timeline,medium,2,1991,false
Queen Quiz: Archive Explorer (Part 14),,In what year did this Queen-related event occur: The Cross begin a short German tour in Hannover?,,,,1990,true
Queen Quiz: Archive Explorer (Part 14),,In what year did this Queen-related event occur: The Cross begin a short German tour in Hannover?,,,,1994,false
Queen Quiz: Archive Explorer (Part 14),,In what year did this Queen-related event occur: The Cross begin a short German tour in Hannover?,,,,1993,false
Queen Quiz: Archive Explorer (Part 14),,"In what year did this Queen-related event occur: Brian is hospitalised for an emergency operation for a duodenal ulcer, forcing cancellation of a planned September US tour?",Queen Timeline,medium,2,1976,false
Queen Quiz: Archive Explorer (Part 14),,"In what year did this Queen-related event occur: Brian is hospitalised for an emergency operation for a duodenal ulcer, forcing cancellation of a planned September US tour?",,,,1971,false
Queen Quiz: Archive Explorer (Part 14),,"In what year did this Queen-related event occur: Brian is hospitalised for an emergency operation for a duodenal ulcer, forcing cancellation of a planned September US tour?",,,,1974,true
Queen Quiz: Archive Explorer (Part 14),,"In what year did this Queen-related event occur: Brian is hospitalised for an emergency operation for a duodenal ulcer, forcing cancellation of a planned September US tour?",,,,1975,false
Queen Quiz: Archive Explorer (Part 14),,"In what year did this Queen-related event occur: Queen signs with Hollywood Records (a Walt Disney company) for US representation, after Jim Beach buys back the Queen catalogue rights from Capitol?",Queen Timeline,medium,2,1992,false
Queen Quiz: Archive Explorer (Part 14),,"In what year did this Queen-related event occur: Queen signs with Hollywood Records (a Walt Disney company) for US representation, after Jim Beach buys back the Queen catalogue rights from Capitol?",,,,1994,false
Queen Quiz: Archive Explorer (Part 14),,"In what year did this Queen-related event occur: Queen signs with Hollywood Records (a Walt Disney company) for US representation, after Jim Beach buys back the Queen catalogue rights from Capitol?",,,,1987,false
Queen Quiz: Archive Explorer (Part 14),,"In what year did this Queen-related event occur: Queen signs with Hollywood Records (a Walt Disney company) for US representation, after Jim Beach buys back the Queen catalogue rights from Capitol?",,,,1990,true
Queen Quiz: Archive Explorer (Part 14),,"In what year did this Queen-related event occur: Roger Taylor sings backing vocals on three tracks - 'Play The Game Tonight', 'Right Away' and 'Diamonds & Pearls' - on the American rock band Kansas's album Vinyl Confessions?",Queen Timeline,medium,2,1982,true
Queen Quiz: Archive Explorer (Part 14),,"In what year did this Queen-related event occur: Roger Taylor sings backing vocals on three tracks - 'Play The Game Tonight', 'Right Away' and 'Diamonds & Pearls' - on the American rock band Kansas's album Vinyl Confessions?",,,,1984,false
Queen Quiz: Archive Explorer (Part 14),,"In what year did this Queen-related event occur: Roger Taylor sings backing vocals on three tracks - 'Play The Game Tonight', 'Right Away' and 'Diamonds & Pearls' - on the American rock band Kansas's album Vinyl Confessions?",,,,1981,false
Queen Quiz: Archive Explorer (Part 14),,"In what year did this Queen-related event occur: Roger Taylor sings backing vocals on three tracks - 'Play The Game Tonight', 'Right Away' and 'Diamonds & Pearls' - on the American rock band Kansas's album Vinyl Confessions?",,,,1985,false
Queen Quiz: Archive Explorer (Part 14),,Which city hosted Queen's 1 December 1980 show at Stadthalle?,Concerts,hard,3,St. Paul,false
Queen Quiz: Archive Explorer (Part 14),,Which city hosted Queen's 1 December 1980 show at Stadthalle?,,,,Bremen,true
Queen Quiz: Archive Explorer (Part 14),,Which city hosted Queen's 1 December 1980 show at Stadthalle?,,,,Hartford,false
Queen Quiz: Archive Explorer (Part 14),,Which city hosted Queen's 1 December 1980 show at Stadthalle?,,,,Charlotte,false
Queen Quiz: Archive Explorer (Part 14),,Which city hosted Queen's 28 April 1974 show at Exposition Hall?,Concerts,hard,3,Lund,false
Queen Quiz: Archive Explorer (Part 14),,Which city hosted Queen's 28 April 1974 show at Exposition Hall?,,,,Colchester,false
Queen Quiz: Archive Explorer (Part 14),,Which city hosted Queen's 28 April 1974 show at Exposition Hall?,,,,Portland,true
Queen Quiz: Archive Explorer (Part 14),,Which city hosted Queen's 28 April 1974 show at Exposition Hall?,,,,Lancaster,false
Queen Quiz: Archive Explorer (Part 14),,At which venue did Queen perform in Cardiff on 10 September 1976?,Concerts,hard,3,Nichidai Kodo,false
Queen Quiz: Archive Explorer (Part 14),,At which venue did Queen perform in Cardiff on 10 September 1976?,,,,Festival Hall,false
Queen Quiz: Archive Explorer (Part 14),,At which venue did Queen perform in Cardiff on 10 September 1976?,,,,Hordern Pavilion,false
Queen Quiz: Archive Explorer (Part 14),,At which venue did Queen perform in Cardiff on 10 September 1976?,,,,Castle,true
Queen Quiz: Archive Explorer (Part 14),,Which city hosted Queen's 16 September 1980 show at Hilton Coliseum?,Concerts,hard,3,Ames,true
Queen Quiz: Archive Explorer (Part 14),,Which city hosted Queen's 16 September 1980 show at Hilton Coliseum?,,,,Rosemont,false
Queen Quiz: Archive Explorer (Part 14),,Which city hosted Queen's 16 September 1980 show at Hilton Coliseum?,,,,Berlin,false
Queen Quiz: Archive Explorer (Part 14),,Which city hosted Queen's 16 September 1980 show at Hilton Coliseum?,,,,Portland,false
Queen Quiz: Archive Explorer (Part 14),,Which city hosted Queen's 22 February 1977 show at Auditorium?,Concerts,hard,3,Dallas,false
Queen Quiz: Archive Explorer (Part 14),,Which city hosted Queen's 22 February 1977 show at Auditorium?,,,,Birmingham,true
Queen Quiz: Archive Explorer (Part 14),,Which city hosted Queen's 22 February 1977 show at Auditorium?,,,,Detroit,false
Queen Quiz: Archive Explorer (Part 14),,Which city hosted Queen's 22 February 1977 show at Auditorium?,,,,Fort Worth,false
Queen Quiz: Archive Explorer (Part 14),,Which Queen member has the individual writing credit for 'Bring Back That Leroy Brown'?,Songwriting,hard,3,Brian May,false
Queen Quiz: Archive Explorer (Part 14),,Which Queen member has the individual writing credit for 'Bring Back That Leroy Brown'?,,,,Roger Taylor,false
Queen Quiz: Archive Explorer (Part 14),,Which Queen member has the individual writing credit for 'Bring Back That Leroy Brown'?,,,,Freddie Mercury,true
Queen Quiz: Archive Explorer (Part 14),,Which Queen member has the individual writing credit for 'Bring Back That Leroy Brown'?,,,,John Deacon,false
Queen Quiz: Archive Explorer (Part 14),,Which studio's early Queen demos have their own disc in the 2024 'Queen I' set?,Archive Releases,hard,3,Abbey Road,false
Queen Quiz: Archive Explorer (Part 14),,Which studio's early Queen demos have their own disc in the 2024 'Queen I' set?,,,,Mountain,false
Queen Quiz: Archive Explorer (Part 14),,Which studio's early Queen demos have their own disc in the 2024 'Queen I' set?,,,,Musicland,false
Queen Quiz: Archive Explorer (Part 14),,Which studio's early Queen demos have their own disc in the 2024 'Queen I' set?,,,,De Lane Lea,true
Queen Quiz: Archive Explorer (Part 14),,"In what year did this Queen-related event occur: Brian collects his BSc certificate at the Royal Albert Hall, presented by the Queen Mother?",Queen Timeline,hard,3,1968,true
Queen Quiz: Archive Explorer (Part 14),,"In what year did this Queen-related event occur: Brian collects his BSc certificate at the Royal Albert Hall, presented by the Queen Mother?",,,,1971,false
Queen Quiz: Archive Explorer (Part 14),,"In what year did this Queen-related event occur: Brian collects his BSc certificate at the Royal Albert Hall, presented by the Queen Mother?",,,,1966,false
Queen Quiz: Archive Explorer (Part 14),,"In what year did this Queen-related event occur: Brian collects his BSc certificate at the Royal Albert Hall, presented by the Queen Mother?",,,,1969,false
Queen Quiz: Archive Explorer (Part 14),,Which city hosted Queen's 7 December 1975 show at Civic Hall?,Concerts,hard,3,Toledo,false
Queen Quiz: Archive Explorer (Part 14),,Which city hosted Queen's 7 December 1975 show at Civic Hall?,,,,Wolverhampton,true
Queen Quiz: Archive Explorer (Part 14),,Which city hosted Queen's 7 December 1975 show at Civic Hall?,,,,Trenton,false
Queen Quiz: Archive Explorer (Part 14),,Which city hosted Queen's 7 December 1975 show at Civic Hall?,,,,Columbus,false
Queen Quiz: Archive Explorer (Part 14),,"In what year did this Queen-related event occur: Jack Nelson takes the Queen demo to EMI; EMI want Queen alone but Trident refuse to split the three-act package, so EMI turns them down?",Queen Timeline,hard,3,1975,false
Queen Quiz: Archive Explorer (Part 14),,"In what year did this Queen-related event occur: Jack Nelson takes the Queen demo to EMI; EMI want Queen alone but Trident refuse to split the three-act package, so EMI turns them down?",,,,1976,false
Queen Quiz: Archive Explorer (Part 14),,"In what year did this Queen-related event occur: Jack Nelson takes the Queen demo to EMI; EMI want Queen alone but Trident refuse to split the three-act package, so EMI turns them down?",,,,1972,true
Queen Quiz: Archive Explorer (Part 14),,"In what year did this Queen-related event occur: Jack Nelson takes the Queen demo to EMI; EMI want Queen alone but Trident refuse to split the three-act package, so EMI turns them down?",,,,1970,false
Queen Quiz: Archive Explorer (Part 14),,"In what year did this Queen-related event occur: Freddie appears at the Fashion Aid charity event at the Royal Albert Hall, escorting actress Jane Seymour in an Emmanuel-designed wedding dress?",Queen Timeline,hard,3,1983,false
Queen Quiz: Archive Explorer (Part 14),,"In what year did this Queen-related event occur: Freddie appears at the Fashion Aid charity event at the Royal Albert Hall, escorting actress Jane Seymour in an Emmanuel-designed wedding dress?",,,,1986,false
Queen Quiz: Archive Explorer (Part 14),,"In what year did this Queen-related event occur: Freddie appears at the Fashion Aid charity event at the Royal Albert Hall, escorting actress Jane Seymour in an Emmanuel-designed wedding dress?",,,,1988,false
Queen Quiz: Archive Explorer (Part 14),,"In what year did this Queen-related event occur: Freddie appears at the Fashion Aid charity event at the Royal Albert Hall, escorting actress Jane Seymour in an Emmanuel-designed wedding dress?",,,,1985,true
Queen Quiz: Archive Explorer (Part 14),,Which city hosted Queen's 30 November 1978 show at Civic Centre?,Concerts,hard,3,Ottawa,true
Queen Quiz: Archive Explorer (Part 14),,Which city hosted Queen's 30 November 1978 show at Civic Centre?,,,,Montreal,false
Queen Quiz: Archive Explorer (Part 14),,Which city hosted Queen's 30 November 1978 show at Civic Centre?,,,,Miami,false
Queen Quiz: Archive Explorer (Part 14),,Which city hosted Queen's 30 November 1978 show at Civic Centre?,,,,London,false
Queen Quiz: Archive Explorer (Part 14),,How many brand-new mixes were included in the 2024 'Queen I' box set?,Archive Releases,hard,4,25,false
Queen Quiz: Archive Explorer (Part 14),,How many brand-new mixes were included in the 2024 'Queen I' box set?,,,,43,true
Queen Quiz: Archive Explorer (Part 14),,How many brand-new mixes were included in the 2024 'Queen I' box set?,,,,63,false
Queen Quiz: Archive Explorer (Part 14),,How many brand-new mixes were included in the 2024 'Queen I' box set?,,,,11,false
Queen Quiz: Archive Explorer (Part 14),,What happened in Queen's story on 12 January 1964?,Queen Timeline,hard,4,John leaves Beauchamp Grammar School with eight O levels and three grade-A A levels,false
Queen Quiz: Archive Explorer (Part 14),,What happened in Queen's story on 12 January 1964?,,,,"Queen play the first date of their first headlining UK tour, at Blackpool Winter Gardens",false
Queen Quiz: Archive Explorer (Part 14),,What happened in Queen's story on 12 January 1964?,,,,"Britain hands rule of Zanzibar to the Arab Sultan; a revolution follows soon after, forcing the Bulsara family to flee to England",true
Queen Quiz: Archive Explorer (Part 14),,What happened in Queen's story on 12 January 1964?,,,,"Freddie slips and re-injures his knee ligaments on stage in Hannover during 'Hammer To Fall', finishing the show from a piano stool",false
Queen Quiz: Archive Explorer (Part 14),,At which venue did Queen perform in Liverpool on 7 December 1979?,Concerts,hard,4,Pabellon De Real Madrid,false
Queen Quiz: Archive Explorer (Part 14),,At which venue did Queen perform in Liverpool on 7 December 1979?,,,,International Display,false
Queen Quiz: Archive Explorer (Part 14),,At which venue did Queen perform in Liverpool on 7 December 1979?,,,,Prefectural Athletic Association,false
Queen Quiz: Archive Explorer (Part 14),,At which venue did Queen perform in Liverpool on 7 December 1979?,,,,Empire Theatre,true
Queen Quiz: Archive Explorer (Part 14),,At which venue did Queen perform in Brussels on 17 June 1986?,Concerts,hard,4,Forest National,true
Queen Quiz: Archive Explorer (Part 14),,At which venue did Queen perform in Brussels on 17 June 1986?,,,,Maimarktgelände,false
Queen Quiz: Archive Explorer (Part 14),,At which venue did Queen perform in Brussels on 17 June 1986?,,,,Groenoordhallen,false
Queen Quiz: Archive Explorer (Part 14),,At which venue did Queen perform in Brussels on 17 June 1986?,,,,Hippodrome de Vincennes,false
Queen Quiz: Archive Explorer (Part 15),"25 fresh questions on Queen concerts, milestones, songwriting and the band's wider story.","In which decade did this happen: Freddie gives DJ Simon Bates a rare, freewheeling Radio One interview fuelled by a shared bottle of Stolichnaya vodka?",Queen Timeline,easy,1,1980s,true
Queen Quiz: Archive Explorer (Part 15),,"In which decade did this happen: Freddie gives DJ Simon Bates a rare, freewheeling Radio One interview fuelled by a shared bottle of Stolichnaya vodka?",,,,2010s,false
Queen Quiz: Archive Explorer (Part 15),,"In which decade did this happen: Freddie gives DJ Simon Bates a rare, freewheeling Radio One interview fuelled by a shared bottle of Stolichnaya vodka?",,,,1970s,false
Queen Quiz: Archive Explorer (Part 15),,"In which decade did this happen: Freddie gives DJ Simon Bates a rare, freewheeling Radio One interview fuelled by a shared bottle of Stolichnaya vodka?",,,,1990s,false
Queen Quiz: Archive Explorer (Part 15),,"In which decade did this happen: Queen play their first-ever gig in Mexico, at the University Stadium in Monterrey?",Queen Timeline,easy,1,2010s,false
Queen Quiz: Archive Explorer (Part 15),,"In which decade did this happen: Queen play their first-ever gig in Mexico, at the University Stadium in Monterrey?",,,,1980s,true
Queen Quiz: Archive Explorer (Part 15),,"In which decade did this happen: Queen play their first-ever gig in Mexico, at the University Stadium in Monterrey?",,,,1970s,false
Queen Quiz: Archive Explorer (Part 15),,"In which decade did this happen: Queen play their first-ever gig in Mexico, at the University Stadium in Monterrey?",,,,2000s,false
Queen Quiz: Archive Explorer (Part 15),,"In which decade did this happen: Brian May co-produces (with Mack) the debut album by Scottish rock band Heavy Pettin', 'Letting Loose', recorded in London and Munich?",Queen Timeline,easy,1,1940s,false
Queen Quiz: Archive Explorer (Part 15),,"In which decade did this happen: Brian May co-produces (with Mack) the debut album by Scottish rock band Heavy Pettin', 'Letting Loose', recorded in London and Munich?",,,,1990s,false
Queen Quiz: Archive Explorer (Part 15),,"In which decade did this happen: Brian May co-produces (with Mack) the debut album by Scottish rock band Heavy Pettin', 'Letting Loose', recorded in London and Munich?",,,,1980s,true
Queen Quiz: Archive Explorer (Part 15),,"In which decade did this happen: Brian May co-produces (with Mack) the debut album by Scottish rock band Heavy Pettin', 'Letting Loose', recorded in London and Munich?",,,,2010s,false
Queen Quiz: Archive Explorer (Part 15),,"In what year did this Queen-related event occur: Queen fly to Japan to begin a tour; an unauthorized Smile compilation, Gettin' Smile, is released there around the same time?",Queen Timeline,medium,2,1979,false
Queen Quiz: Archive Explorer (Part 15),,"In what year did this Queen-related event occur: Queen fly to Japan to begin a tour; an unauthorized Smile compilation, Gettin' Smile, is released there around the same time?",,,,1978,false
Queen Quiz: Archive Explorer (Part 15),,"In what year did this Queen-related event occur: Queen fly to Japan to begin a tour; an unauthorized Smile compilation, Gettin' Smile, is released there around the same time?",,,,1980,false
Queen Quiz: Archive Explorer (Part 15),,"In what year did this Queen-related event occur: Queen fly to Japan to begin a tour; an unauthorized Smile compilation, Gettin' Smile, is released there around the same time?",,,,1982,true
Queen Quiz: Archive Explorer (Part 15),,"In what year did this Queen-related event occur: Queen play to 131,000 people at Morumbi Stadium, Sao Paulo - then the largest paying audience for a single band anywhere in the world?",Queen Timeline,medium,2,1981,true
Queen Quiz: Archive Explorer (Part 15),,"In what year did this Queen-related event occur: Queen play to 131,000 people at Morumbi Stadium, Sao Paulo - then the largest paying audience for a single band anywhere in the world?",,,,1982,false
Queen Quiz: Archive Explorer (Part 15),,"In what year did this Queen-related event occur: Queen play to 131,000 people at Morumbi Stadium, Sao Paulo - then the largest paying audience for a single band anywhere in the world?",,,,1979,false
Queen Quiz: Archive Explorer (Part 15),,"In what year did this Queen-related event occur: Queen play to 131,000 people at Morumbi Stadium, Sao Paulo - then the largest paying audience for a single band anywhere in the world?",,,,1980,false
Queen Quiz: Archive Explorer (Part 15),,In what year did this Queen-related event occur: 'Princes Of The Universe' is released in North America but fails to chart?,Queen Timeline,medium,2,1987,false
Queen Quiz: Archive Explorer (Part 15),,In what year did this Queen-related event occur: 'Princes Of The Universe' is released in North America but fails to chart?,,,,1986,true
Queen Quiz: Archive Explorer (Part 15),,In what year did this Queen-related event occur: 'Princes Of The Universe' is released in North America but fails to chart?,,,,1989,false
Queen Quiz: Archive Explorer (Part 15),,In what year did this Queen-related event occur: 'Princes Of The Universe' is released in North America but fails to chart?,,,,1988,false
Queen Quiz: Archive Explorer (Part 15),,In which country did Queen play at Capitol on 19 November 1975?,Concerts,medium,2,Belgium,false
Queen Quiz: Archive Explorer (Part 15),,In which country did Queen play at Capitol on 19 November 1975?,,,,Austria,false
Queen Quiz: Archive Explorer (Part 15),,In which country did Queen play at Capitol on 19 November 1975?,,,,UK,true
Queen Quiz: Archive Explorer (Part 15),,In which country did Queen play at Capitol on 19 November 1975?,,,,Luxembourg,false
Queen Quiz: Archive Explorer (Part 15),,In what year did this Queen-related event occur: Brian May guests with comedy band Bad News (played by cast of The Young Ones) alongside Led Zeppelin's Jimmy Page at Hammersmith Odeon?,Queen Timeline,medium,2,1987,false
Queen Quiz: Archive Explorer (Part 15),,In what year did this Queen-related event occur: Brian May guests with comedy band Bad News (played by cast of The Young Ones) alongside Led Zeppelin's Jimmy Page at Hammersmith Odeon?,,,,1988,false
Queen Quiz: Archive Explorer (Part 15),,In what year did this Queen-related event occur: Brian May guests with comedy band Bad News (played by cast of The Young Ones) alongside Led Zeppelin's Jimmy Page at Hammersmith Odeon?,,,,1982,false
Queen Quiz: Archive Explorer (Part 15),,In what year did this Queen-related event occur: Brian May guests with comedy band Bad News (played by cast of The Young Ones) alongside Led Zeppelin's Jimmy Page at Hammersmith Odeon?,,,,1986,true
Queen Quiz: Archive Explorer (Part 15),,In which country did Queen play at Sartory Saal on 6 December 1974?,Concerts,medium,2,Germany,true
Queen Quiz: Archive Explorer (Part 15),,In which country did Queen play at Sartory Saal on 6 December 1974?,,,,Ireland,false
Queen Quiz: Archive Explorer (Part 15),,In which country did Queen play at Sartory Saal on 6 December 1974?,,,,France,false
Queen Quiz: Archive Explorer (Part 15),,In which country did Queen play at Sartory Saal on 6 December 1974?,,,,Australia,false
Queen Quiz: Archive Explorer (Part 15),,Which Queen member has the individual writing credit for 'Mustapha'?,Songwriting,hard,3,Brian May,false
Queen Quiz: Archive Explorer (Part 15),,Which Queen member has the individual writing credit for 'Mustapha'?,,,,Freddie Mercury,true
Queen Quiz: Archive Explorer (Part 15),,Which Queen member has the individual writing credit for 'Mustapha'?,,,,Roger Taylor,false
Queen Quiz: Archive Explorer (Part 15),,Which Queen member has the individual writing credit for 'Mustapha'?,,,,John Deacon,false
Queen Quiz: Archive Explorer (Part 15),,Which city hosted Queen's 2 April 1975 show at Kinsmen Field House?,Concerts,hard,3,Detroit,false
Queen Quiz: Archive Explorer (Part 15),,Which city hosted Queen's 2 April 1975 show at Kinsmen Field House?,,,,San Francisco,false
Queen Quiz: Archive Explorer (Part 15),,Which city hosted Queen's 2 April 1975 show at Kinsmen Field House?,,,,Edmonton,true
Queen Quiz: Archive Explorer (Part 15),,Which city hosted Queen's 2 April 1975 show at Kinsmen Field House?,,,,Aberdeen,false
Queen Quiz: Archive Explorer (Part 15),,In which month of 1970 did this happen: Mike Grose amicably leaves Queen; the band recruits bass player Barry Mitchell?,Queen Timeline,hard,3,April,false
Queen Quiz: Archive Explorer (Part 15),,In which month of 1970 did this happen: Mike Grose amicably leaves Queen; the band recruits bass player Barry Mitchell?,,,,September,false
Queen Quiz: Archive Explorer (Part 15),,In which month of 1970 did this happen: Mike Grose amicably leaves Queen; the band recruits bass player Barry Mitchell?,,,,February,false
Queen Quiz: Archive Explorer (Part 15),,In which month of 1970 did this happen: Mike Grose amicably leaves Queen; the band recruits bass player Barry Mitchell?,,,,August,true
Queen Quiz: Archive Explorer (Part 15),,At which venue did Queen perform in Chicago on 5 December 1977?,Concerts,hard,3,Stadium,true
Queen Quiz: Archive Explorer (Part 15),,At which venue did Queen perform in Chicago on 5 December 1977?,,,,Cobo Hall,false
Queen Quiz: Archive Explorer (Part 15),,At which venue did Queen perform in Chicago on 5 December 1977?,,,,The Gardens,false
Queen Quiz: Archive Explorer (Part 15),,At which venue did Queen perform in Chicago on 5 December 1977?,,,,Convention Centre,false
Queen Quiz: Archive Explorer (Part 15),,At which venue did Queen perform in Okayama on 28 April 1975?,Concerts,hard,3,Morris Civic Auditorium,false
Queen Quiz: Archive Explorer (Part 15),,At which venue did Queen perform in Okayama on 28 April 1975?,,,,Okayama Kenritsu Taikukan,true
Queen Quiz: Archive Explorer (Part 15),,At which venue did Queen perform in Okayama on 28 April 1975?,,,,Capital Theater,false
Queen Quiz: Archive Explorer (Part 15),,At which venue did Queen perform in Okayama on 28 April 1975?,,,,Kokusai Kaikan,false
Queen Quiz: Archive Explorer (Part 15),,At which venue did Queen perform in Pittsburgh on 20 February 1976?,Concerts,hard,3,Santa Monica Civic Auditorium,false
Queen Quiz: Archive Explorer (Part 15),,At which venue did Queen perform in Pittsburgh on 20 February 1976?,,,,Festival Hall,false
Queen Quiz: Archive Explorer (Part 15),,At which venue did Queen perform in Pittsburgh on 20 February 1976?,,,,Stanley Theater,true
Queen Quiz: Archive Explorer (Part 15),,At which venue did Queen perform in Pittsburgh on 20 February 1976?,,,,Auditorium Theater,false
Queen Quiz: Archive Explorer (Part 15),,Which city hosted Queen's 30 August 1982 show at McNichols Arena?,Concerts,hard,3,East Rutherford,false
Queen Quiz: Archive Explorer (Part 15),,Which city hosted Queen's 30 August 1982 show at McNichols Arena?,,,,Cologne,false
Queen Quiz: Archive Explorer (Part 15),,Which city hosted Queen's 30 August 1982 show at McNichols Arena?,,,,Drammen,false
Queen Quiz: Archive Explorer (Part 15),,Which city hosted Queen's 30 August 1982 show at McNichols Arena?,,,,Denver,true
Queen Quiz: Archive Explorer (Part 15),,Which city hosted Queen's 9 August 1982 show at Brendan Byrne Arena?,Concerts,hard,3,East Rutherford,true
Queen Quiz: Archive Explorer (Part 15),,Which city hosted Queen's 9 August 1982 show at Brendan Byrne Arena?,,,,Denver,false
Queen Quiz: Archive Explorer (Part 15),,Which city hosted Queen's 9 August 1982 show at Brendan Byrne Arena?,,,,Detroit,false
Queen Quiz: Archive Explorer (Part 15),,Which city hosted Queen's 9 August 1982 show at Brendan Byrne Arena?,,,,Irvine,false
Queen Quiz: Archive Explorer (Part 15),,Which city hosted Queen's 22 November 1978 show at Auditorium?,Concerts,hard,3,New Haven,false
Queen Quiz: Archive Explorer (Part 15),,Which city hosted Queen's 22 November 1978 show at Auditorium?,,,,Nashville,true
Queen Quiz: Archive Explorer (Part 15),,Which city hosted Queen's 22 November 1978 show at Auditorium?,,,,Kalamazoo,false
Queen Quiz: Archive Explorer (Part 15),,Which city hosted Queen's 22 November 1978 show at Auditorium?,,,,Providence,false
Queen Quiz: Archive Explorer (Part 15),,Which Queen member has the individual writing credit for 'Who Wants to Live Forever'?,Songwriting,hard,3,Freddie Mercury,false
Queen Quiz: Archive Explorer (Part 15),,Which Queen member has the individual writing credit for 'Who Wants to Live Forever'?,,,,Roger Taylor,false
Queen Quiz: Archive Explorer (Part 15),,Which Queen member has the individual writing credit for 'Who Wants to Live Forever'?,,,,Brian May,true
Queen Quiz: Archive Explorer (Part 15),,Which Queen member has the individual writing credit for 'Who Wants to Live Forever'?,,,,John Deacon,false
Queen Quiz: Archive Explorer (Part 15),,Which designer explained the creation of 'The Miracle' album cover for the 2022 box set?,Archive Releases,hard,3,Mick Rock,false
Queen Quiz: Archive Explorer (Part 15),,Which designer explained the creation of 'The Miracle' album cover for the 2022 box set?,,,,David Bailey,false
Queen Quiz: Archive Explorer (Part 15),,Which designer explained the creation of 'The Miracle' album cover for the 2022 box set?,,,,Storm Thorgerson,false
Queen Quiz: Archive Explorer (Part 15),,Which designer explained the creation of 'The Miracle' album cover for the 2022 box set?,,,,Richard Gray,true
Queen Quiz: Archive Explorer (Part 15),,"In what year did this Queen-related event occur: John buys his first bass guitar, an EKO, for £22, taking over from departing bassist Clive Castledine?",Queen Timeline,hard,3,1966,true
Queen Quiz: Archive Explorer (Part 15),,"In what year did this Queen-related event occur: John buys his first bass guitar, an EKO, for £22, taking over from departing bassist Clive Castledine?",,,,1962,false
Queen Quiz: Archive Explorer (Part 15),,"In what year did this Queen-related event occur: John buys his first bass guitar, an EKO, for £22, taking over from departing bassist Clive Castledine?",,,,1969,false
Queen Quiz: Archive Explorer (Part 15),,"In what year did this Queen-related event occur: John buys his first bass guitar, an EKO, for £22, taking over from departing bassist Clive Castledine?",,,,1968,false
Queen Quiz: Archive Explorer (Part 15),,At which venue did Queen perform in College Park on 4 February 1977?,Concerts,hard,4,Gaumont,false
Queen Quiz: Archive Explorer (Part 15),,At which venue did Queen perform in College Park on 4 February 1977?,,,,"Cole Field House, University of Maryland",true
Queen Quiz: Archive Explorer (Part 15),,At which venue did Queen perform in College Park on 4 February 1977?,,,,Sam Houston,false
Queen Quiz: Archive Explorer (Part 15),,At which venue did Queen perform in College Park on 4 February 1977?,,,,The Gardens,false
Queen Quiz: Archive Explorer (Part 15),,What happened in Queen's story on 15 March 1965?,Queen Timeline,hard,4,Brian leaves Hampton Grammar School with ten O levels and four A levels,false
Queen Quiz: Archive Explorer (Part 15),,What happened in Queen's story on 15 March 1965?,,,,Roger joins local band Johnny Quale and the Reaction,false
Queen Quiz: Archive Explorer (Part 15),,What happened in Queen's story on 15 March 1965?,,,,Johnny Quale and the Reaction place fourth in the Rock and Rhythm Championship in Truro City Hall,true
Queen Quiz: Archive Explorer (Part 15),,What happened in Queen's story on 15 March 1965?,,,,Singer Johnny Quale leaves the band; Roger takes over lead vocals and the band is renamed simply Reaction,false
Queen Quiz: Archive Explorer (Part 15),,What happened in Queen's story on 13 September 1973?,Queen Timeline,hard,4,"Queen begin recording their second album at Trident Studios, this time as a main booked act",false
Queen Quiz: Archive Explorer (Part 15),,What happened in Queen's story on 13 September 1973?,,,,Elektra Records releases Queen's debut album in the USA; it eventually climbs to number 83 on the Billboard chart,false
Queen Quiz: Archive Explorer (Part 15),,What happened in Queen's story on 13 September 1973?,,,,"Queen play a special Marquee showcase for Elektra's Jack Holsten, who is won over despite a half-empty room",false
Queen Quiz: Archive Explorer (Part 15),,What happened in Queen's story on 13 September 1973?,,,,"Queen record a BBC In Concert session at the Golders Green Hippodrome, opening with the taped intro 'Procession'",true
Queen Quiz: Archive Explorer (Part 15),,Who provided additional production on the original 'Queen II' album?,Archive Releases,hard,4,Robin Geoffrey Cable,true
Queen Quiz: Archive Explorer (Part 15),,Who provided additional production on the original 'Queen II' album?,,,,John Anthony,false
Queen Quiz: Archive Explorer (Part 15),,Who provided additional production on the original 'Queen II' album?,,,,Mike Stone,false
Queen Quiz: Archive Explorer (Part 15),,Who provided additional production on the original 'Queen II' album?,,,,David Richards,false
Queen Quiz: Archive Explorer (Part 16),"25 fresh questions on Queen concerts, milestones, songwriting and the band's wider story.","In which decade did this happen: Queen play St James' Park, Newcastle, donating all proceeds to the Save The Children Fund (with promoter Harvey Goldsmith waiving his cut too)?",Queen Timeline,easy,1,1980s,true
Queen Quiz: Archive Explorer (Part 16),,"In which decade did this happen: Queen play St James' Park, Newcastle, donating all proceeds to the Save The Children Fund (with promoter Harvey Goldsmith waiving his cut too)?",,,,1990s,false
Queen Quiz: Archive Explorer (Part 16),,"In which decade did this happen: Queen play St James' Park, Newcastle, donating all proceeds to the Save The Children Fund (with promoter Harvey Goldsmith waiving his cut too)?",,,,2010s,false
Queen Quiz: Archive Explorer (Part 16),,"In which decade did this happen: Queen play St James' Park, Newcastle, donating all proceeds to the Save The Children Fund (with promoter Harvey Goldsmith waiving his cut too)?",,,,1940s,false
Queen Quiz: Archive Explorer (Part 16),,"In which decade did this happen: Queen begin recording their second album at Trident Studios, this time as a main booked act?",Queen Timeline,easy,1,2000s,false
Queen Quiz: Archive Explorer (Part 16),,"In which decade did this happen: Queen begin recording their second album at Trident Studios, this time as a main booked act?",,,,1970s,true
Queen Quiz: Archive Explorer (Part 16),,"In which decade did this happen: Queen begin recording their second album at Trident Studios, this time as a main booked act?",,,,2010s,false
Queen Quiz: Archive Explorer (Part 16),,"In which decade did this happen: Queen begin recording their second album at Trident Studios, this time as a main booked act?",,,,1950s,false
Queen Quiz: Archive Explorer (Part 16),,"In which decade did this happen: Queen play the tiny Mayfair club in Tottenham, too small to fit a lighting rig?",Queen Timeline,easy,1,1950s,false
Queen Quiz: Archive Explorer (Part 16),,"In which decade did this happen: Queen play the tiny Mayfair club in Tottenham, too small to fit a lighting rig?",,,,2000s,false
Queen Quiz: Archive Explorer (Part 16),,"In which decade did this happen: Queen play the tiny Mayfair club in Tottenham, too small to fit a lighting rig?",,,,1970s,true
Queen Quiz: Archive Explorer (Part 16),,"In which decade did this happen: Queen play the tiny Mayfair club in Tottenham, too small to fit a lighting rig?",,,,1940s,false
Queen Quiz: Archive Explorer (Part 16),,In what year did this Queen-related event occur: The band rehearses new material for their third album at Rockfield Studios in Wales; Brian is repeatedly ill?,Queen Timeline,medium,2,1970,false
Queen Quiz: Archive Explorer (Part 16),,In what year did this Queen-related event occur: The band rehearses new material for their third album at Rockfield Studios in Wales; Brian is repeatedly ill?,,,,1972,false
Queen Quiz: Archive Explorer (Part 16),,In what year did this Queen-related event occur: The band rehearses new material for their third album at Rockfield Studios in Wales; Brian is repeatedly ill?,,,,1978,false
Queen Quiz: Archive Explorer (Part 16),,In what year did this Queen-related event occur: The band rehearses new material for their third album at Rockfield Studios in Wales; Brian is repeatedly ill?,,,,1974,true
Queen Quiz: Archive Explorer (Part 16),,In which country did Queen play at Byam Shaw School of Art on 10 December 1970?,Concerts,medium,2,UK,true
Queen Quiz: Archive Explorer (Part 16),,In which country did Queen play at Byam Shaw School of Art on 10 December 1970?,,,,France,false
Queen Quiz: Archive Explorer (Part 16),,In which country did Queen play at Byam Shaw School of Art on 10 December 1970?,,,,Spain,false
Queen Quiz: Archive Explorer (Part 16),,In which country did Queen play at Byam Shaw School of Art on 10 December 1970?,,,,Brazil,false
Queen Quiz: Archive Explorer (Part 16),,"In what year did this Queen-related event occur: Queen play two shows at Bingley Hall, Stafford; Freddie debuts a PVC jacket-and-trousers look, followed by a sequinned hot-pant jumpsuit for the encore?",Queen Timeline,medium,2,1977,false
Queen Quiz: Archive Explorer (Part 16),,"In what year did this Queen-related event occur: Queen play two shows at Bingley Hall, Stafford; Freddie debuts a PVC jacket-and-trousers look, followed by a sequinned hot-pant jumpsuit for the encore?",,,,1978,true
Queen Quiz: Archive Explorer (Part 16),,"In what year did this Queen-related event occur: Queen play two shows at Bingley Hall, Stafford; Freddie debuts a PVC jacket-and-trousers look, followed by a sequinned hot-pant jumpsuit for the encore?",,,,1982,false
Queen Quiz: Archive Explorer (Part 16),,"In what year did this Queen-related event occur: Queen play two shows at Bingley Hall, Stafford; Freddie debuts a PVC jacket-and-trousers look, followed by a sequinned hot-pant jumpsuit for the encore?",,,,1980,false
Queen Quiz: Archive Explorer (Part 16),,"In what year did this Queen-related event occur: The Cross's first tour opens at a Leeds University student ball, then Glasgow's Queen Margaret Union?",Queen Timeline,medium,2,1984,false
Queen Quiz: Archive Explorer (Part 16),,"In what year did this Queen-related event occur: The Cross's first tour opens at a Leeds University student ball, then Glasgow's Queen Margaret Union?",,,,1990,false
Queen Quiz: Archive Explorer (Part 16),,"In what year did this Queen-related event occur: The Cross's first tour opens at a Leeds University student ball, then Glasgow's Queen Margaret Union?",,,,1988,true
Queen Quiz: Archive Explorer (Part 16),,"In what year did this Queen-related event occur: The Cross's first tour opens at a Leeds University student ball, then Glasgow's Queen Margaret Union?",,,,1991,false
Queen Quiz: Archive Explorer (Part 16),,"In what year did this Queen-related event occur: The Cross play a one-off gig at Hammersmith Palais, reuniting three-quarters of Queen on one stage?",Queen Timeline,medium,2,1986,false
Queen Quiz: Archive Explorer (Part 16),,"In what year did this Queen-related event occur: The Cross play a one-off gig at Hammersmith Palais, reuniting three-quarters of Queen on one stage?",,,,1990,false
Queen Quiz: Archive Explorer (Part 16),,"In what year did this Queen-related event occur: The Cross play a one-off gig at Hammersmith Palais, reuniting three-quarters of Queen on one stage?",,,,1987,false
Queen Quiz: Archive Explorer (Part 16),,"In what year did this Queen-related event occur: The Cross play a one-off gig at Hammersmith Palais, reuniting three-quarters of Queen on one stage?",,,,1988,true
Queen Quiz: Archive Explorer (Part 16),,In which country did Queen play at Ahoy Hall on 29 January 1979?,Concerts,medium,2,The Netherlands,true
Queen Quiz: Archive Explorer (Part 16),,In which country did Queen play at Ahoy Hall on 29 January 1979?,,,,USA,false
Queen Quiz: Archive Explorer (Part 16),,In which country did Queen play at Ahoy Hall on 29 January 1979?,,,,Belgium,false
Queen Quiz: Archive Explorer (Part 16),,In which country did Queen play at Ahoy Hall on 29 January 1979?,,,,Luxembourg,false
Queen Quiz: Archive Explorer (Part 16),,In which month of 1978 did this happen: Brian celebrates his birthday in Toronto during his 'year out'?,Queen Timeline,hard,3,September,false
Queen Quiz: Archive Explorer (Part 16),,In which month of 1978 did this happen: Brian celebrates his birthday in Toronto during his 'year out'?,,,,July,true
Queen Quiz: Archive Explorer (Part 16),,In which month of 1978 did this happen: Brian celebrates his birthday in Toronto during his 'year out'?,,,,December,false
Queen Quiz: Archive Explorer (Part 16),,In which month of 1978 did this happen: Brian celebrates his birthday in Toronto during his 'year out'?,,,,August,false
Queen Quiz: Archive Explorer (Part 16),,In what year did this Queen-related event occur: Queen attend the Japanese premiere of Flash Gordon as guests of honour?,Queen Timeline,hard,3,1984,false
Queen Quiz: Archive Explorer (Part 16),,In what year did this Queen-related event occur: Queen attend the Japanese premiere of Flash Gordon as guests of honour?,,,,1977,false
Queen Quiz: Archive Explorer (Part 16),,In what year did this Queen-related event occur: Queen attend the Japanese premiere of Flash Gordon as guests of honour?,,,,1981,true
Queen Quiz: Archive Explorer (Part 16),,In what year did this Queen-related event occur: Queen attend the Japanese premiere of Flash Gordon as guests of honour?,,,,1982,false
Queen Quiz: Archive Explorer (Part 16),,"In what year did this Queen-related event occur: Queen close out the Rock in Rio festival, playing at 2am after eight days of near-constant rain turned the site to mud?",Queen Timeline,hard,3,1989,false
Queen Quiz: Archive Explorer (Part 16),,"In what year did this Queen-related event occur: Queen close out the Rock in Rio festival, playing at 2am after eight days of near-constant rain turned the site to mud?",,,,1988,false
Queen Quiz: Archive Explorer (Part 16),,"In what year did this Queen-related event occur: Queen close out the Rock in Rio festival, playing at 2am after eight days of near-constant rain turned the site to mud?",,,,1983,false
Queen Quiz: Archive Explorer (Part 16),,"In what year did this Queen-related event occur: Queen close out the Rock in Rio festival, playing at 2am after eight days of near-constant rain turned the site to mud?",,,,1985,true
Queen Quiz: Archive Explorer (Part 16),,Which Queen member has the individual writing credit for 'Lily of the Valley'?,Songwriting,hard,3,Freddie Mercury,true
Queen Quiz: Archive Explorer (Part 16),,Which Queen member has the individual writing credit for 'Lily of the Valley'?,,,,Brian May,false
Queen Quiz: Archive Explorer (Part 16),,Which Queen member has the individual writing credit for 'Lily of the Valley'?,,,,Roger Taylor,false
Queen Quiz: Archive Explorer (Part 16),,Which Queen member has the individual writing credit for 'Lily of the Valley'?,,,,John Deacon,false
Queen Quiz: Archive Explorer (Part 16),,"In what year did this Queen-related event occur: Brian May sits in with Bon Jovi, playing Ritchie Sambora's guitar?",Queen Timeline,hard,3,1985,false
Queen Quiz: Archive Explorer (Part 16),,"In what year did this Queen-related event occur: Brian May sits in with Bon Jovi, playing Ritchie Sambora's guitar?",,,,1988,true
Queen Quiz: Archive Explorer (Part 16),,"In what year did this Queen-related event occur: Brian May sits in with Bon Jovi, playing Ritchie Sambora's guitar?",,,,1984,false
Queen Quiz: Archive Explorer (Part 16),,"In what year did this Queen-related event occur: Brian May sits in with Bon Jovi, playing Ritchie Sambora's guitar?",,,,1992,false
Queen Quiz: Archive Explorer (Part 16),,"In which month of 1968 did this happen: Roger is awarded the first half of his dental degree, then takes a year off to focus on music?",Queen Timeline,hard,3,May,false
Queen Quiz: Archive Explorer (Part 16),,"In which month of 1968 did this happen: Roger is awarded the first half of his dental degree, then takes a year off to focus on music?",,,,March,false
Queen Quiz: Archive Explorer (Part 16),,"In which month of 1968 did this happen: Roger is awarded the first half of his dental degree, then takes a year off to focus on music?",,,,August,true
Queen Quiz: Archive Explorer (Part 16),,"In which month of 1968 did this happen: Roger is awarded the first half of his dental degree, then takes a year off to focus on music?",,,,January,false
Queen Quiz: Archive Explorer (Part 16),,Which city hosted Queen's 23 April 1978 show at Pavillon?,Concerts,hard,3,Stafford,false
Queen Quiz: Archive Explorer (Part 16),,Which city hosted Queen's 23 April 1978 show at Pavillon?,,,,Philadelphia,false
Queen Quiz: Archive Explorer (Part 16),,Which city hosted Queen's 23 April 1978 show at Pavillon?,,,,Vancouver,false
Queen Quiz: Archive Explorer (Part 16),,Which city hosted Queen's 23 April 1978 show at Pavillon?,,,,Paris,true
Queen Quiz: Archive Explorer (Part 16),,Which Queen member has the individual writing credit for 'Save Me'?,Songwriting,hard,3,Brian May,true
Queen Quiz: Archive Explorer (Part 16),,Which Queen member has the individual writing credit for 'Save Me'?,,,,Freddie Mercury,false
Queen Quiz: Archive Explorer (Part 16),,Which Queen member has the individual writing credit for 'Save Me'?,,,,Roger Taylor,false
Queen Quiz: Archive Explorer (Part 16),,Which Queen member has the individual writing credit for 'Save Me'?,,,,John Deacon,false
Queen Quiz: Archive Explorer (Part 16),,Which Queen member has the individual writing credit for 'Jealousy'?,Songwriting,hard,3,Brian May,false
Queen Quiz: Archive Explorer (Part 16),,Which Queen member has the individual writing credit for 'Jealousy'?,,,,Freddie Mercury,true
Queen Quiz: Archive Explorer (Part 16),,Which Queen member has the individual writing credit for 'Jealousy'?,,,,Roger Taylor,false
Queen Quiz: Archive Explorer (Part 16),,Which Queen member has the individual writing credit for 'Jealousy'?,,,,John Deacon,false
Queen Quiz: Archive Explorer (Part 16),,Which city hosted Queen's 29 November 1980 show at Grugahalle?,Concerts,hard,3,Greensboro,false
Queen Quiz: Archive Explorer (Part 16),,Which city hosted Queen's 29 November 1980 show at Grugahalle?,,,,St. Paul,false
Queen Quiz: Archive Explorer (Part 16),,Which city hosted Queen's 29 November 1980 show at Grugahalle?,,,,Essen,true
Queen Quiz: Archive Explorer (Part 16),,Which city hosted Queen's 29 November 1980 show at Grugahalle?,,,,Pittsburgh,false
Queen Quiz: Archive Explorer (Part 16),,What is the title of the disc of demos and unreleased recordings in the 2022 'Miracle' set?,Archive Releases,hard,3,The Miracle Live,false
Queen Quiz: Archive Explorer (Part 16),,What is the title of the disc of demos and unreleased recordings in the 2022 'Miracle' set?,,,,The Works Sessions,false
Queen Quiz: Archive Explorer (Part 16),,What is the title of the disc of demos and unreleased recordings in the 2022 'Miracle' set?,,,,The Lost Years,false
Queen Quiz: Archive Explorer (Part 16),,What is the title of the disc of demos and unreleased recordings in the 2022 'Miracle' set?,,,,The Miracle Sessions,true
Queen Quiz: Archive Explorer (Part 16),,Which city hosted Queen's 12 May 1978 show at Empire Pool?,Concerts,hard,3,London,true
Queen Quiz: Archive Explorer (Part 16),,Which city hosted Queen's 12 May 1978 show at Empire Pool?,,,,Ottawa,false
Queen Quiz: Archive Explorer (Part 16),,Which city hosted Queen's 12 May 1978 show at Empire Pool?,,,,St. Louis,false
Queen Quiz: Archive Explorer (Part 16),,Which city hosted Queen's 12 May 1978 show at Empire Pool?,,,,Detroit,false
Queen Quiz: Archive Explorer (Part 16),,At which venue did Queen perform in Munich on 10 February 1979?,Concerts,hard,4,Centre,false
Queen Quiz: Archive Explorer (Part 16),,At which venue did Queen perform in Munich on 10 February 1979?,,,,Rudi Sedlmayer Halle,true
Queen Quiz: Archive Explorer (Part 16),,At which venue did Queen perform in Munich on 10 February 1979?,,,,Westfallenhalle,false
Queen Quiz: Archive Explorer (Part 16),,At which venue did Queen perform in Munich on 10 February 1979?,,,,Central International Display,false
Queen Quiz: Archive Explorer (Part 16),,At which venue did Queen perform in St. Agnes on 9 August 1971?,Concerts,hard,4,Town Hall,false
Queen Quiz: Archive Explorer (Part 16),,At which venue did Queen perform in St. Agnes on 9 August 1971?,,,,Kingston Polytechnic,false
Queen Quiz: Archive Explorer (Part 16),,At which venue did Queen perform in St. Agnes on 9 August 1971?,,,,Driftwood Spars,true
Queen Quiz: Archive Explorer (Part 16),,At which venue did Queen perform in St. Agnes on 9 August 1971?,,,,City Hall,false
Queen Quiz: Archive Explorer (Part 16),,What happened in Queen's story on 1 November 1972?,Queen Timeline,hard,4,Trident agrees to pay each member of Queen £20 per week even though no recording deal has yet been signed,false
Queen Quiz: Archive Explorer (Part 16),,What happened in Queen's story on 1 November 1972?,,,,Roger leaves the North London Polytechnic with his biology degree,false
Queen Quiz: Archive Explorer (Part 16),,What happened in Queen's story on 1 November 1972?,,,,"Jack Nelson takes the Queen demo to EMI; EMI want Queen alone but Trident refuse to split the three-act package, so EMI turns them down",false
Queen Quiz: Archive Explorer (Part 16),,What happened in Queen's story on 1 November 1972?,,,,Queen sign a legal contract with Trident Audio Productions Ltd,true
Queen Quiz: Archive Explorer (Part 16),,What happened in Queen's story on 9 April 1973?,Queen Timeline,hard,4,"Queen play a special Marquee showcase for Elektra's Jack Holsten, who is won over despite a half-empty room",true
Queen Quiz: Archive Explorer (Part 16),,What happened in Queen's story on 9 April 1973?,,,,"Queen begin recording their second album at Trident Studios, this time as a main booked act",false
Queen Quiz: Archive Explorer (Part 16),,What happened in Queen's story on 9 April 1973?,,,,"Queen record a BBC In Concert session at the Golders Green Hippodrome, opening with the taped intro 'Procession'",false
Queen Quiz: Archive Explorer (Part 16),,What happened in Queen's story on 9 April 1973?,,,,Elektra Records releases Queen's debut album in the USA; it eventually climbs to number 83 on the Billboard chart,false
Queen Quiz: Archive Explorer (Part 17),"25 fresh questions on Queen concerts, milestones, songwriting and the band's wider story.",In which decade did this happen: Queen perform 'Radio Ga Ga' at the San Remo song festival in Italy - their first time ever playing in the country?,Queen Timeline,easy,1,1980s,true
Queen Quiz: Archive Explorer (Part 17),,In which decade did this happen: Queen perform 'Radio Ga Ga' at the San Remo song festival in Italy - their first time ever playing in the country?,,,,1940s,false
Queen Quiz: Archive Explorer (Part 17),,In which decade did this happen: Queen perform 'Radio Ga Ga' at the San Remo song festival in Italy - their first time ever playing in the country?,,,,1990s,false
Queen Quiz: Archive Explorer (Part 17),,In which decade did this happen: Queen perform 'Radio Ga Ga' at the San Remo song festival in Italy - their first time ever playing in the country?,,,,1970s,false
Queen Quiz: Archive Explorer (Part 17),,"In which decade did this happen: Queen release the first-ever Queen video single, entering the video chart at number one - a new format for the industry?",Queen Timeline,easy,1,1950s,false
Queen Quiz: Archive Explorer (Part 17),,"In which decade did this happen: Queen release the first-ever Queen video single, entering the video chart at number one - a new format for the industry?",,,,1980s,true
Queen Quiz: Archive Explorer (Part 17),,"In which decade did this happen: Queen release the first-ever Queen video single, entering the video chart at number one - a new format for the industry?",,,,1960s,false
Queen Quiz: Archive Explorer (Part 17),,"In which decade did this happen: Queen release the first-ever Queen video single, entering the video chart at number one - a new format for the industry?",,,,1970s,false
Queen Quiz: Archive Explorer (Part 17),,"In which decade did this happen: Queen fly out to begin a European tour, opening in Stockholm on 12 April?",Queen Timeline,easy,1,1990s,false
Queen Quiz: Archive Explorer (Part 17),,"In which decade did this happen: Queen fly out to begin a European tour, opening in Stockholm on 12 April?",,,,2010s,false
Queen Quiz: Archive Explorer (Part 17),,"In which decade did this happen: Queen fly out to begin a European tour, opening in Stockholm on 12 April?",,,,1970s,true
Queen Quiz: Archive Explorer (Part 17),,"In which decade did this happen: Queen fly out to begin a European tour, opening in Stockholm on 12 April?",,,,1960s,false
Queen Quiz: Archive Explorer (Part 17),,"In what year did this Queen-related event occur: EMI releases A Kind Of Magic, the Highlander-inspired album, straight to UK number one?",Queen Timeline,medium,2,1982,false
Queen Quiz: Archive Explorer (Part 17),,"In what year did this Queen-related event occur: EMI releases A Kind Of Magic, the Highlander-inspired album, straight to UK number one?",,,,1983,false
Queen Quiz: Archive Explorer (Part 17),,"In what year did this Queen-related event occur: EMI releases A Kind Of Magic, the Highlander-inspired album, straight to UK number one?",,,,1984,false
Queen Quiz: Archive Explorer (Part 17),,"In what year did this Queen-related event occur: EMI releases A Kind Of Magic, the Highlander-inspired album, straight to UK number one?",,,,1986,true
Queen Quiz: Archive Explorer (Part 17),,"In what year did this Queen-related event occur: Queen play the Milton Keynes Bowl, filmed for TV by Tyne Tees Television?",Queen Timeline,medium,2,1982,true
Queen Quiz: Archive Explorer (Part 17),,"In what year did this Queen-related event occur: Queen play the Milton Keynes Bowl, filmed for TV by Tyne Tees Television?",,,,1984,false
Queen Quiz: Archive Explorer (Part 17),,"In what year did this Queen-related event occur: Queen play the Milton Keynes Bowl, filmed for TV by Tyne Tees Television?",,,,1986,false
Queen Quiz: Archive Explorer (Part 17),,"In what year did this Queen-related event occur: Queen play the Milton Keynes Bowl, filmed for TV by Tyne Tees Television?",,,,1983,false
Queen Quiz: Archive Explorer (Part 17),,In what year did this Queen-related event occur: The Miracle album is released and goes platinum in its first week?,Queen Timeline,medium,2,1993,false
Queen Quiz: Archive Explorer (Part 17),,In what year did this Queen-related event occur: The Miracle album is released and goes platinum in its first week?,,,,1989,true
Queen Quiz: Archive Explorer (Part 17),,In what year did this Queen-related event occur: The Miracle album is released and goes platinum in its first week?,,,,1988,false
Queen Quiz: Archive Explorer (Part 17),,In what year did this Queen-related event occur: The Miracle album is released and goes platinum in its first week?,,,,1992,false
Queen Quiz: Archive Explorer (Part 17),,"In what year did this Queen-related event occur: Queen play Elland Road football ground in Leeds to 38,000 fans - a show Brian later called one of the band's best ever?",Queen Timeline,medium,2,1981,false
Queen Quiz: Archive Explorer (Part 17),,"In what year did this Queen-related event occur: Queen play Elland Road football ground in Leeds to 38,000 fans - a show Brian later called one of the band's best ever?",,,,1983,false
Queen Quiz: Archive Explorer (Part 17),,"In what year did this Queen-related event occur: Queen play Elland Road football ground in Leeds to 38,000 fans - a show Brian later called one of the band's best ever?",,,,1982,true
Queen Quiz: Archive Explorer (Part 17),,"In what year did this Queen-related event occur: Queen play Elland Road football ground in Leeds to 38,000 fans - a show Brian later called one of the band's best ever?",,,,1979,false
Queen Quiz: Archive Explorer (Part 17),,"In what year did this Queen-related event occur: The album Innuendo is released, entering the UK chart at number one with first-week shipments over 200,000?",Queen Timeline,medium,2,1992,false
Queen Quiz: Archive Explorer (Part 17),,"In what year did this Queen-related event occur: The album Innuendo is released, entering the UK chart at number one with first-week shipments over 200,000?",,,,1987,false
Queen Quiz: Archive Explorer (Part 17),,"In what year did this Queen-related event occur: The album Innuendo is released, entering the UK chart at number one with first-week shipments over 200,000?",,,,1989,false
Queen Quiz: Archive Explorer (Part 17),,"In what year did this Queen-related event occur: The album Innuendo is released, entering the UK chart at number one with first-week shipments over 200,000?",,,,1991,true
Queen Quiz: Archive Explorer (Part 17),,In which country did Queen play at Les Arenes on 25 February 1979?,Concerts,medium,2,France,true
Queen Quiz: Archive Explorer (Part 17),,In which country did Queen play at Les Arenes on 25 February 1979?,,,,Spain,false
Queen Quiz: Archive Explorer (Part 17),,In which country did Queen play at Les Arenes on 25 February 1979?,,,,Norway,false
Queen Quiz: Archive Explorer (Part 17),,In which country did Queen play at Les Arenes on 25 February 1979?,,,,The Netherlands,false
Queen Quiz: Archive Explorer (Part 17),,Which song was added to the film's extended Live Aid sequence alongside 'Crazy Little Thing Called Love'?,Queen on Screen,hard,3,Under Pressure,false
Queen Quiz: Archive Explorer (Part 17),,Which song was added to the film's extended Live Aid sequence alongside 'Crazy Little Thing Called Love'?,,,,We Will Rock You,true
Queen Quiz: Archive Explorer (Part 17),,Which song was added to the film's extended Live Aid sequence alongside 'Crazy Little Thing Called Love'?,,,,A Kind of Magic,false
Queen Quiz: Archive Explorer (Part 17),,Which song was added to the film's extended Live Aid sequence alongside 'Crazy Little Thing Called Love'?,,,,The Show Must Go On,false
Queen Quiz: Archive Explorer (Part 17),,In what year did this Queen-related event occur: Freddie joins Liverpool band Ibex as lead vocalist and also takes on a stall in Kensington Market with Roger Taylor?,Queen Timeline,hard,3,1970,false
Queen Quiz: Archive Explorer (Part 17),,In what year did this Queen-related event occur: Freddie joins Liverpool band Ibex as lead vocalist and also takes on a stall in Kensington Market with Roger Taylor?,,,,1971,false
Queen Quiz: Archive Explorer (Part 17),,In what year did this Queen-related event occur: Freddie joins Liverpool band Ibex as lead vocalist and also takes on a stall in Kensington Market with Roger Taylor?,,,,1969,true
Queen Quiz: Archive Explorer (Part 17),,In what year did this Queen-related event occur: Freddie joins Liverpool band Ibex as lead vocalist and also takes on a stall in Kensington Market with Roger Taylor?,,,,1973,false
Queen Quiz: Archive Explorer (Part 17),,In what year did this Queen-related event occur: Roger Taylor holds a charity banger race at Wimbledon Stadium?,Queen Timeline,hard,3,1988,false
Queen Quiz: Archive Explorer (Part 17),,In what year did this Queen-related event occur: Roger Taylor holds a charity banger race at Wimbledon Stadium?,,,,1990,false
Queen Quiz: Archive Explorer (Part 17),,In what year did this Queen-related event occur: Roger Taylor holds a charity banger race at Wimbledon Stadium?,,,,1993,false
Queen Quiz: Archive Explorer (Part 17),,In what year did this Queen-related event occur: Roger Taylor holds a charity banger race at Wimbledon Stadium?,,,,1989,true
Queen Quiz: Archive Explorer (Part 17),,In what year did Freddie Mercury make a one-night stage appearance in the musical 'Time'?,Freddie Mercury,hard,3,1987,true
Queen Quiz: Archive Explorer (Part 17),,In what year did Freddie Mercury make a one-night stage appearance in the musical 'Time'?,,,,1985,false
Queen Quiz: Archive Explorer (Part 17),,In what year did Freddie Mercury make a one-night stage appearance in the musical 'Time'?,,,,1989,false
Queen Quiz: Archive Explorer (Part 17),,In what year did Freddie Mercury make a one-night stage appearance in the musical 'Time'?,,,,1991,false
Queen Quiz: Archive Explorer (Part 17),,Which city hosted Queen's 28 January 1972 show at Bedford College?,Concerts,hard,3,Trenton,false
Queen Quiz: Archive Explorer (Part 17),,Which city hosted Queen's 28 January 1972 show at Bedford College?,,,,London,true
Queen Quiz: Archive Explorer (Part 17),,Which city hosted Queen's 28 January 1972 show at Bedford College?,,,,Bonn,false
Queen Quiz: Archive Explorer (Part 17),,Which city hosted Queen's 28 January 1972 show at Bedford College?,,,,Puebla,false
Queen Quiz: Archive Explorer (Part 17),,At which venue did Queen perform in Indianapolis on 27 February 1976?,Concerts,hard,3,Playhouse Theatre,false
Queen Quiz: Archive Explorer (Part 17),,At which venue did Queen perform in Indianapolis on 27 February 1976?,,,,Veterans Memorial Auditorium,false
Queen Quiz: Archive Explorer (Part 17),,At which venue did Queen perform in Indianapolis on 27 February 1976?,,,,Convention Centre,true
Queen Quiz: Archive Explorer (Part 17),,At which venue did Queen perform in Indianapolis on 27 February 1976?,,,,Nichidai Kodo,false
Queen Quiz: Archive Explorer (Part 17),,At which venue did Queen perform in Toledo on 11 February 1975?,Concerts,hard,3,Civic Auditorium,false
Queen Quiz: Archive Explorer (Part 17),,At which venue did Queen perform in Toledo on 11 February 1975?,,,,Municipal Theatre,false
Queen Quiz: Archive Explorer (Part 17),,At which venue did Queen perform in Toledo on 11 February 1975?,,,,Apollo Theatre,false
Queen Quiz: Archive Explorer (Part 17),,At which venue did Queen perform in Toledo on 11 February 1975?,,,,Student Union Auditorium,true
Queen Quiz: Archive Explorer (Part 17),,Which city hosted Queen's 20 April 1979 show at Festival Hall?,Concerts,hard,3,Osaka,true
Queen Quiz: Archive Explorer (Part 17),,Which city hosted Queen's 20 April 1979 show at Festival Hall?,,,,Hanover,false
Queen Quiz: Archive Explorer (Part 17),,Which city hosted Queen's 20 April 1979 show at Festival Hall?,,,,Rotterdam,false
Queen Quiz: Archive Explorer (Part 17),,Which city hosted Queen's 20 April 1979 show at Festival Hall?,,,,Kiel,false
Queen Quiz: Archive Explorer (Part 17),,Which city hosted Queen's 26 October 1982 show at Kosusai Tenjijo?,Concerts,hard,3,Fukuoka,false
Queen Quiz: Archive Explorer (Part 17),,Which city hosted Queen's 26 October 1982 show at Kosusai Tenjijo?,,,,Nagoya,true
Queen Quiz: Archive Explorer (Part 17),,Which city hosted Queen's 26 October 1982 show at Kosusai Tenjijo?,,,,Berlin,false
Queen Quiz: Archive Explorer (Part 17),,Which city hosted Queen's 26 October 1982 show at Kosusai Tenjijo?,,,,Irvine,false
Queen Quiz: Archive Explorer (Part 17),,Supporters of which football club did Roger Taylor help during a takeover fight?,Roger Taylor,hard,3,Arsenal,false
Queen Quiz: Archive Explorer (Part 17),,Supporters of which football club did Roger Taylor help during a takeover fight?,,,,Chelsea,false
Queen Quiz: Archive Explorer (Part 17),,Supporters of which football club did Roger Taylor help during a takeover fight?,,,,Manchester United,true
Queen Quiz: Archive Explorer (Part 17),,Supporters of which football club did Roger Taylor help during a takeover fight?,,,,Liverpool,false
Queen Quiz: Archive Explorer (Part 17),,Which Queen member has the individual writing credit for 'Dead on Time'?,Songwriting,hard,3,Freddie Mercury,false
Queen Quiz: Archive Explorer (Part 17),,Which Queen member has the individual writing credit for 'Dead on Time'?,,,,Roger Taylor,false
Queen Quiz: Archive Explorer (Part 17),,Which Queen member has the individual writing credit for 'Dead on Time'?,,,,John Deacon,false
Queen Quiz: Archive Explorer (Part 17),,Which Queen member has the individual writing credit for 'Dead on Time'?,,,,Brian May,true
Queen Quiz: Archive Explorer (Part 17),,Which city hosted Queen's 23 May 1977 show at Hippodrome?,Concerts,hard,3,Bristol,true
Queen Quiz: Archive Explorer (Part 17),,Which city hosted Queen's 23 May 1977 show at Hippodrome?,,,,Chicago,false
Queen Quiz: Archive Explorer (Part 17),,Which city hosted Queen's 23 May 1977 show at Hippodrome?,,,,Detroit,false
Queen Quiz: Archive Explorer (Part 17),,Which city hosted Queen's 23 May 1977 show at Hippodrome?,,,,Edmonton,false
Queen Quiz: Archive Explorer (Part 17),,At which venue did Queen perform in Springfield on 13 November 1977?,Concerts,hard,4,SMU Moody Coliseum,false
Queen Quiz: Archive Explorer (Part 17),,At which venue did Queen perform in Springfield on 13 November 1977?,,,,Civic Centre,true
Queen Quiz: Archive Explorer (Part 17),,At which venue did Queen perform in Springfield on 13 November 1977?,,,,Maple Leaf Gardens,false
Queen Quiz: Archive Explorer (Part 17),,At which venue did Queen perform in Springfield on 13 November 1977?,,,,"Nassau Coliseum, Uniondale",false
Queen Quiz: Archive Explorer (Part 17),,Who is credited for the typography of the original 'Queen II' sleeve?,Archive Releases,hard,4,Mick Rock,false
Queen Quiz: Archive Explorer (Part 17),,Who is credited for the typography of the original 'Queen II' sleeve?,,,,Richard Gray,false
Queen Quiz: Archive Explorer (Part 17),,Who is credited for the typography of the original 'Queen II' sleeve?,,,,Ridgeway Watt,true
Queen Quiz: Archive Explorer (Part 17),,Who is credited for the typography of the original 'Queen II' sleeve?,,,,Roger Taylor,false
Queen Quiz: Archive Explorer (Part 17),,What happened in Queen's story on 24 February 1975?,Queen Timeline,hard,4,The scheduled final US tour date in Portland is cancelled amid Freddie's ongoing throat problems,false
Queen Quiz: Archive Explorer (Part 17),,What happened in Queen's story on 24 February 1975?,,,,Freddie receives an Ivor Novello Award from the Songwriters Guild of Great Britain for 'Killer Queen',false
Queen Quiz: Archive Explorer (Part 17),,What happened in Queen's story on 24 February 1975?,,,,'Bohemian Rhapsody' hits number one on the UK singles chart,false
Queen Quiz: Archive Explorer (Part 17),,What happened in Queen's story on 24 February 1975?,,,,"Freddie performs in Washington DC despite severe vocal strain, in what turns out to be one of the tour's best shows before several dates are cancelled",true
Queen Quiz: Archive Explorer (Part 17),,At which venue did Queen perform in Nagoya on 13 May 1985?,Concerts,hard,4,Aichi Auditorium,true
Queen Quiz: Archive Explorer (Part 17),,At which venue did Queen perform in Nagoya on 13 May 1985?,,,,Entertainments Centre,false
Queen Quiz: Archive Explorer (Part 17),,At which venue did Queen perform in Nagoya on 13 May 1985?,,,,Sports & Entertainments Centre,false
Queen Quiz: Archive Explorer (Part 17),,At which venue did Queen perform in Nagoya on 13 May 1985?,,,,Yoyogi Taiikukan,false
Queen Quiz: Archive Explorer (Part 18),"25 fresh questions on Queen concerts, milestones, songwriting and the band's wider story.",Which original Queen studio album received a new 2026 mix in a 5CD+2LP Collector's Edition?,Archive Releases,easy,1,Queen II,true
Queen Quiz: Archive Explorer (Part 18),,Which original Queen studio album received a new 2026 mix in a 5CD+2LP Collector's Edition?,,,,The Game,false
Queen Quiz: Archive Explorer (Part 18),,Which original Queen studio album received a new 2026 mix in a 5CD+2LP Collector's Edition?,,,,Jazz,false
Queen Quiz: Archive Explorer (Part 18),,Which original Queen studio album received a new 2026 mix in a 5CD+2LP Collector's Edition?,,,,A Day at the Races,false
Queen Quiz: Archive Explorer (Part 18),,In which decade did this happen: Elektra releases an edited 'It's Late' as a US single; it peaks at only number 74 on Billboard?,Queen Timeline,easy,1,1980s,false
Queen Quiz: Archive Explorer (Part 18),,In which decade did this happen: Elektra releases an edited 'It's Late' as a US single; it peaks at only number 74 on Billboard?,,,,1970s,true
Queen Quiz: Archive Explorer (Part 18),,In which decade did this happen: Elektra releases an edited 'It's Late' as a US single; it peaks at only number 74 on Billboard?,,,,1940s,false
Queen Quiz: Archive Explorer (Part 18),,In which decade did this happen: Elektra releases an edited 'It's Late' as a US single; it peaks at only number 74 on Billboard?,,,,1950s,false
Queen Quiz: Archive Explorer (Part 18),,In which decade did this happen: Freddie leaves Isleworth with a grade A Art A level?,Queen Timeline,easy,1,2010s,false
Queen Quiz: Archive Explorer (Part 18),,In which decade did this happen: Freddie leaves Isleworth with a grade A Art A level?,,,,1940s,false
Queen Quiz: Archive Explorer (Part 18),,In which decade did this happen: Freddie leaves Isleworth with a grade A Art A level?,,,,1960s,true
Queen Quiz: Archive Explorer (Part 18),,In which decade did this happen: Freddie leaves Isleworth with a grade A Art A level?,,,,1990s,false
Queen Quiz: Archive Explorer (Part 18),,Who portrayed Brian May in the 2018 film 'Bohemian Rhapsody'?,Queen on Screen,medium,2,Rami Malek,false
Queen Quiz: Archive Explorer (Part 18),,Who portrayed Brian May in the 2018 film 'Bohemian Rhapsody'?,,,,Ben Hardy,false
Queen Quiz: Archive Explorer (Part 18),,Who portrayed Brian May in the 2018 film 'Bohemian Rhapsody'?,,,,Joe Mazzello,false
Queen Quiz: Archive Explorer (Part 18),,Who portrayed Brian May in the 2018 film 'Bohemian Rhapsody'?,,,,Gwilym Lee,true
Queen Quiz: Archive Explorer (Part 18),,Which ballet marked John Deacon's final onstage appearance with Queen in 1997?,John Deacon,medium,2,Ballet for Life,true
Queen Quiz: Archive Explorer (Part 18),,Which ballet marked John Deacon's final onstage appearance with Queen in 1997?,,,,Swan Lake,false
Queen Quiz: Archive Explorer (Part 18),,Which ballet marked John Deacon's final onstage appearance with Queen in 1997?,,,,The Nutcracker,false
Queen Quiz: Archive Explorer (Part 18),,Which ballet marked John Deacon's final onstage appearance with Queen in 1997?,,,,Giselle,false
Queen Quiz: Archive Explorer (Part 18),,How many CDs are in the 2024 'Queen I' Collector's Edition box?,Archive Releases,medium,2,Four,false
Queen Quiz: Archive Explorer (Part 18),,How many CDs are in the 2024 'Queen I' Collector's Edition box?,,,,Six,true
Queen Quiz: Archive Explorer (Part 18),,How many CDs are in the 2024 'Queen I' Collector's Edition box?,,,,Five,false
Queen Quiz: Archive Explorer (Part 18),,How many CDs are in the 2024 'Queen I' Collector's Edition box?,,,,Eight,false
Queen Quiz: Archive Explorer (Part 18),,How many CDs are in the 2026 'Queen II' Collector's Edition?,Archive Releases,medium,2,Three,false
Queen Quiz: Archive Explorer (Part 18),,How many CDs are in the 2026 'Queen II' Collector's Edition?,,,,Six,false
Queen Quiz: Archive Explorer (Part 18),,How many CDs are in the 2026 'Queen II' Collector's Edition?,,,,Five,true
Queen Quiz: Archive Explorer (Part 18),,How many CDs are in the 2026 'Queen II' Collector's Edition?,,,,Eight,false
Queen Quiz: Archive Explorer (Part 18),,In what year did this Queen-related event occur: Queen sign a new record deal with Capitol Records in the US?,Queen Timeline,medium,2,1981,false
Queen Quiz: Archive Explorer (Part 18),,In what year did this Queen-related event occur: Queen sign a new record deal with Capitol Records in the US?,,,,1980,false
Queen Quiz: Archive Explorer (Part 18),,In what year did this Queen-related event occur: Queen sign a new record deal with Capitol Records in the US?,,,,1979,false
Queen Quiz: Archive Explorer (Part 18),,In what year did this Queen-related event occur: Queen sign a new record deal with Capitol Records in the US?,,,,1983,true
Queen Quiz: Archive Explorer (Part 18),,In what year did this Queen-related event occur: Queen close their UK tour at the Empire Pool with a standout performance of 'White Queen'?,Queen Timeline,medium,2,1978,true
Queen Quiz: Archive Explorer (Part 18),,In what year did this Queen-related event occur: Queen close their UK tour at the Empire Pool with a standout performance of 'White Queen'?,,,,1979,false
Queen Quiz: Archive Explorer (Part 18),,In what year did this Queen-related event occur: Queen close their UK tour at the Empire Pool with a standout performance of 'White Queen'?,,,,1981,false
Queen Quiz: Archive Explorer (Part 18),,In what year did this Queen-related event occur: Queen close their UK tour at the Empire Pool with a standout performance of 'White Queen'?,,,,1974,false
Queen Quiz: Archive Explorer (Part 18),,"In what year did this Queen-related event occur: Freddie, Brian and Roger agree on the name Queen and begin life as a band?",Queen Timeline,hard,3,1967,false
Queen Quiz: Archive Explorer (Part 18),,"In what year did this Queen-related event occur: Freddie, Brian and Roger agree on the name Queen and begin life as a band?",,,,1970,true
Queen Quiz: Archive Explorer (Part 18),,"In what year did this Queen-related event occur: Freddie, Brian and Roger agree on the name Queen and begin life as a band?",,,,1968,false
Queen Quiz: Archive Explorer (Part 18),,"In what year did this Queen-related event occur: Freddie, Brian and Roger agree on the name Queen and begin life as a band?",,,,1966,false
Queen Quiz: Archive Explorer (Part 18),,"In which month of 1973 did this happen: Queen sign their first recording contract, with EMI Records Ltd, covering the UK and Europe?",Queen Timeline,hard,3,April,false
Queen Quiz: Archive Explorer (Part 18),,"In which month of 1973 did this happen: Queen sign their first recording contract, with EMI Records Ltd, covering the UK and Europe?",,,,August,false
Queen Quiz: Archive Explorer (Part 18),,"In which month of 1973 did this happen: Queen sign their first recording contract, with EMI Records Ltd, covering the UK and Europe?",,,,March,true
Queen Quiz: Archive Explorer (Part 18),,"In which month of 1973 did this happen: Queen sign their first recording contract, with EMI Records Ltd, covering the UK and Europe?",,,,December,false
Queen Quiz: Archive Explorer (Part 18),,Which Queen member has the individual writing credit for 'Seaside Rendezvous'?,Songwriting,hard,3,Brian May,false
Queen Quiz: Archive Explorer (Part 18),,Which Queen member has the individual writing credit for 'Seaside Rendezvous'?,,,,Roger Taylor,false
Queen Quiz: Archive Explorer (Part 18),,Which Queen member has the individual writing credit for 'Seaside Rendezvous'?,,,,John Deacon,false
Queen Quiz: Archive Explorer (Part 18),,Which Queen member has the individual writing credit for 'Seaside Rendezvous'?,,,,Freddie Mercury,true
Queen Quiz: Archive Explorer (Part 18),,Which city hosted Queen's 15 May 1982 show at Waldbühne?,Concerts,hard,3,Berlin,true
Queen Quiz: Archive Explorer (Part 18),,Which city hosted Queen's 15 May 1982 show at Waldbühne?,,,,Biloxi,false
Queen Quiz: Archive Explorer (Part 18),,Which city hosted Queen's 15 May 1982 show at Waldbühne?,,,,Cologne,false
Queen Quiz: Archive Explorer (Part 18),,Which city hosted Queen's 15 May 1982 show at Waldbühne?,,,,Drammen,false
Queen Quiz: Archive Explorer (Part 18),,Which Queen member has the individual writing credit for 'Dancer'?,Songwriting,hard,3,Freddie Mercury,false
Queen Quiz: Archive Explorer (Part 18),,Which Queen member has the individual writing credit for 'Dancer'?,,,,Brian May,true
Queen Quiz: Archive Explorer (Part 18),,Which Queen member has the individual writing credit for 'Dancer'?,,,,Roger Taylor,false
Queen Quiz: Archive Explorer (Part 18),,Which Queen member has the individual writing credit for 'Dancer'?,,,,John Deacon,false
Queen Quiz: Archive Explorer (Part 18),,At which venue did Queen perform in Dusseldorf on 16 May 1977?,Concerts,hard,3,Sporthalle,false
Queen Quiz: Archive Explorer (Part 18),,At which venue did Queen perform in Dusseldorf on 16 May 1977?,,,,Broendby Hall,false
Queen Quiz: Archive Explorer (Part 18),,At which venue did Queen perform in Dusseldorf on 16 May 1977?,,,,Phillipshalle,true
Queen Quiz: Archive Explorer (Part 18),,At which venue did Queen perform in Dusseldorf on 16 May 1977?,,,,Scandinavium,false
Queen Quiz: Archive Explorer (Part 18),,In which month of 1975 did this happen: Freddie receives an Ivor Novello Award from the Songwriters Guild of Great Britain for 'Killer Queen'?,Queen Timeline,hard,3,August,false
Queen Quiz: Archive Explorer (Part 18),,In which month of 1975 did this happen: Freddie receives an Ivor Novello Award from the Songwriters Guild of Great Britain for 'Killer Queen'?,,,,October,false
Queen Quiz: Archive Explorer (Part 18),,In which month of 1975 did this happen: Freddie receives an Ivor Novello Award from the Songwriters Guild of Great Britain for 'Killer Queen'?,,,,January,false
Queen Quiz: Archive Explorer (Part 18),,In which month of 1975 did this happen: Freddie receives an Ivor Novello Award from the Songwriters Guild of Great Britain for 'Killer Queen'?,,,,May,true
Queen Quiz: Archive Explorer (Part 18),,Which city hosted Queen's 23 November 1974 show at Konserthuset?,Concerts,hard,3,Gothenburg,true
Queen Quiz: Archive Explorer (Part 18),,Which city hosted Queen's 23 November 1974 show at Konserthuset?,,,,The Hague,false
Queen Quiz: Archive Explorer (Part 18),,Which city hosted Queen's 23 November 1974 show at Konserthuset?,,,,Colchester,false
Queen Quiz: Archive Explorer (Part 18),,Which city hosted Queen's 23 November 1974 show at Konserthuset?,,,,Paignton,false
Queen Quiz: Archive Explorer (Part 18),,Which city hosted Queen's 4 April 1976 show at Nichidai Kodo?,Concerts,hard,3,Adelaide,false
Queen Quiz: Archive Explorer (Part 18),,Which city hosted Queen's 4 April 1976 show at Nichidai Kodo?,,,,Tokyo,true
Queen Quiz: Archive Explorer (Part 18),,Which city hosted Queen's 4 April 1976 show at Nichidai Kodo?,,,,Milwaukee,false
Queen Quiz: Archive Explorer (Part 18),,Which city hosted Queen's 4 April 1976 show at Nichidai Kodo?,,,,Chicago,false
Queen Quiz: Archive Explorer (Part 18),,"In which month of 1977 did this happen: Queen open their extensive North American tour at the Milwaukee Auditorium, on the coldest night in Milwaukee in a hundred years?",Queen Timeline,hard,3,May,false
Queen Quiz: Archive Explorer (Part 18),,"In which month of 1977 did this happen: Queen open their extensive North American tour at the Milwaukee Auditorium, on the coldest night in Milwaukee in a hundred years?",,,,August,false
Queen Quiz: Archive Explorer (Part 18),,"In which month of 1977 did this happen: Queen open their extensive North American tour at the Milwaukee Auditorium, on the coldest night in Milwaukee in a hundred years?",,,,January,true
Queen Quiz: Archive Explorer (Part 18),,"In which month of 1977 did this happen: Queen open their extensive North American tour at the Milwaukee Auditorium, on the coldest night in Milwaukee in a hundred years?",,,,October,false
Queen Quiz: Archive Explorer (Part 18),,Which city hosted Queen's 3 September 1982 show at Coliseum?,Concerts,hard,3,Oklahoma City,false
Queen Quiz: Archive Explorer (Part 18),,Which city hosted Queen's 3 September 1982 show at Coliseum?,,,,Drammen,false
Queen Quiz: Archive Explorer (Part 18),,Which city hosted Queen's 3 September 1982 show at Coliseum?,,,,Wurzburg,false
Queen Quiz: Archive Explorer (Part 18),,Which city hosted Queen's 3 September 1982 show at Coliseum?,,,,Seattle,true
Queen Quiz: Archive Explorer (Part 18),,Which choir did Roger Taylor join while at school in Cornwall?,Roger Taylor,hard,3,Truro Cathedral Choir,true
Queen Quiz: Archive Explorer (Part 18),,Which choir did Roger Taylor join while at school in Cornwall?,,,,King's College Choir,false
Queen Quiz: Archive Explorer (Part 18),,Which choir did Roger Taylor join while at school in Cornwall?,,,,Westminster Abbey Choir,false
Queen Quiz: Archive Explorer (Part 18),,Which choir did Roger Taylor join while at school in Cornwall?,,,,St Paul's Cathedral Choir,false
Queen Quiz: Archive Explorer (Part 18),,At which venue did Queen perform in Blackburn on 13 November 1973?,Concerts,hard,4,Gaumont,false
Queen Quiz: Archive Explorer (Part 18),,At which venue did Queen perform in Blackburn on 13 November 1973?,,,,King George's Hall,true
Queen Quiz: Archive Explorer (Part 18),,At which venue did Queen perform in Blackburn on 13 November 1973?,,,,County Ballroom,false
Queen Quiz: Archive Explorer (Part 18),,At which venue did Queen perform in Blackburn on 13 November 1973?,,,,Winter Gardens,false
Queen Quiz: Archive Explorer (Part 18),,At which venue did Queen perform in London on 20 December 1979?,Concerts,hard,4,International Display,false
Queen Quiz: Archive Explorer (Part 18),,At which venue did Queen perform in London on 20 December 1979?,,,,Westfallenhalle,false
Queen Quiz: Archive Explorer (Part 18),,At which venue did Queen perform in London on 20 December 1979?,,,,Lewisham Odeon,true
Queen Quiz: Archive Explorer (Part 18),,At which venue did Queen perform in London on 20 December 1979?,,,,Messesportspalace,false
Queen Quiz: Archive Explorer (Part 18),,At which venue did Queen perform in Cincinnati on 13 February 1976?,Concerts,hard,4,Entertainments Centre,false
Queen Quiz: Archive Explorer (Part 18),,At which venue did Queen perform in Cincinnati on 13 February 1976?,,,,Auditorium Theater,false
Queen Quiz: Archive Explorer (Part 18),,At which venue did Queen perform in Cincinnati on 13 February 1976?,,,,Castle,false
Queen Quiz: Archive Explorer (Part 18),,At which venue did Queen perform in Cincinnati on 13 February 1976?,,,,Riverfront Coliseum,true
Queen Quiz: Archive Explorer (Part 18),,At which venue did Queen perform in Paris on 25 November 1980?,Concerts,hard,4,Le Bourget La Rotonde,true
Queen Quiz: Archive Explorer (Part 18),,At which venue did Queen perform in Paris on 25 November 1980?,,,,Forum,false
Queen Quiz: Archive Explorer (Part 18),,At which venue did Queen perform in Paris on 25 November 1980?,,,,CNE,false
Queen Quiz: Archive Explorer (Part 18),,At which venue did Queen perform in Paris on 25 November 1980?,,,,Mecca,false
Queen Quiz: Archive Explorer (Part 19),"25 fresh questions on Queen concerts, milestones, songwriting and the band's wider story.","In which decade did this happen: The city of Boston declares an official 'Queen Day', presenting the band with the keys to the city?",Queen Timeline,easy,1,1980s,true
Queen Quiz: Archive Explorer (Part 19),,"In which decade did this happen: The city of Boston declares an official 'Queen Day', presenting the band with the keys to the city?",,,,1950s,false
Queen Quiz: Archive Explorer (Part 19),,"In which decade did this happen: The city of Boston declares an official 'Queen Day', presenting the band with the keys to the city?",,,,1960s,false
Queen Quiz: Archive Explorer (Part 19),,"In which decade did this happen: The city of Boston declares an official 'Queen Day', presenting the band with the keys to the city?",,,,2010s,false
Queen Quiz: Archive Explorer (Part 19),,"In which decade did this happen: 500 fan club volunteers spend a full day filming the elaborate 'Radio Ga Ga' video at Shepperton Studios, costing over £110,000?",Queen Timeline,easy,1,1970s,false
Queen Quiz: Archive Explorer (Part 19),,"In which decade did this happen: 500 fan club volunteers spend a full day filming the elaborate 'Radio Ga Ga' video at Shepperton Studios, costing over £110,000?",,,,1980s,true
Queen Quiz: Archive Explorer (Part 19),,"In which decade did this happen: 500 fan club volunteers spend a full day filming the elaborate 'Radio Ga Ga' video at Shepperton Studios, costing over £110,000?",,,,1960s,false
Queen Quiz: Archive Explorer (Part 19),,"In which decade did this happen: 500 fan club volunteers spend a full day filming the elaborate 'Radio Ga Ga' video at Shepperton Studios, costing over £110,000?",,,,1990s,false
Queen Quiz: Archive Explorer (Part 19),,In which country did Queen play at Palais Des Sports on 3 May 1982?,Concerts,medium,2,Japan,false
Queen Quiz: Archive Explorer (Part 19),,In which country did Queen play at Palais Des Sports on 3 May 1982?,,,,Ireland,false
Queen Quiz: Archive Explorer (Part 19),,In which country did Queen play at Palais Des Sports on 3 May 1982?,,,,France,true
Queen Quiz: Archive Explorer (Part 19),,In which country did Queen play at Palais Des Sports on 3 May 1982?,,,,Argentina,false
Queen Quiz: Archive Explorer (Part 19),,In which country did Queen play at Europahalle on 22 September 1984?,Concerts,medium,2,Belgium,false
Queen Quiz: Archive Explorer (Part 19),,In which country did Queen play at Europahalle on 22 September 1984?,,,,Austria,false
Queen Quiz: Archive Explorer (Part 19),,In which country did Queen play at Europahalle on 22 September 1984?,,,,The Netherlands,false
Queen Quiz: Archive Explorer (Part 19),,In which country did Queen play at Europahalle on 22 September 1984?,,,,Germany,true
Queen Quiz: Archive Explorer (Part 19),,"In what year did this Queen-related event occur: Queen play two shows at Ingliston Agricultural Hall, Edinburgh?",Queen Timeline,medium,2,1982,true
Queen Quiz: Archive Explorer (Part 19),,"In what year did this Queen-related event occur: Queen play two shows at Ingliston Agricultural Hall, Edinburgh?",,,,1984,false
Queen Quiz: Archive Explorer (Part 19),,"In what year did this Queen-related event occur: Queen play two shows at Ingliston Agricultural Hall, Edinburgh?",,,,1986,false
Queen Quiz: Archive Explorer (Part 19),,"In what year did this Queen-related event occur: Queen play two shows at Ingliston Agricultural Hall, Edinburgh?",,,,1981,false
Queen Quiz: Archive Explorer (Part 19),,In which country did Queen play at Opera House on 26 November 1973?,Concerts,medium,2,Italy,false
Queen Quiz: Archive Explorer (Part 19),,In which country did Queen play at Opera House on 26 November 1973?,,,,UK,true
Queen Quiz: Archive Explorer (Part 19),,In which country did Queen play at Opera House on 26 November 1973?,,,,Finland,false
Queen Quiz: Archive Explorer (Part 19),,In which country did Queen play at Opera House on 26 November 1973?,,,,Belgium,false
Queen Quiz: Archive Explorer (Part 19),,In what year did this Queen-related event occur: The scheduled final US tour date in Portland is cancelled amid Freddie's ongoing throat problems?,Queen Timeline,medium,2,1973,false
Queen Quiz: Archive Explorer (Part 19),,In what year did this Queen-related event occur: The scheduled final US tour date in Portland is cancelled amid Freddie's ongoing throat problems?,,,,1972,false
Queen Quiz: Archive Explorer (Part 19),,In what year did this Queen-related event occur: The scheduled final US tour date in Portland is cancelled amid Freddie's ongoing throat problems?,,,,1975,true
Queen Quiz: Archive Explorer (Part 19),,In what year did this Queen-related event occur: The scheduled final US tour date in Portland is cancelled amid Freddie's ongoing throat problems?,,,,1977,false
Queen Quiz: Archive Explorer (Part 19),,In which country did Queen play at Civic Centre on 18 February 1976?,Concerts,medium,2,Austria,false
Queen Quiz: Archive Explorer (Part 19),,In which country did Queen play at Civic Centre on 18 February 1976?,,,,Australia,false
Queen Quiz: Archive Explorer (Part 19),,In which country did Queen play at Civic Centre on 18 February 1976?,,,,Spain,false
Queen Quiz: Archive Explorer (Part 19),,In which country did Queen play at Civic Centre on 18 February 1976?,,,,USA,true
Queen Quiz: Archive Explorer (Part 19),,"In what year did this Queen-related event occur: Queen play their first South American concert, at Velez Sarsfield stadium, Buenos Aires, to 54,000 fans?",Queen Timeline,medium,2,1981,true
Queen Quiz: Archive Explorer (Part 19),,"In what year did this Queen-related event occur: Queen play their first South American concert, at Velez Sarsfield stadium, Buenos Aires, to 54,000 fans?",,,,1982,false
Queen Quiz: Archive Explorer (Part 19),,"In what year did this Queen-related event occur: Queen play their first South American concert, at Velez Sarsfield stadium, Buenos Aires, to 54,000 fans?",,,,1985,false
Queen Quiz: Archive Explorer (Part 19),,"In what year did this Queen-related event occur: Queen play their first South American concert, at Velez Sarsfield stadium, Buenos Aires, to 54,000 fans?",,,,1980,false
Queen Quiz: Archive Explorer (Part 19),,Which city hosted Queen's 12 November 1974 show at Colston Hall?,Concerts,hard,3,Paignton,false
Queen Quiz: Archive Explorer (Part 19),,Which city hosted Queen's 12 November 1974 show at Colston Hall?,,,,Bristol,true
Queen Quiz: Archive Explorer (Part 19),,Which city hosted Queen's 12 November 1974 show at Colston Hall?,,,,Waterbury,false
Queen Quiz: Archive Explorer (Part 19),,Which city hosted Queen's 12 November 1974 show at Colston Hall?,,,,The Hague,false
Queen Quiz: Archive Explorer (Part 19),,Which city hosted Queen's 24 March 1972 show at Forest Hill Hospital?,Concerts,hard,3,Fort Worth,false
Queen Quiz: Archive Explorer (Part 19),,Which city hosted Queen's 24 March 1972 show at Forest Hill Hospital?,,,,Aberystwyth,false
Queen Quiz: Archive Explorer (Part 19),,Which city hosted Queen's 24 March 1972 show at Forest Hill Hospital?,,,,London,true
Queen Quiz: Archive Explorer (Part 19),,Which city hosted Queen's 24 March 1972 show at Forest Hill Hospital?,,,,St. Paul,false
Queen Quiz: Archive Explorer (Part 19),,In what year did this Queen-related event occur: Freddie Mercury issues a public statement confirming he has AIDS?,Queen Timeline,hard,3,1989,false
Queen Quiz: Archive Explorer (Part 19),,In what year did this Queen-related event occur: Freddie Mercury issues a public statement confirming he has AIDS?,,,,1988,false
Queen Quiz: Archive Explorer (Part 19),,In what year did this Queen-related event occur: Freddie Mercury issues a public statement confirming he has AIDS?,,,,1995,false
Queen Quiz: Archive Explorer (Part 19),,In what year did this Queen-related event occur: Freddie Mercury issues a public statement confirming he has AIDS?,,,,1991,true
Queen Quiz: Archive Explorer (Part 19),,At which venue did Queen perform in Wadebridge on 24 July 1971?,Concerts,hard,3,Town Hall,true
Queen Quiz: Archive Explorer (Part 19),,At which venue did Queen perform in Wadebridge on 24 July 1971?,,,,Tregye Hotel,false
Queen Quiz: Archive Explorer (Part 19),,At which venue did Queen perform in Wadebridge on 24 July 1971?,,,,Technical College,false
Queen Quiz: Archive Explorer (Part 19),,At which venue did Queen perform in Wadebridge on 24 July 1971?,,,,Hornsey Town Hall,false
Queen Quiz: Archive Explorer (Part 19),,Which city hosted Queen's 24 March 1976 show at Kosei Kaikan?,Concerts,hard,3,Cleveland,false
Queen Quiz: Archive Explorer (Part 19),,Which city hosted Queen's 24 March 1976 show at Kosei Kaikan?,,,,Himeji,true
Queen Quiz: Archive Explorer (Part 19),,Which city hosted Queen's 24 March 1976 show at Kosei Kaikan?,,,,Berkeley,false
Queen Quiz: Archive Explorer (Part 19),,Which city hosted Queen's 24 March 1976 show at Kosei Kaikan?,,,,Pittsburgh,false
Queen Quiz: Archive Explorer (Part 19),,Which Queen member has the individual writing credit for 'Brighton Rock'?,Songwriting,hard,3,Freddie Mercury,false
Queen Quiz: Archive Explorer (Part 19),,Which Queen member has the individual writing credit for 'Brighton Rock'?,,,,Roger Taylor,false
Queen Quiz: Archive Explorer (Part 19),,Which Queen member has the individual writing credit for 'Brighton Rock'?,,,,Brian May,true
Queen Quiz: Archive Explorer (Part 19),,Which Queen member has the individual writing credit for 'Brighton Rock'?,,,,John Deacon,false
Queen Quiz: Archive Explorer (Part 19),,Which city hosted Queen's 23 March 1974 show at Links Pavilion?,Concerts,hard,3,Allentown,false
Queen Quiz: Archive Explorer (Part 19),,Which city hosted Queen's 23 March 1974 show at Links Pavilion?,,,,Providence,false
Queen Quiz: Archive Explorer (Part 19),,Which city hosted Queen's 23 March 1974 show at Links Pavilion?,,,,Oxford,false
Queen Quiz: Archive Explorer (Part 19),,Which city hosted Queen's 23 March 1974 show at Links Pavilion?,,,,Cromer,true
Queen Quiz: Archive Explorer (Part 19),,Which city hosted Queen's 4 September 1970 show at Swiss Cottage Private School?,Concerts,hard,3,London,true
Queen Quiz: Archive Explorer (Part 19),,Which city hosted Queen's 4 September 1970 show at Swiss Cottage Private School?,,,,St. Helens,false
Queen Quiz: Archive Explorer (Part 19),,Which city hosted Queen's 4 September 1970 show at Swiss Cottage Private School?,,,,Liverpool,false
Queen Quiz: Archive Explorer (Part 19),,Which city hosted Queen's 4 September 1970 show at Swiss Cottage Private School?,,,,Hertford,false
Queen Quiz: Archive Explorer (Part 19),,At which venue did Queen perform in Madrid on 3 August 1986?,Concerts,hard,3,Groenoordhallen,false
Queen Quiz: Archive Explorer (Part 19),,At which venue did Queen perform in Madrid on 3 August 1986?,,,,Rayo Vallecano,true
Queen Quiz: Archive Explorer (Part 19),,At which venue did Queen perform in Madrid on 3 August 1986?,,,,Forest National,false
Queen Quiz: Archive Explorer (Part 19),,At which venue did Queen perform in Madrid on 3 August 1986?,,,,Hippodrome de Vincennes,false
Queen Quiz: Archive Explorer (Part 19),,Which Queen member has the individual writing credit for 'Misfire'?,Songwriting,hard,3,Brian May,false
Queen Quiz: Archive Explorer (Part 19),,Which Queen member has the individual writing credit for 'Misfire'?,,,,Freddie Mercury,false
Queen Quiz: Archive Explorer (Part 19),,Which Queen member has the individual writing credit for 'Misfire'?,,,,John Deacon,true
Queen Quiz: Archive Explorer (Part 19),,Which Queen member has the individual writing credit for 'Misfire'?,,,,Roger Taylor,false
Queen Quiz: Archive Explorer (Part 19),,Which Queen member has the individual writing credit for 'Son and Daughter'?,Songwriting,hard,3,Freddie Mercury,false
Queen Quiz: Archive Explorer (Part 19),,Which Queen member has the individual writing credit for 'Son and Daughter'?,,,,Roger Taylor,false
Queen Quiz: Archive Explorer (Part 19),,Which Queen member has the individual writing credit for 'Son and Daughter'?,,,,John Deacon,false
Queen Quiz: Archive Explorer (Part 19),,Which Queen member has the individual writing credit for 'Son and Daughter'?,,,,Brian May,true
Queen Quiz: Archive Explorer (Part 19),,Which city hosted Queen's 19 May 1977 show at Sporthalle?,Concerts,hard,3,Basel,true
Queen Quiz: Archive Explorer (Part 19),,Which city hosted Queen's 19 May 1977 show at Sporthalle?,,,,Bristol,false
Queen Quiz: Archive Explorer (Part 19),,Which city hosted Queen's 19 May 1977 show at Sporthalle?,,,,Birmingham,false
Queen Quiz: Archive Explorer (Part 19),,Which city hosted Queen's 19 May 1977 show at Sporthalle?,,,,Dusseldorf,false
Queen Quiz: Archive Explorer (Part 19),,At which venue did Queen perform in Montreal on 1 December 1978?,Concerts,hard,4,War Memorial Auditorium,false
Queen Quiz: Archive Explorer (Part 19),,At which venue did Queen perform in Montreal on 1 December 1978?,,,,Forum,true
Queen Quiz: Archive Explorer (Part 19),,At which venue did Queen perform in Montreal on 1 December 1978?,,,,Dane County Coliseum,false
Queen Quiz: Archive Explorer (Part 19),,At which venue did Queen perform in Montreal on 1 December 1978?,,,,Sportatorium,false
Queen Quiz: Archive Explorer (Part 19),,At which venue did Queen perform in Osaka on 15 May 1985?,Concerts,hard,4,Aichi Auditorium,false
Queen Quiz: Archive Explorer (Part 19),,At which venue did Queen perform in Osaka on 15 May 1985?,,,,Yoyogi Taiikukan,false
Queen Quiz: Archive Explorer (Part 19),,At which venue did Queen perform in Osaka on 15 May 1985?,,,,Castle Hall,true
Queen Quiz: Archive Explorer (Part 19),,At which venue did Queen perform in Osaka on 15 May 1985?,,,,Entertainments Centre,false
Queen Quiz: Archive Explorer (Part 19),,What happened in Queen's story on 18 September 1970?,Queen Timeline,hard,4,Mike Grose amicably leaves Queen; the band recruits bass player Barry Mitchell,false
Queen Quiz: Archive Explorer (Part 19),,What happened in Queen's story on 18 September 1970?,,,,"John sees Queen play (without realising their significance) at the College of Estate Management, Kensington",false
Queen Quiz: Archive Explorer (Part 19),,What happened in Queen's story on 18 September 1970?,,,,"Tim Staffell leaves Brian and Roger, ending Smile",false
Queen Quiz: Archive Explorer (Part 19),,What happened in Queen's story on 18 September 1970?,,,,Jimi Hendrix dies; Freddie and Roger close their Kensington Market stall for the day in mourning and play 'Voodoo Chile' at rehearsal that night,true
Queen Quiz: Archive Explorer (Part 19),,At which venue did Queen perform in Paris on 18 September 1984?,Concerts,hard,4,Palais Omnisports de Bercy,true
Queen Quiz: Archive Explorer (Part 19),,At which venue did Queen perform in Paris on 18 September 1984?,,,,Westallenhalle,false
Queen Quiz: Archive Explorer (Part 19),,At which venue did Queen perform in Paris on 18 September 1984?,,,,Sportspalace,false
Queen Quiz: Archive Explorer (Part 19),,At which venue did Queen perform in Paris on 18 September 1984?,,,,Europahalle,false
Queen Quiz: Archive Explorer (Part 20),"25 fresh questions on Queen concerts, milestones, songwriting and the band's wider story.","In which decade did this happen: The Real Magic Wembley concert film airs on Channel 4 simulcast with 48 independent radio stations, drawing 3.5 million viewers?",Queen Timeline,easy,1,1980s,true
Queen Quiz: Archive Explorer (Part 20),,"In which decade did this happen: The Real Magic Wembley concert film airs on Channel 4 simulcast with 48 independent radio stations, drawing 3.5 million viewers?",,,,1940s,false
Queen Quiz: Archive Explorer (Part 20),,"In which decade did this happen: The Real Magic Wembley concert film airs on Channel 4 simulcast with 48 independent radio stations, drawing 3.5 million viewers?",,,,2010s,false
Queen Quiz: Archive Explorer (Part 20),,"In which decade did this happen: The Real Magic Wembley concert film airs on Channel 4 simulcast with 48 independent radio stations, drawing 3.5 million viewers?",,,,1990s,false
Queen Quiz: Archive Explorer (Part 20),,"In which decade did this happen: Roger answers Brian May's Imperial College noticeboard ad for a drummer; Smile is formed with Brian, Roger and Tim Staffell?",Queen Timeline,easy,1,1950s,false
Queen Quiz: Archive Explorer (Part 20),,"In which decade did this happen: Roger answers Brian May's Imperial College noticeboard ad for a drummer; Smile is formed with Brian, Roger and Tim Staffell?",,,,1960s,true
Queen Quiz: Archive Explorer (Part 20),,"In which decade did this happen: Roger answers Brian May's Imperial College noticeboard ad for a drummer; Smile is formed with Brian, Roger and Tim Staffell?",,,,1940s,false
Queen Quiz: Archive Explorer (Part 20),,"In which decade did this happen: Roger answers Brian May's Imperial College noticeboard ad for a drummer; Smile is formed with Brian, Roger and Tim Staffell?",,,,1990s,false
Queen Quiz: Archive Explorer (Part 20),,Which Swiss town hosts the official fan party held in Freddie Mercury's honour on his birthday?,Freddie Mercury,medium,2,Zurich,false
Queen Quiz: Archive Explorer (Part 20),,Which Swiss town hosts the official fan party held in Freddie Mercury's honour on his birthday?,,,,Geneva,false
Queen Quiz: Archive Explorer (Part 20),,Which Swiss town hosts the official fan party held in Freddie Mercury's honour on his birthday?,,,,Montreux,true
Queen Quiz: Archive Explorer (Part 20),,Which Swiss town hosts the official fan party held in Freddie Mercury's honour on his birthday?,,,,Lucerne,false
Queen Quiz: Archive Explorer (Part 20),,In which country did Queen play at Wembley Arena on 9 December 1980?,Concerts,medium,2,Switzerland,false
Queen Quiz: Archive Explorer (Part 20),,In which country did Queen play at Wembley Arena on 9 December 1980?,,,,Sweden,false
Queen Quiz: Archive Explorer (Part 20),,In which country did Queen play at Wembley Arena on 9 December 1980?,,,,Mexico,false
Queen Quiz: Archive Explorer (Part 20),,In which country did Queen play at Wembley Arena on 9 December 1980?,,,,UK,true
Queen Quiz: Archive Explorer (Part 20),,"In what year did this Queen-related event occur: Queen's US tour opens at the Dallas Convention Centre, debuting the huge new 'Pizza Oven' lighting rig?",Queen Timeline,medium,2,1978,true
Queen Quiz: Archive Explorer (Part 20),,"In what year did this Queen-related event occur: Queen's US tour opens at the Dallas Convention Centre, debuting the huge new 'Pizza Oven' lighting rig?",,,,1981,false
Queen Quiz: Archive Explorer (Part 20),,"In what year did this Queen-related event occur: Queen's US tour opens at the Dallas Convention Centre, debuting the huge new 'Pizza Oven' lighting rig?",,,,1980,false
Queen Quiz: Archive Explorer (Part 20),,"In what year did this Queen-related event occur: Queen's US tour opens at the Dallas Convention Centre, debuting the huge new 'Pizza Oven' lighting rig?",,,,1979,false
Queen Quiz: Archive Explorer (Part 20),,Which comedian and writer wrote the story for Queen's 'We Will Rock You' musical?,Queen on Stage,medium,2,Richard Curtis,false
Queen Quiz: Archive Explorer (Part 20),,Which comedian and writer wrote the story for Queen's 'We Will Rock You' musical?,,,,Ben Elton,true
Queen Quiz: Archive Explorer (Part 20),,Which comedian and writer wrote the story for Queen's 'We Will Rock You' musical?,,,,Rowan Atkinson,false
Queen Quiz: Archive Explorer (Part 20),,Which comedian and writer wrote the story for Queen's 'We Will Rock You' musical?,,,,Stephen Fry,false
Queen Quiz: Archive Explorer (Part 20),,In which country did Queen play at Baths Hall on 9 December 1972?,Concerts,medium,2,Argentina,false
Queen Quiz: Archive Explorer (Part 20),,In which country did Queen play at Baths Hall on 9 December 1972?,,,,France,false
Queen Quiz: Archive Explorer (Part 20),,In which country did Queen play at Baths Hall on 9 December 1972?,,,,UK,true
Queen Quiz: Archive Explorer (Part 20),,In which country did Queen play at Baths Hall on 9 December 1972?,,,,Brazil,false
Queen Quiz: Archive Explorer (Part 20),,"In what year did this Queen-related event occur: Queen play the Budokan in Tokyo to 10,000 fans; the crowd surge is so severe Freddie stops the show to calm the audience?",Queen Timeline,medium,2,1972,false
Queen Quiz: Archive Explorer (Part 20),,"In what year did this Queen-related event occur: Queen play the Budokan in Tokyo to 10,000 fans; the crowd surge is so severe Freddie stops the show to calm the audience?",,,,1978,false
Queen Quiz: Archive Explorer (Part 20),,"In what year did this Queen-related event occur: Queen play the Budokan in Tokyo to 10,000 fans; the crowd surge is so severe Freddie stops the show to calm the audience?",,,,1977,false
Queen Quiz: Archive Explorer (Part 20),,"In what year did this Queen-related event occur: Queen play the Budokan in Tokyo to 10,000 fans; the crowd surge is so severe Freddie stops the show to calm the audience?",,,,1975,true
Queen Quiz: Archive Explorer (Part 20),,"In what year did this Queen-related event occur: The Barcelona album is released, launched with an extravagant billboard and limousine event; the Live In Budapest CD-video is released the same day?",Queen Timeline,medium,2,1988,true
Queen Quiz: Archive Explorer (Part 20),,"In what year did this Queen-related event occur: The Barcelona album is released, launched with an extravagant billboard and limousine event; the Live In Budapest CD-video is released the same day?",,,,1985,false
Queen Quiz: Archive Explorer (Part 20),,"In what year did this Queen-related event occur: The Barcelona album is released, launched with an extravagant billboard and limousine event; the Live In Budapest CD-video is released the same day?",,,,1987,false
Queen Quiz: Archive Explorer (Part 20),,"In what year did this Queen-related event occur: The Barcelona album is released, launched with an extravagant billboard and limousine event; the Live In Budapest CD-video is released the same day?",,,,1984,false
Queen Quiz: Archive Explorer (Part 20),,At which venue did Queen perform in Dortmund on 11 September 1984?,Concerts,hard,3,Sportspalace,false
Queen Quiz: Archive Explorer (Part 20),,At which venue did Queen perform in Dortmund on 11 September 1984?,,,,Westallenhalle,true
Queen Quiz: Archive Explorer (Part 20),,At which venue did Queen perform in Dortmund on 11 September 1984?,,,,Europahalle,false
Queen Quiz: Archive Explorer (Part 20),,At which venue did Queen perform in Dortmund on 11 September 1984?,,,,Palais Omnisports de Bercy,false
Queen Quiz: Archive Explorer (Part 20),,Which city hosted Queen's 28 February 1979 show at Pavillon De Paris?,Concerts,hard,3,Munich,false
Queen Quiz: Archive Explorer (Part 20),,Which city hosted Queen's 28 February 1979 show at Pavillon De Paris?,,,,Dortmund,false
Queen Quiz: Archive Explorer (Part 20),,Which city hosted Queen's 28 February 1979 show at Pavillon De Paris?,,,,Paris,true
Queen Quiz: Archive Explorer (Part 20),,Which city hosted Queen's 28 February 1979 show at Pavillon De Paris?,,,,Frankfurt,false
Queen Quiz: Archive Explorer (Part 20),,In what year did this Queen-related event occur: Queen present manager John Reid with 'Bohemian Rhapsody'; he is incredulous at its near-six-minute length but the band refuse to edit it?,Queen Timeline,hard,3,1976,false
Queen Quiz: Archive Explorer (Part 20),,In what year did this Queen-related event occur: Queen present manager John Reid with 'Bohemian Rhapsody'; he is incredulous at its near-six-minute length but the band refuse to edit it?,,,,1971,false
Queen Quiz: Archive Explorer (Part 20),,In what year did this Queen-related event occur: Queen present manager John Reid with 'Bohemian Rhapsody'; he is incredulous at its near-six-minute length but the band refuse to edit it?,,,,1972,false
Queen Quiz: Archive Explorer (Part 20),,In what year did this Queen-related event occur: Queen present manager John Reid with 'Bohemian Rhapsody'; he is incredulous at its near-six-minute length but the band refuse to edit it?,,,,1975,true
Queen Quiz: Archive Explorer (Part 20),,Which Queen member has the individual writing credit for 'Jesus'?,Songwriting,hard,3,Freddie Mercury,true
Queen Quiz: Archive Explorer (Part 20),,Which Queen member has the individual writing credit for 'Jesus'?,,,,Brian May,false
Queen Quiz: Archive Explorer (Part 20),,Which Queen member has the individual writing credit for 'Jesus'?,,,,Roger Taylor,false
Queen Quiz: Archive Explorer (Part 20),,Which Queen member has the individual writing credit for 'Jesus'?,,,,John Deacon,false
Queen Quiz: Archive Explorer (Part 20),,At which venue did Queen perform in The Hague on 8 December 1974?,Concerts,hard,3,City Hall,false
Queen Quiz: Archive Explorer (Part 20),,At which venue did Queen perform in The Hague on 8 December 1974?,,,,Congres Gebouw,true
Queen Quiz: Archive Explorer (Part 20),,At which venue did Queen perform in The Hague on 8 December 1974?,,,,Palmengarten,false
Queen Quiz: Archive Explorer (Part 20),,At which venue did Queen perform in The Hague on 8 December 1974?,,,,Corn Exchange,false
Queen Quiz: Archive Explorer (Part 20),,Which city hosted Queen's 27 November 1970 show at Cavern Club?,Concerts,hard,3,St. Helens,false
Queen Quiz: Archive Explorer (Part 20),,Which city hosted Queen's 27 November 1970 show at Cavern Club?,,,,Egham,false
Queen Quiz: Archive Explorer (Part 20),,Which city hosted Queen's 27 November 1970 show at Cavern Club?,,,,Liverpool,true
Queen Quiz: Archive Explorer (Part 20),,Which city hosted Queen's 27 November 1970 show at Cavern Club?,,,,London,false
Queen Quiz: Archive Explorer (Part 20),,At which venue did Queen perform in Sapporo on 5 May 1979?,Concerts,hard,3,Ahoy Hall,false
Queen Quiz: Archive Explorer (Part 20),,At which venue did Queen perform in Sapporo on 5 May 1979?,,,,Alexandra Palace,false
Queen Quiz: Archive Explorer (Part 20),,At which venue did Queen perform in Sapporo on 5 May 1979?,,,,Sporthalle,false
Queen Quiz: Archive Explorer (Part 20),,At which venue did Queen perform in Sapporo on 5 May 1979?,,,,Makomani Ice Arena,true
Queen Quiz: Archive Explorer (Part 20),,Which Queen member has the individual writing credit for 'Some Day One Day'?,Songwriting,hard,3,Brian May,true
Queen Quiz: Archive Explorer (Part 20),,Which Queen member has the individual writing credit for 'Some Day One Day'?,,,,Freddie Mercury,false
Queen Quiz: Archive Explorer (Part 20),,Which Queen member has the individual writing credit for 'Some Day One Day'?,,,,Roger Taylor,false
Queen Quiz: Archive Explorer (Part 20),,Which Queen member has the individual writing credit for 'Some Day One Day'?,,,,John Deacon,false
Queen Quiz: Archive Explorer (Part 20),,At which venue did Queen perform in Buenos Aires on 1 March 1981?,Concerts,hard,3,Estadio José María Minella,false
Queen Quiz: Archive Explorer (Part 20),,At which venue did Queen perform in Buenos Aires on 1 March 1981?,,,,Estadio José Amalfitani de Velez Sarsfield,true
Queen Quiz: Archive Explorer (Part 20),,At which venue did Queen perform in Buenos Aires on 1 March 1981?,,,,Estádio do Morumbi,false
Queen Quiz: Archive Explorer (Part 20),,At which venue did Queen perform in Buenos Aires on 1 March 1981?,,,,Poliedro De Caracas,false
Queen Quiz: Archive Explorer (Part 20),,"In what year did this Queen-related event occur: Queen land in Tokyo to over 3,000 screaming fans, their first visit to Japan?",Queen Timeline,hard,3,1977,false
Queen Quiz: Archive Explorer (Part 20),,"In what year did this Queen-related event occur: Queen land in Tokyo to over 3,000 screaming fans, their first visit to Japan?",,,,1973,false
Queen Quiz: Archive Explorer (Part 20),,"In what year did this Queen-related event occur: Queen land in Tokyo to over 3,000 screaming fans, their first visit to Japan?",,,,1975,true
Queen Quiz: Archive Explorer (Part 20),,"In what year did this Queen-related event occur: Queen land in Tokyo to over 3,000 screaming fans, their first visit to Japan?",,,,1976,false
Queen Quiz: Archive Explorer (Part 20),,Which city hosted Queen's 29 April 1975 show at Yamaha Tsumagoi Hall?,Concerts,hard,3,Aberdeen,false
Queen Quiz: Archive Explorer (Part 20),,Which city hosted Queen's 29 April 1975 show at Yamaha Tsumagoi Hall?,,,,Miami,false
Queen Quiz: Archive Explorer (Part 20),,Which city hosted Queen's 29 April 1975 show at Yamaha Tsumagoi Hall?,,,,Calgary,false
Queen Quiz: Archive Explorer (Part 20),,Which city hosted Queen's 29 April 1975 show at Yamaha Tsumagoi Hall?,,,,Shizuoka,true
Queen Quiz: Archive Explorer (Part 20),,Which city hosted Queen's 22 November 1979 show at RDS Simmons Hall?,Concerts,hard,3,Dublin,true
Queen Quiz: Archive Explorer (Part 20),,Which city hosted Queen's 22 November 1979 show at RDS Simmons Hall?,,,,Dortmund,false
Queen Quiz: Archive Explorer (Part 20),,Which city hosted Queen's 22 November 1979 show at RDS Simmons Hall?,,,,Barcelona,false
Queen Quiz: Archive Explorer (Part 20),,Which city hosted Queen's 22 November 1979 show at RDS Simmons Hall?,,,,Poitiers,false
Queen Quiz: Archive Explorer (Part 20),,At which venue did Queen perform in Fukuoka on 30 April 1979?,Concerts,hard,4,Pavillon De Paris,false
Queen Quiz: Archive Explorer (Part 20),,At which venue did Queen perform in Fukuoka on 30 April 1979?,,,,Kyuden Kinen Taikukan,true
Queen Quiz: Archive Explorer (Part 20),,At which venue did Queen perform in Fukuoka on 30 April 1979?,,,,Hallenstadium,false
Queen Quiz: Archive Explorer (Part 20),,At which venue did Queen perform in Fukuoka on 30 April 1979?,,,,Centre,false
Queen Quiz: Archive Explorer (Part 20),,At which venue did Queen perform in Bonn on 11 October 1973?,Concerts,hard,4,Brangwyn Hall,false
Queen Quiz: Archive Explorer (Part 20),,At which venue did Queen perform in Bonn on 11 October 1973?,,,,Stadium,false
Queen Quiz: Archive Explorer (Part 20),,At which venue did Queen perform in Bonn on 11 October 1973?,,,,Underground,true
Queen Quiz: Archive Explorer (Part 20),,At which venue did Queen perform in Bonn on 11 October 1973?,,,,University,false
Queen Quiz: Archive Explorer (Part 20),,At which venue did Queen perform in Sydney on 17 April 1976?,Concerts,hard,4,Veterans Memorial Auditorium,false
Queen Quiz: Archive Explorer (Part 20),,At which venue did Queen perform in Sydney on 17 April 1976?,,,,Beacon Theatre,false
Queen Quiz: Archive Explorer (Part 20),,At which venue did Queen perform in Sydney on 17 April 1976?,,,,Nichidai Kodo,false
Queen Quiz: Archive Explorer (Part 20),,At which venue did Queen perform in Sydney on 17 April 1976?,,,,Hordern Pavilion,true
Queen Quiz: Archive Explorer (Part 20),,At which venue did Queen perform in Dortmund on 21 January 1979?,Concerts,hard,4,Westfallenhalle,true
Queen Quiz: Archive Explorer (Part 20),,At which venue did Queen perform in Dortmund on 21 January 1979?,,,,Tivoli Halle,false
Queen Quiz: Archive Explorer (Part 20),,At which venue did Queen perform in Dortmund on 21 January 1979?,,,,Pabellon De Real Madrid,false
Queen Quiz: Archive Explorer (Part 20),,At which venue did Queen perform in Dortmund on 21 January 1979?,,,,Pavillon De Paris,false
