QuizTitle,QuizDescription,QuestionText,Category,Difficulty,Points,OptionText,IsCorrect
Queen Quiz: Encore (Part 1),"25 new Queen questions spanning the albums, solo projects, band members, and the years after Freddie.",On which Queen studio album is 'Long Away' found in the original track list?,Albums,easy,1,A Day at the Races,true
Queen Quiz: Encore (Part 1),,On which Queen studio album is 'Long Away' found in the original track list?,,,,News of the World,false
Queen Quiz: Encore (Part 1),,On which Queen studio album is 'Long Away' found in the original track list?,,,,A Night at the Opera,false
Queen Quiz: Encore (Part 1),,On which Queen studio album is 'Long Away' found in the original track list?,,,,The Game,false
Queen Quiz: Encore (Part 1),,Which Queen studio album has both 'Some Day One Day' and 'The Loser in the End' on its original track list?,Albums,easy,1,Queen,false
Queen Quiz: Encore (Part 1),,Which Queen studio album has both 'Some Day One Day' and 'The Loser in the End' on its original track list?,,,,Queen II,true
Queen Quiz: Encore (Part 1),,Which Queen studio album has both 'Some Day One Day' and 'The Loser in the End' on its original track list?,,,,The Game,false
Queen Quiz: Encore (Part 1),,Which Queen studio album has both 'Some Day One Day' and 'The Loser in the End' on its original track list?,,,,A Night at the Opera,false
Queen Quiz: Encore (Part 1),,On which TV competition's 2009 final did Brian May and Roger Taylor first perform with Adam Lambert?,After Freddie,easy,1,The X Factor,false
Queen Quiz: Encore (Part 1),,On which TV competition's 2009 final did Brian May and Roger Taylor first perform with Adam Lambert?,,,,The Voice,false
Queen Quiz: Encore (Part 1),,On which TV competition's 2009 final did Brian May and Roger Taylor first perform with Adam Lambert?,,,,American Idol,true
Queen Quiz: Encore (Part 1),,On which TV competition's 2009 final did Brian May and Roger Taylor first perform with Adam Lambert?,,,,Britain's Got Talent,false
Queen Quiz: Encore (Part 1),,Which Queen studio album has both 'Lily of the Valley' and 'Now I'm Here' on its original track list?,Albums,medium,2,Jazz,false
Queen Quiz: Encore (Part 1),,Which Queen studio album has both 'Lily of the Valley' and 'Now I'm Here' on its original track list?,,,,Queen II,false
Queen Quiz: Encore (Part 1),,Which Queen studio album has both 'Lily of the Valley' and 'Now I'm Here' on its original track list?,,,,News of the World,false
Queen Quiz: Encore (Part 1),,Which Queen studio album has both 'Lily of the Valley' and 'Now I'm Here' on its original track list?,,,,Sheer Heart Attack,true
Queen Quiz: Encore (Part 1),,On which Queen studio album is 'Modern Times Rock 'n' Roll' found in the original track list?,Albums,medium,2,Queen,true
Queen Quiz: Encore (Part 1),,On which Queen studio album is 'Modern Times Rock 'n' Roll' found in the original track list?,,,,Jazz,false
Queen Quiz: Encore (Part 1),,On which Queen studio album is 'Modern Times Rock 'n' Roll' found in the original track list?,,,,Innuendo,false
Queen Quiz: Encore (Part 1),,On which Queen studio album is 'Modern Times Rock 'n' Roll' found in the original track list?,,,,The Works,false
Queen Quiz: Encore (Part 1),,Which Queen studio album has both 'I Want to Break Free' and 'Keep Passing the Open Windows' on its original track list?,Albums,medium,2,A Kind of Magic,false
Queen Quiz: Encore (Part 1),,Which Queen studio album has both 'I Want to Break Free' and 'Keep Passing the Open Windows' on its original track list?,,,,The Works,true
Queen Quiz: Encore (Part 1),,Which Queen studio album has both 'I Want to Break Free' and 'Keep Passing the Open Windows' on its original track list?,,,,Jazz,false
Queen Quiz: Encore (Part 1),,Which Queen studio album has both 'I Want to Break Free' and 'Keep Passing the Open Windows' on its original track list?,,,,Innuendo,false
Queen Quiz: Encore (Part 1),,Which band did Freddie Mercury sing in while studying at Ealing College of Art?,Band Members,medium,2,The Cross,false
Queen Quiz: Encore (Part 1),,Which band did Freddie Mercury sing in while studying at Ealing College of Art?,,,,1984,false
Queen Quiz: Encore (Part 1),,Which band did Freddie Mercury sing in while studying at Ealing College of Art?,,,,Wreckage,true
Queen Quiz: Encore (Part 1),,Which band did Freddie Mercury sing in while studying at Ealing College of Art?,,,,The Opposition,false
Queen Quiz: Encore (Part 1),,On which Queen studio album is 'The Fairy Feller's Master-Stroke' found in the original track list?,Albums,medium,2,A Day at the Races,false
Queen Quiz: Encore (Part 1),,On which Queen studio album is 'The Fairy Feller's Master-Stroke' found in the original track list?,,,,The Works,false
Queen Quiz: Encore (Part 1),,On which Queen studio album is 'The Fairy Feller's Master-Stroke' found in the original track list?,,,,Sheer Heart Attack,false
Queen Quiz: Encore (Part 1),,On which Queen studio album is 'The Fairy Feller's Master-Stroke' found in the original track list?,,,,Queen II,true
Queen Quiz: Encore (Part 1),,Who sang 'Too Much Love Will Kill You' alone during Queen's main tribute set in 1992?,After Freddie,medium,2,Brian May,true
Queen Quiz: Encore (Part 1),,Who sang 'Too Much Love Will Kill You' alone during Queen's main tribute set in 1992?,,,,Roger Taylor,false
Queen Quiz: Encore (Part 1),,Who sang 'Too Much Love Will Kill You' alone during Queen's main tribute set in 1992?,,,,Elton John,false
Queen Quiz: Encore (Part 1),,Who sang 'Too Much Love Will Kill You' alone during Queen's main tribute set in 1992?,,,,George Michael,false
Queen Quiz: Encore (Part 1),,Which late Freddie vocal was inspired by the scenery around Montreux?,After Freddie,medium,2,Delilah,false
Queen Quiz: Encore (Part 1),,Which late Freddie vocal was inspired by the scenery around Montreux?,,,,A Winter's Tale,true
Queen Quiz: Encore (Part 1),,Which late Freddie vocal was inspired by the scenery around Montreux?,,,,Bijou,false
Queen Quiz: Encore (Part 1),,Which late Freddie vocal was inspired by the scenery around Montreux?,,,,The Hitman,false
Queen Quiz: Encore (Part 1),,On which Queen studio album is 'Rock It (Prime Jive)' found in the original track list?,Albums,medium,2,Jazz,false
Queen Quiz: Encore (Part 1),,On which Queen studio album is 'Rock It (Prime Jive)' found in the original track list?,,,,Queen,false
Queen Quiz: Encore (Part 1),,On which Queen studio album is 'Rock It (Prime Jive)' found in the original track list?,,,,The Game,true
Queen Quiz: Encore (Part 1),,On which Queen studio album is 'Rock It (Prime Jive)' found in the original track list?,,,,A Kind of Magic,false
Queen Quiz: Encore (Part 1),,Which 2011 awards show featured an early Queen performance with Adam Lambert?,After Freddie,medium,2,Brit Awards,false
Queen Quiz: Encore (Part 1),,Which 2011 awards show featured an early Queen performance with Adam Lambert?,,,,Grammy Awards,false
Queen Quiz: Encore (Part 1),,Which 2011 awards show featured an early Queen performance with Adam Lambert?,,,,Ivor Novello Awards,false
Queen Quiz: Encore (Part 1),,Which 2011 awards show featured an early Queen performance with Adam Lambert?,,,,MTV Europe Music Awards,true
Queen Quiz: Encore (Part 1),,Who wrote the Queen album track 'My Melancholy Blues'?,Songwriting,hard,3,Freddie Mercury,true
Queen Quiz: Encore (Part 1),,Who wrote the Queen album track 'My Melancholy Blues'?,,,,Brian May,false
Queen Quiz: Encore (Part 1),,Who wrote the Queen album track 'My Melancholy Blues'?,,,,Roger Taylor,false
Queen Quiz: Encore (Part 1),,Who wrote the Queen album track 'My Melancholy Blues'?,,,,John Deacon,false
Queen Quiz: Encore (Part 1),,Who wrote the Queen album track 'It's Late'?,Songwriting,hard,3,Freddie Mercury,false
Queen Quiz: Encore (Part 1),,Who wrote the Queen album track 'It's Late'?,,,,Brian May,true
Queen Quiz: Encore (Part 1),,Who wrote the Queen album track 'It's Late'?,,,,Roger Taylor,false
Queen Quiz: Encore (Part 1),,Who wrote the Queen album track 'It's Late'?,,,,John Deacon,false
Queen Quiz: Encore (Part 1),,"On the original A Day at the Races track list, what comes immediately before 'White Man'?",Album Tracks,hard,3,The Millionaire Waltz,false
Queen Quiz: Encore (Part 1),,"On the original A Day at the Races track list, what comes immediately before 'White Man'?",,,,You and I,false
Queen Quiz: Encore (Part 1),,"On the original A Day at the Races track list, what comes immediately before 'White Man'?",,,,Somebody to Love,true
Queen Quiz: Encore (Part 1),,"On the original A Day at the Races track list, what comes immediately before 'White Man'?",,,,Drowse,false
Queen Quiz: Encore (Part 1),,What time of day does the front cover of 'Made in Heaven' depict?,After Freddie,hard,3,Sunset,false
Queen Quiz: Encore (Part 1),,What time of day does the front cover of 'Made in Heaven' depict?,,,,Noon,false
Queen Quiz: Encore (Part 1),,What time of day does the front cover of 'Made in Heaven' depict?,,,,Midnight,false
Queen Quiz: Encore (Part 1),,What time of day does the front cover of 'Made in Heaven' depict?,,,,Sunrise,true
Queen Quiz: Encore (Part 1),,Which track closes the original Happiness? (Roger Taylor) album?,Solo Projects,hard,3,Old Friends,true
Queen Quiz: Encore (Part 1),,Which track closes the original Happiness? (Roger Taylor) album?,,,,Space,false
Queen Quiz: Encore (Part 1),,Which track closes the original Happiness? (Roger Taylor) album?,,,,No Violins,false
Queen Quiz: Encore (Part 1),,Which track closes the original Happiness? (Roger Taylor) album?,,,,Strange Frontier,false
Queen Quiz: Encore (Part 1),,Who wrote the Queen album track 'Teo Torriatte (Let Us Cling Together)'?,Songwriting,hard,3,Freddie Mercury,false
Queen Quiz: Encore (Part 1),,Who wrote the Queen album track 'Teo Torriatte (Let Us Cling Together)'?,,,,Brian May,true
Queen Quiz: Encore (Part 1),,Who wrote the Queen album track 'Teo Torriatte (Let Us Cling Together)'?,,,,Roger Taylor,false
Queen Quiz: Encore (Part 1),,Who wrote the Queen album track 'Teo Torriatte (Let Us Cling Together)'?,,,,John Deacon,false
Queen Quiz: Encore (Part 1),,Which John Lennon song appears on Roger Taylor's 'Electric Fire'?,Solo Projects,hard,3,Imagine,false
Queen Quiz: Encore (Part 1),,Which John Lennon song appears on Roger Taylor's 'Electric Fire'?,,,,Woman,false
Queen Quiz: Encore (Part 1),,Which John Lennon song appears on Roger Taylor's 'Electric Fire'?,,,,Working Class Hero,true
Queen Quiz: Encore (Part 1),,Which John Lennon song appears on Roger Taylor's 'Electric Fire'?,,,,Instant Karma!,false
Queen Quiz: Encore (Part 1),,Which previously unreleased Miracle-era song was listed alongside 'Face It Alone' in the 2022 box set?,After Freddie,hard,3,Silver Salmon,false
Queen Quiz: Encore (Part 1),,Which previously unreleased Miracle-era song was listed alongside 'Face It Alone' in the 2022 box set?,,,,Hangman,false
Queen Quiz: Encore (Part 1),,Which previously unreleased Miracle-era song was listed alongside 'Face It Alone' in the 2022 box set?,,,,See What a Fool I've Been,false
Queen Quiz: Encore (Part 1),,Which previously unreleased Miracle-era song was listed alongside 'Face It Alone' in the 2022 box set?,,,,Dog With a Bone,true
Queen Quiz: Encore (Part 1),,"On the original Jazz track list, what comes immediately after 'In Only Seven Days'?",Album Tracks,hard,3,Dreamers Ball,true
Queen Quiz: Encore (Part 1),,"On the original Jazz track list, what comes immediately after 'In Only Seven Days'?",,,,Jealousy,false
Queen Quiz: Encore (Part 1),,"On the original Jazz track list, what comes immediately after 'In Only Seven Days'?",,,,Fat Bottomed Girls,false
Queen Quiz: Encore (Part 1),,"On the original Jazz track list, what comes immediately after 'In Only Seven Days'?",,,,Fun It,false
Queen Quiz: Encore (Part 1),,"On the original Happiness? (Roger Taylor) track list, what comes immediately after 'Foreign Sand'?",Solo Projects,hard,4,Touch the Sky,false
Queen Quiz: Encore (Part 1),,"On the original Happiness? (Roger Taylor) track list, what comes immediately after 'Foreign Sand'?",,,,Freedom Train,true
Queen Quiz: Encore (Part 1),,"On the original Happiness? (Roger Taylor) track list, what comes immediately after 'Foreign Sand'?",,,,Nazis 1994,false
Queen Quiz: Encore (Part 1),,"On the original Happiness? (Roger Taylor) track list, what comes immediately after 'Foreign Sand'?",,,,Dear Mr Murdoch,false
Queen Quiz: Encore (Part 1),,"On the original Electric Fire (Roger Taylor) track list, what comes immediately after 'Working Class Hero'?",Solo Projects,hard,4,Believe in Yourself,false
Queen Quiz: Encore (Part 1),,"On the original Electric Fire (Roger Taylor) track list, what comes immediately after 'Working Class Hero'?",,,,Is It Me?,false
Queen Quiz: Encore (Part 1),,"On the original Electric Fire (Roger Taylor) track list, what comes immediately after 'Working Class Hero'?",,,,"London Town, C'mon Down",true
Queen Quiz: Encore (Part 1),,"On the original Electric Fire (Roger Taylor) track list, what comes immediately after 'Working Class Hero'?",,,,Tonight,false
Queen Quiz: Encore (Part 1),,"On the original Another World (Brian May) track list, what comes immediately after 'Business'?",Solo Projects,hard,4,One Rainy Wish,false
Queen Quiz: Encore (Part 1),,"On the original Another World (Brian May) track list, what comes immediately after 'Business'?",,,,The Guv'nor,false
Queen Quiz: Encore (Part 1),,"On the original Another World (Brian May) track list, what comes immediately after 'Business'?",,,,Wilderness,false
Queen Quiz: Encore (Part 1),,"On the original Another World (Brian May) track list, what comes immediately after 'Business'?",,,,China Belle,true
Queen Quiz: Encore (Part 1),,"On the original Back to the Light (Brian May) track list, what comes immediately after 'Love Token'?",Solo Projects,hard,4,Resurrection,true
Queen Quiz: Encore (Part 1),,"On the original Back to the Light (Brian May) track list, what comes immediately after 'Love Token'?",,,,Nothin' But Blue,false
Queen Quiz: Encore (Part 1),,"On the original Back to the Light (Brian May) track list, what comes immediately after 'Love Token'?",,,,Rollin' Over,false
Queen Quiz: Encore (Part 1),,"On the original Back to the Light (Brian May) track list, what comes immediately after 'Love Token'?",,,,Too Much Love Will Kill You,false
Queen Quiz: Encore (Part 2),"25 new Queen questions spanning the albums, solo projects, band members, and the years after Freddie.",Which Queen studio album has both 'Radio Ga Ga' and 'Tear It Up' on its original track list?,Albums,easy,1,The Works,true
Queen Quiz: Encore (Part 2),,Which Queen studio album has both 'Radio Ga Ga' and 'Tear It Up' on its original track list?,,,,The Game,false
Queen Quiz: Encore (Part 2),,Which Queen studio album has both 'Radio Ga Ga' and 'Tear It Up' on its original track list?,,,,Queen,false
Queen Quiz: Encore (Part 2),,Which Queen studio album has both 'Radio Ga Ga' and 'Tear It Up' on its original track list?,,,,The Miracle,false
Queen Quiz: Encore (Part 2),,Which Queen studio album has both 'Doing All Right' and 'Great King Rat' on its original track list?,Albums,easy,1,The Works,false
Queen Quiz: Encore (Part 2),,Which Queen studio album has both 'Doing All Right' and 'Great King Rat' on its original track list?,,,,Queen,true
Queen Quiz: Encore (Part 2),,Which Queen studio album has both 'Doing All Right' and 'Great King Rat' on its original track list?,,,,A Day at the Races,false
Queen Quiz: Encore (Part 2),,Which Queen studio album has both 'Doing All Right' and 'Great King Rat' on its original track list?,,,,Jazz,false
Queen Quiz: Encore (Part 2),,On which Queen studio album is 'Innuendo' found in the original track list?,Albums,easy,1,A Night at the Opera,false
Queen Quiz: Encore (Part 2),,On which Queen studio album is 'Innuendo' found in the original track list?,,,,The Game,false
Queen Quiz: Encore (Part 2),,On which Queen studio album is 'Innuendo' found in the original track list?,,,,Innuendo,true
Queen Quiz: Encore (Part 2),,On which Queen studio album is 'Innuendo' found in the original track list?,,,,News of the World,false
Queen Quiz: Encore (Part 2),,On which Queen studio album is 'All God's People' found in the original track list?,Albums,medium,2,Jazz,false
Queen Quiz: Encore (Part 2),,On which Queen studio album is 'All God's People' found in the original track list?,,,,The Miracle,false
Queen Quiz: Encore (Part 2),,On which Queen studio album is 'All God's People' found in the original track list?,,,,Hot Space,false
Queen Quiz: Encore (Part 2),,On which Queen studio album is 'All God's People' found in the original track list?,,,,Innuendo,true
Queen Quiz: Encore (Part 2),,"Which Queen studio album has both 'Get Down, Make Love' and 'Sleeping on the Sidewalk' on its original track list?",Albums,medium,2,News of the World,true
Queen Quiz: Encore (Part 2),,"Which Queen studio album has both 'Get Down, Make Love' and 'Sleeping on the Sidewalk' on its original track list?",,,,Hot Space,false
Queen Quiz: Encore (Part 2),,"Which Queen studio album has both 'Get Down, Make Love' and 'Sleeping on the Sidewalk' on its original track list?",,,,Innuendo,false
Queen Quiz: Encore (Part 2),,"Which Queen studio album has both 'Get Down, Make Love' and 'Sleeping on the Sidewalk' on its original track list?",,,,Queen,false
Queen Quiz: Encore (Part 2),,"On the original The Miracle track list, what comes immediately after 'I Want It All'?",Album Tracks,medium,2,Khashoggi's Ship,false
Queen Quiz: Encore (Part 2),,"On the original The Miracle track list, what comes immediately after 'I Want It All'?",,,,The Invisible Man,true
Queen Quiz: Encore (Part 2),,"On the original The Miracle track list, what comes immediately after 'I Want It All'?",,,,Rain Must Fall,false
Queen Quiz: Encore (Part 2),,"On the original The Miracle track list, what comes immediately after 'I Want It All'?",,,,Scandal,false
Queen Quiz: Encore (Part 2),,Which Queen studio album has both 'Modern Times Rock 'n' Roll' and 'Son and Daughter' on its original track list?,Albums,medium,2,Queen II,false
Queen Quiz: Encore (Part 2),,Which Queen studio album has both 'Modern Times Rock 'n' Roll' and 'Son and Daughter' on its original track list?,,,,The Game,false
Queen Quiz: Encore (Part 2),,Which Queen studio album has both 'Modern Times Rock 'n' Roll' and 'Son and Daughter' on its original track list?,,,,Queen,true
Queen Quiz: Encore (Part 2),,Which Queen studio album has both 'Modern Times Rock 'n' Roll' and 'Son and Daughter' on its original track list?,,,,A Night at the Opera,false
Queen Quiz: Encore (Part 2),,On which Queen studio album is 'Don't Lose Your Head' found in the original track list?,Albums,medium,2,Hot Space,false
Queen Quiz: Encore (Part 2),,On which Queen studio album is 'Don't Lose Your Head' found in the original track list?,,,,The Miracle,false
Queen Quiz: Encore (Part 2),,On which Queen studio album is 'Don't Lose Your Head' found in the original track list?,,,,Innuendo,false
Queen Quiz: Encore (Part 2),,On which Queen studio album is 'Don't Lose Your Head' found in the original track list?,,,,A Kind of Magic,true
Queen Quiz: Encore (Part 2),,Which organisation's COVID-19 response fund benefited from 'You Are the Champions'?,After Freddie,medium,2,World Health Organization,true
Queen Quiz: Encore (Part 2),,Which organisation's COVID-19 response fund benefited from 'You Are the Champions'?,,,,UNICEF,false
Queen Quiz: Encore (Part 2),,Which organisation's COVID-19 response fund benefited from 'You Are the Champions'?,,,,Mercury Phoenix Trust,false
Queen Quiz: Encore (Part 2),,Which organisation's COVID-19 response fund benefited from 'You Are the Champions'?,,,,Save the Children,false
Queen Quiz: Encore (Part 2),,Who wrote the Queen album track 'Don't Stop Me Now'?,Songwriting,medium,2,Brian May,false
Queen Quiz: Encore (Part 2),,Who wrote the Queen album track 'Don't Stop Me Now'?,,,,Freddie Mercury,true
Queen Quiz: Encore (Part 2),,Who wrote the Queen album track 'Don't Stop Me Now'?,,,,Roger Taylor,false
Queen Quiz: Encore (Part 2),,Who wrote the Queen album track 'Don't Stop Me Now'?,,,,John Deacon,false
Queen Quiz: Encore (Part 2),,"On the original The Miracle track list, what comes immediately after 'The Invisible Man'?",Album Tracks,medium,2,I Want It All,false
Queen Quiz: Encore (Part 2),,"On the original The Miracle track list, what comes immediately after 'The Invisible Man'?",,,,Party,false
Queen Quiz: Encore (Part 2),,"On the original The Miracle track list, what comes immediately after 'The Invisible Man'?",,,,Breakthru,true
Queen Quiz: Encore (Part 2),,"On the original The Miracle track list, what comes immediately after 'The Invisible Man'?",,,,Rain Must Fall,false
Queen Quiz: Encore (Part 2),,Who sang 'Radio Ga Ga' with Queen at the 1992 tribute concert?,After Freddie,medium,2,George Michael,false
Queen Quiz: Encore (Part 2),,Who sang 'Radio Ga Ga' with Queen at the 1992 tribute concert?,,,,Elton John,false
Queen Quiz: Encore (Part 2),,Who sang 'Radio Ga Ga' with Queen at the 1992 tribute concert?,,,,Seal,false
Queen Quiz: Encore (Part 2),,Who sang 'Radio Ga Ga' with Queen at the 1992 tribute concert?,,,,Paul Young,true
Queen Quiz: Encore (Part 2),,Which track opens the original Barcelona (Freddie Mercury and Montserrat Caballé) album?,Solo Projects,hard,3,Barcelona,true
Queen Quiz: Encore (Part 2),,Which track opens the original Barcelona (Freddie Mercury and Montserrat Caballé) album?,,,,Let's Turn It On,false
Queen Quiz: Encore (Part 2),,Which track opens the original Barcelona (Freddie Mercury and Montserrat Caballé) album?,,,,Another World,false
Queen Quiz: Encore (Part 2),,Which track opens the original Barcelona (Freddie Mercury and Montserrat Caballé) album?,,,,"London Town, C'mon Down",false
Queen Quiz: Encore (Part 2),,"On the original Queen II track list, what comes immediately after 'Ogre Battle'?",Album Tracks,hard,3,Nevermore,false
Queen Quiz: Encore (Part 2),,"On the original Queen II track list, what comes immediately after 'Ogre Battle'?",,,,The Fairy Feller's Master-Stroke,true
Queen Quiz: Encore (Part 2),,"On the original Queen II track list, what comes immediately after 'Ogre Battle'?",,,,Funny How Love Is,false
Queen Quiz: Encore (Part 2),,"On the original Queen II track list, what comes immediately after 'Ogre Battle'?",,,,Some Day One Day,false
Queen Quiz: Encore (Part 2),,"On the original A Night at the Opera track list, what comes immediately before 'Sweet Lady'?",Album Tracks,hard,3,Good Company,false
Queen Quiz: Encore (Part 2),,"On the original A Night at the Opera track list, what comes immediately before 'Sweet Lady'?",,,,Death on Two Legs,false
Queen Quiz: Encore (Part 2),,"On the original A Night at the Opera track list, what comes immediately before 'Sweet Lady'?",,,,'39,true
Queen Quiz: Encore (Part 2),,"On the original A Night at the Opera track list, what comes immediately before 'Sweet Lady'?",,,,God Save the Queen,false
Queen Quiz: Encore (Part 2),,Which Queen studio album has both 'Bijou' and 'The Show Must Go On' on its original track list?,Albums,hard,3,Jazz,false
Queen Quiz: Encore (Part 2),,Which Queen studio album has both 'Bijou' and 'The Show Must Go On' on its original track list?,,,,Queen II,false
Queen Quiz: Encore (Part 2),,Which Queen studio album has both 'Bijou' and 'The Show Must Go On' on its original track list?,,,,Hot Space,false
Queen Quiz: Encore (Part 2),,Which Queen studio album has both 'Bijou' and 'The Show Must Go On' on its original track list?,,,,Innuendo,true
Queen Quiz: Encore (Part 2),,Who sang Queen's '39' at the 1992 tribute concert?,After Freddie,hard,3,George Michael,true
Queen Quiz: Encore (Part 2),,Who sang Queen's '39' at the 1992 tribute concert?,,,,Elton John,false
Queen Quiz: Encore (Part 2),,Who sang Queen's '39' at the 1992 tribute concert?,,,,Joe Elliott,false
Queen Quiz: Encore (Part 2),,Who sang Queen's '39' at the 1992 tribute concert?,,,,Robert Plant,false
Queen Quiz: Encore (Part 2),,"On the original A Night at the Opera track list, what comes immediately before 'You're My Best Friend'?",Album Tracks,hard,3,Death on Two Legs,false
Queen Quiz: Encore (Part 2),,"On the original A Night at the Opera track list, what comes immediately before 'You're My Best Friend'?",,,,I'm in Love with My Car,true
Queen Quiz: Encore (Part 2),,"On the original A Night at the Opera track list, what comes immediately before 'You're My Best Friend'?",,,,Sweet Lady,false
Queen Quiz: Encore (Part 2),,"On the original A Night at the Opera track list, what comes immediately before 'You're My Best Friend'?",,,,Bohemian Rhapsody,false
Queen Quiz: Encore (Part 2),,"On the original The Works track list, what comes immediately after 'Hammer to Fall'?",Album Tracks,hard,3,Tear It Up,false
Queen Quiz: Encore (Part 2),,"On the original The Works track list, what comes immediately after 'Hammer to Fall'?",,,,Radio Ga Ga,false
Queen Quiz: Encore (Part 2),,"On the original The Works track list, what comes immediately after 'Hammer to Fall'?",,,,Is This the World We Created...?,true
Queen Quiz: Encore (Part 2),,"On the original The Works track list, what comes immediately after 'Hammer to Fall'?",,,,Man on the Prowl,false
Queen Quiz: Encore (Part 2),,"On the original Jazz track list, what comes immediately before 'Fat Bottomed Girls'?",Album Tracks,hard,3,If You Can't Beat Them,false
Queen Quiz: Encore (Part 2),,"On the original Jazz track list, what comes immediately before 'Fat Bottomed Girls'?",,,,Don't Stop Me Now,false
Queen Quiz: Encore (Part 2),,"On the original Jazz track list, what comes immediately before 'Fat Bottomed Girls'?",,,,In Only Seven Days,false
Queen Quiz: Encore (Part 2),,"On the original Jazz track list, what comes immediately before 'Fat Bottomed Girls'?",,,,Mustapha,true
Queen Quiz: Encore (Part 2),,"On the original Jazz track list, what comes immediately before 'Let Me Entertain You'?",Album Tracks,hard,3,If You Can't Beat Them,true
Queen Quiz: Encore (Part 2),,"On the original Jazz track list, what comes immediately before 'Let Me Entertain You'?",,,,Fun It,false
Queen Quiz: Encore (Part 2),,"On the original Jazz track list, what comes immediately before 'Let Me Entertain You'?",,,,Mustapha,false
Queen Quiz: Encore (Part 2),,"On the original Jazz track list, what comes immediately before 'Let Me Entertain You'?",,,,Leaving Home Ain't Easy,false
Queen Quiz: Encore (Part 2),,Which The Game track sits between 'Crazy Little Thing Called Love' and 'Don't Try Suicide'?,Album Tracks,hard,4,Play the Game,false
Queen Quiz: Encore (Part 2),,Which The Game track sits between 'Crazy Little Thing Called Love' and 'Don't Try Suicide'?,,,,Rock It (Prime Jive),true
Queen Quiz: Encore (Part 2),,Which The Game track sits between 'Crazy Little Thing Called Love' and 'Don't Try Suicide'?,,,,Save Me,false
Queen Quiz: Encore (Part 2),,Which The Game track sits between 'Crazy Little Thing Called Love' and 'Don't Try Suicide'?,,,,Another One Bites the Dust,false
Queen Quiz: Encore (Part 2),,"On the original Another World (Brian May) track list, what comes immediately after 'China Belle'?",Solo Projects,hard,4,The Guv'nor,false
Queen Quiz: Encore (Part 2),,"On the original Another World (Brian May) track list, what comes immediately after 'China Belle'?",,,,Another World,false
Queen Quiz: Encore (Part 2),,"On the original Another World (Brian May) track list, what comes immediately after 'China Belle'?",,,,Why Don't We Try Again,true
Queen Quiz: Encore (Part 2),,"On the original Another World (Brian May) track list, what comes immediately after 'China Belle'?",,,,On My Way Up,false
Queen Quiz: Encore (Part 2),,Which Queen track sits between 'Liar' and 'Modern Times Rock 'n' Roll'?,Album Tracks,hard,4,Keep Yourself Alive,false
Queen Quiz: Encore (Part 2),,Which Queen track sits between 'Liar' and 'Modern Times Rock 'n' Roll'?,,,,Seven Seas of Rhye (instrumental),false
Queen Quiz: Encore (Part 2),,Which Queen track sits between 'Liar' and 'Modern Times Rock 'n' Roll'?,,,,Great King Rat,false
Queen Quiz: Encore (Part 2),,Which Queen track sits between 'Liar' and 'Modern Times Rock 'n' Roll'?,,,,The Night Comes Down,true
Queen Quiz: Encore (Part 2),,"On the original Back to the Light (Brian May) track list, what comes immediately after 'Back to the Light'?",Solo Projects,hard,4,Love Token,true
Queen Quiz: Encore (Part 2),,"On the original Back to the Light (Brian May) track list, what comes immediately after 'Back to the Light'?",,,,Let Your Heart Rule Your Head,false
Queen Quiz: Encore (Part 2),,"On the original Back to the Light (Brian May) track list, what comes immediately after 'Back to the Light'?",,,,Nothin' But Blue,false
Queen Quiz: Encore (Part 2),,"On the original Back to the Light (Brian May) track list, what comes immediately after 'Back to the Light'?",,,,I'm Scared,false
Queen Quiz: Encore (Part 3),"25 new Queen questions spanning the albums, solo projects, band members, and the years after Freddie.",On which Queen studio album is 'Procession' found in the original track list?,Albums,easy,1,Queen II,true
Queen Quiz: Encore (Part 3),,On which Queen studio album is 'Procession' found in the original track list?,,,,Jazz,false
Queen Quiz: Encore (Part 3),,On which Queen studio album is 'Procession' found in the original track list?,,,,The Miracle,false
Queen Quiz: Encore (Part 3),,On which Queen studio album is 'Procession' found in the original track list?,,,,A Day at the Races,false
Queen Quiz: Encore (Part 3),,On which Queen studio album is 'Lazing on a Sunday Afternoon' found in the original track list?,Albums,easy,1,Queen II,false
Queen Quiz: Encore (Part 3),,On which Queen studio album is 'Lazing on a Sunday Afternoon' found in the original track list?,,,,A Night at the Opera,true
Queen Quiz: Encore (Part 3),,On which Queen studio album is 'Lazing on a Sunday Afternoon' found in the original track list?,,,,Innuendo,false
Queen Quiz: Encore (Part 3),,On which Queen studio album is 'Lazing on a Sunday Afternoon' found in the original track list?,,,,A Kind of Magic,false
Queen Quiz: Encore (Part 3),,Which track closes the original Queen II album?,Albums,easy,1,The Show Must Go On,false
Queen Quiz: Encore (Part 3),,Which track closes the original Queen II album?,,,,Princes of the Universe,false
Queen Quiz: Encore (Part 3),,Which track closes the original Queen II album?,,,,Seven Seas of Rhye,true
Queen Quiz: Encore (Part 3),,Which track closes the original Queen II album?,,,,God Save the Queen,false
Queen Quiz: Encore (Part 3),,Which Queen studio album has both 'Don't Try Suicide' and 'Sail Away Sweet Sister' on its original track list?,Albums,medium,2,A Kind of Magic,false
Queen Quiz: Encore (Part 3),,Which Queen studio album has both 'Don't Try Suicide' and 'Sail Away Sweet Sister' on its original track list?,,,,Jazz,false
Queen Quiz: Encore (Part 3),,Which Queen studio album has both 'Don't Try Suicide' and 'Sail Away Sweet Sister' on its original track list?,,,,Innuendo,false
Queen Quiz: Encore (Part 3),,Which Queen studio album has both 'Don't Try Suicide' and 'Sail Away Sweet Sister' on its original track list?,,,,The Game,true
Queen Quiz: Encore (Part 3),,"On the original News of the World track list, what comes immediately after 'Sheer Heart Attack'?",Album Tracks,medium,2,"All Dead, All Dead",true
Queen Quiz: Encore (Part 3),,"On the original News of the World track list, what comes immediately after 'Sheer Heart Attack'?",,,,"Get Down, Make Love",false
Queen Quiz: Encore (Part 3),,"On the original News of the World track list, what comes immediately after 'Sheer Heart Attack'?",,,,My Melancholy Blues,false
Queen Quiz: Encore (Part 3),,"On the original News of the World track list, what comes immediately after 'Sheer Heart Attack'?",,,,Sleeping on the Sidewalk,false
Queen Quiz: Encore (Part 3),,"On the original Hot Space track list, what comes immediately after 'Back Chat'?",Album Tracks,medium,2,Life Is Real (Song for Lennon),false
Queen Quiz: Encore (Part 3),,"On the original Hot Space track list, what comes immediately after 'Back Chat'?",,,,Body Language,true
Queen Quiz: Encore (Part 3),,"On the original Hot Space track list, what comes immediately after 'Back Chat'?",,,,Under Pressure,false
Queen Quiz: Encore (Part 3),,"On the original Hot Space track list, what comes immediately after 'Back Chat'?",,,,Calling All Girls,false
Queen Quiz: Encore (Part 3),,On which Queen studio album is 'Life Is Real (Song for Lennon)' found in the original track list?,Albums,medium,2,The Game,false
Queen Quiz: Encore (Part 3),,On which Queen studio album is 'Life Is Real (Song for Lennon)' found in the original track list?,,,,Queen,false
Queen Quiz: Encore (Part 3),,On which Queen studio album is 'Life Is Real (Song for Lennon)' found in the original track list?,,,,Hot Space,true
Queen Quiz: Encore (Part 3),,On which Queen studio album is 'Life Is Real (Song for Lennon)' found in the original track list?,,,,A Night at the Opera,false
Queen Quiz: Encore (Part 3),,How old was John Deacon when he joined Queen?,Band Members,medium,2,17,false
Queen Quiz: Encore (Part 3),,How old was John Deacon when he joined Queen?,,,,21,false
Queen Quiz: Encore (Part 3),,How old was John Deacon when he joined Queen?,,,,23,false
Queen Quiz: Encore (Part 3),,How old was John Deacon when he joined Queen?,,,,19,true
Queen Quiz: Encore (Part 3),,"On the original The Works track list, what comes immediately after 'Tear It Up'?",Album Tracks,medium,2,It's a Hard Life,true
Queen Quiz: Encore (Part 3),,"On the original The Works track list, what comes immediately after 'Tear It Up'?",,,,I Want to Break Free,false
Queen Quiz: Encore (Part 3),,"On the original The Works track list, what comes immediately after 'Tear It Up'?",,,,Machines (or Back to Humans),false
Queen Quiz: Encore (Part 3),,"On the original The Works track list, what comes immediately after 'Tear It Up'?",,,,Keep Passing the Open Windows,false
Queen Quiz: Encore (Part 3),,On which Queen studio album is 'In Only Seven Days' found in the original track list?,Albums,medium,2,The Game,false
Queen Quiz: Encore (Part 3),,On which Queen studio album is 'In Only Seven Days' found in the original track list?,,,,Jazz,true
Queen Quiz: Encore (Part 3),,On which Queen studio album is 'In Only Seven Days' found in the original track list?,,,,Queen,false
Queen Quiz: Encore (Part 3),,On which Queen studio album is 'In Only Seven Days' found in the original track list?,,,,A Kind of Magic,false
Queen Quiz: Encore (Part 3),,Which track opens the original Jazz album?,Albums,medium,2,Procession,false
Queen Quiz: Encore (Part 3),,Which track opens the original Jazz album?,,,,Party,false
Queen Quiz: Encore (Part 3),,Which track opens the original Jazz album?,,,,Mustapha,true
Queen Quiz: Encore (Part 3),,Which track opens the original Jazz album?,,,,My Melancholy Blues,false
Queen Quiz: Encore (Part 3),,Which Queen studio album has both 'Crazy Little Thing Called Love' and 'Rock It (Prime Jive)' on its original track list?,Albums,medium,2,Sheer Heart Attack,false
Queen Quiz: Encore (Part 3),,Which Queen studio album has both 'Crazy Little Thing Called Love' and 'Rock It (Prime Jive)' on its original track list?,,,,A Kind of Magic,false
Queen Quiz: Encore (Part 3),,Which Queen studio album has both 'Crazy Little Thing Called Love' and 'Rock It (Prime Jive)' on its original track list?,,,,A Day at the Races,false
Queen Quiz: Encore (Part 3),,Which Queen studio album has both 'Crazy Little Thing Called Love' and 'Rock It (Prime Jive)' on its original track list?,,,,The Game,true
Queen Quiz: Encore (Part 3),,Which track closes the original Electric Fire (Roger Taylor) album?,Solo Projects,hard,3,"London Town, C'mon Down",true
Queen Quiz: Encore (Part 3),,Which track closes the original Electric Fire (Roger Taylor) album?,,,,Strange Frontier,false
Queen Quiz: Encore (Part 3),,Which track closes the original Electric Fire (Roger Taylor) album?,,,,Another World,false
Queen Quiz: Encore (Part 3),,Which track closes the original Electric Fire (Roger Taylor) album?,,,,Old Friends,false
Queen Quiz: Encore (Part 3),,Who sang with Queen at John Deacon's final stage appearance in 1997?,Band Members,hard,3,George Michael,false
Queen Quiz: Encore (Part 3),,Who sang with Queen at John Deacon's final stage appearance in 1997?,,,,Elton John,true
Queen Quiz: Encore (Part 3),,Who sang with Queen at John Deacon's final stage appearance in 1997?,,,,Paul Rodgers,false
Queen Quiz: Encore (Part 3),,Who sang with Queen at John Deacon's final stage appearance in 1997?,,,,Adam Lambert,false
Queen Quiz: Encore (Part 3),,Who wrote the Queen album track 'White Man'?,Songwriting,hard,3,Freddie Mercury,false
Queen Quiz: Encore (Part 3),,Who wrote the Queen album track 'White Man'?,,,,Roger Taylor,false
Queen Quiz: Encore (Part 3),,Who wrote the Queen album track 'White Man'?,,,,Brian May,true
Queen Quiz: Encore (Part 3),,Who wrote the Queen album track 'White Man'?,,,,John Deacon,false
Queen Quiz: Encore (Part 3),,"On the original A Day at the Races track list, what comes immediately after 'Somebody to Love'?",Album Tracks,hard,3,Good Old-Fashioned Lover Boy,false
Queen Quiz: Encore (Part 3),,"On the original A Day at the Races track list, what comes immediately after 'Somebody to Love'?",,,,The Millionaire Waltz,false
Queen Quiz: Encore (Part 3),,"On the original A Day at the Races track list, what comes immediately after 'Somebody to Love'?",,,,Drowse,false
Queen Quiz: Encore (Part 3),,"On the original A Day at the Races track list, what comes immediately after 'Somebody to Love'?",,,,White Man,true
Queen Quiz: Encore (Part 3),,"On the original The Game track list, what comes immediately before 'Sail Away Sweet Sister'?",Album Tracks,hard,3,Don't Try Suicide,true
Queen Quiz: Encore (Part 3),,"On the original The Game track list, what comes immediately before 'Sail Away Sweet Sister'?",,,,Another One Bites the Dust,false
Queen Quiz: Encore (Part 3),,"On the original The Game track list, what comes immediately before 'Sail Away Sweet Sister'?",,,,Rock It (Prime Jive),false
Queen Quiz: Encore (Part 3),,"On the original The Game track list, what comes immediately before 'Sail Away Sweet Sister'?",,,,Play the Game,false
Queen Quiz: Encore (Part 3),,Which Queen studio album has both 'Calling All Girls' and 'Las Palabras de Amor (The Words of Love)' on its original track list?,Albums,hard,3,A Night at the Opera,false
Queen Quiz: Encore (Part 3),,Which Queen studio album has both 'Calling All Girls' and 'Las Palabras de Amor (The Words of Love)' on its original track list?,,,,Hot Space,true
Queen Quiz: Encore (Part 3),,Which Queen studio album has both 'Calling All Girls' and 'Las Palabras de Amor (The Words of Love)' on its original track list?,,,,News of the World,false
Queen Quiz: Encore (Part 3),,Which Queen studio album has both 'Calling All Girls' and 'Las Palabras de Amor (The Words of Love)' on its original track list?,,,,Sheer Heart Attack,false
Queen Quiz: Encore (Part 3),,Who wrote the Queen album track 'The March of the Black Queen'?,Songwriting,hard,3,Brian May,false
Queen Quiz: Encore (Part 3),,Who wrote the Queen album track 'The March of the Black Queen'?,,,,Roger Taylor,false
Queen Quiz: Encore (Part 3),,Who wrote the Queen album track 'The March of the Black Queen'?,,,,Freddie Mercury,true
Queen Quiz: Encore (Part 3),,Who wrote the Queen album track 'The March of the Black Queen'?,,,,John Deacon,false
Queen Quiz: Encore (Part 3),,Who wrote the Queen album track 'Liar'?,Songwriting,hard,3,Brian May,false
Queen Quiz: Encore (Part 3),,Who wrote the Queen album track 'Liar'?,,,,Roger Taylor,false
Queen Quiz: Encore (Part 3),,Who wrote the Queen album track 'Liar'?,,,,John Deacon,false
Queen Quiz: Encore (Part 3),,Who wrote the Queen album track 'Liar'?,,,,Freddie Mercury,true
Queen Quiz: Encore (Part 3),,Who wrote the Queen album track 'Who Needs You'?,Songwriting,hard,3,John Deacon,true
Queen Quiz: Encore (Part 3),,Who wrote the Queen album track 'Who Needs You'?,,,,Brian May,false
Queen Quiz: Encore (Part 3),,Who wrote the Queen album track 'Who Needs You'?,,,,Freddie Mercury,false
Queen Quiz: Encore (Part 3),,Who wrote the Queen album track 'Who Needs You'?,,,,Roger Taylor,false
Queen Quiz: Encore (Part 3),,Which Hot Space track sits between 'Life Is Real (Song for Lennon)' and 'Las Palabras de Amor (The Words of Love)'?,Album Tracks,hard,4,Action This Day,false
Queen Quiz: Encore (Part 3),,Which Hot Space track sits between 'Life Is Real (Song for Lennon)' and 'Las Palabras de Amor (The Words of Love)'?,,,,Calling All Girls,true
Queen Quiz: Encore (Part 3),,Which Hot Space track sits between 'Life Is Real (Song for Lennon)' and 'Las Palabras de Amor (The Words of Love)'?,,,,Under Pressure,false
Queen Quiz: Encore (Part 3),,Which Hot Space track sits between 'Life Is Real (Song for Lennon)' and 'Las Palabras de Amor (The Words of Love)'?,,,,Dancer,false
Queen Quiz: Encore (Part 3),,"On the original Barcelona (Freddie Mercury and Montserrat Caballé) track list, what comes immediately after 'Ensueño'?",Solo Projects,hard,4,Barcelona,false
Queen Quiz: Encore (Part 3),,"On the original Barcelona (Freddie Mercury and Montserrat Caballé) track list, what comes immediately after 'Ensueño'?",,,,How Can I Go On,false
Queen Quiz: Encore (Part 3),,"On the original Barcelona (Freddie Mercury and Montserrat Caballé) track list, what comes immediately after 'Ensueño'?",,,,The Golden Boy,true
Queen Quiz: Encore (Part 3),,"On the original Barcelona (Freddie Mercury and Montserrat Caballé) track list, what comes immediately after 'Ensueño'?",,,,La Japonaise,false
Queen Quiz: Encore (Part 3),,"Which News of the World track sits between 'Get Down, Make Love' and 'Who Needs You'?",Album Tracks,hard,4,Spread Your Wings,false
Queen Quiz: Encore (Part 3),,"Which News of the World track sits between 'Get Down, Make Love' and 'Who Needs You'?",,,,My Melancholy Blues,false
Queen Quiz: Encore (Part 3),,"Which News of the World track sits between 'Get Down, Make Love' and 'Who Needs You'?",,,,We Are the Champions,false
Queen Quiz: Encore (Part 3),,"Which News of the World track sits between 'Get Down, Make Love' and 'Who Needs You'?",,,,Sleeping on the Sidewalk,true
Queen Quiz: Encore (Part 3),,Which A Day at the Races track sits between 'You and I' and 'White Man'?,Album Tracks,hard,4,Somebody to Love,true
Queen Quiz: Encore (Part 3),,Which A Day at the Races track sits between 'You and I' and 'White Man'?,,,,Tie Your Mother Down,false
Queen Quiz: Encore (Part 3),,Which A Day at the Races track sits between 'You and I' and 'White Man'?,,,,Teo Torriatte (Let Us Cling Together),false
Queen Quiz: Encore (Part 3),,Which A Day at the Races track sits between 'You and I' and 'White Man'?,,,,Long Away,false
Queen Quiz: Encore (Part 4),"25 new Queen questions spanning the albums, solo projects, band members, and the years after Freddie.",Which Queen studio album has both 'Headlong' and 'I Can't Live with You' on its original track list?,Albums,easy,1,Innuendo,true
Queen Quiz: Encore (Part 4),,Which Queen studio album has both 'Headlong' and 'I Can't Live with You' on its original track list?,,,,The Miracle,false
Queen Quiz: Encore (Part 4),,Which Queen studio album has both 'Headlong' and 'I Can't Live with You' on its original track list?,,,,Sheer Heart Attack,false
Queen Quiz: Encore (Part 4),,Which Queen studio album has both 'Headlong' and 'I Can't Live with You' on its original track list?,,,,A Day at the Races,false
Queen Quiz: Encore (Part 4),,Who is Brian May's wife named in Queen's official biography?,Band Members,easy,1,Mary Austin,false
Queen Quiz: Encore (Part 4),,Who is Brian May's wife named in Queen's official biography?,,,,Anita Dobson,true
Queen Quiz: Encore (Part 4),,Who is Brian May's wife named in Queen's official biography?,,,,Chrissie Mullen,false
Queen Quiz: Encore (Part 4),,Who is Brian May's wife named in Queen's official biography?,,,,Debbie Leng,false
Queen Quiz: Encore (Part 4),,Which Queen studio album has both 'I'm Going Slightly Mad' and 'Headlong' on its original track list?,Albums,easy,1,The Game,false
Queen Quiz: Encore (Part 4),,Which Queen studio album has both 'I'm Going Slightly Mad' and 'Headlong' on its original track list?,,,,Queen,false
Queen Quiz: Encore (Part 4),,Which Queen studio album has both 'I'm Going Slightly Mad' and 'Headlong' on its original track list?,,,,Innuendo,true
Queen Quiz: Encore (Part 4),,Which Queen studio album has both 'I'm Going Slightly Mad' and 'Headlong' on its original track list?,,,,A Kind of Magic,false
Queen Quiz: Encore (Part 4),,On which Queen studio album is 'Is This the World We Created...?' found in the original track list?,Albums,medium,2,A Day at the Races,false
Queen Quiz: Encore (Part 4),,On which Queen studio album is 'Is This the World We Created...?' found in the original track list?,,,,A Kind of Magic,false
Queen Quiz: Encore (Part 4),,On which Queen studio album is 'Is This the World We Created...?' found in the original track list?,,,,Sheer Heart Attack,false
Queen Quiz: Encore (Part 4),,On which Queen studio album is 'Is This the World We Created...?' found in the original track list?,,,,The Works,true
Queen Quiz: Encore (Part 4),,Which band opened the Freddie Mercury Tribute Concert with 'Enter Sandman'?,After Freddie,medium,2,Metallica,true
Queen Quiz: Encore (Part 4),,Which band opened the Freddie Mercury Tribute Concert with 'Enter Sandman'?,,,,Guns N' Roses,false
Queen Quiz: Encore (Part 4),,Which band opened the Freddie Mercury Tribute Concert with 'Enter Sandman'?,,,,Extreme,false
Queen Quiz: Encore (Part 4),,Which band opened the Freddie Mercury Tribute Concert with 'Enter Sandman'?,,,,Def Leppard,false
Queen Quiz: Encore (Part 4),,"On the original A Day at the Races track list, what comes immediately after 'You and I'?",Album Tracks,medium,2,The Millionaire Waltz,false
Queen Quiz: Encore (Part 4),,"On the original A Day at the Races track list, what comes immediately after 'You and I'?",,,,Somebody to Love,true
Queen Quiz: Encore (Part 4),,"On the original A Day at the Races track list, what comes immediately after 'You and I'?",,,,Tie Your Mother Down,false
Queen Quiz: Encore (Part 4),,"On the original A Day at the Races track list, what comes immediately after 'You and I'?",,,,White Man,false
Queen Quiz: Encore (Part 4),,Which Freddie solo song was revisited as a Queen ballad for 'Queen Forever'?,After Freddie,medium,2,The Great Pretender,false
Queen Quiz: Encore (Part 4),,Which Freddie solo song was revisited as a Queen ballad for 'Queen Forever'?,,,,In My Defence,false
Queen Quiz: Encore (Part 4),,Which Freddie solo song was revisited as a Queen ballad for 'Queen Forever'?,,,,Love Kills,true
Queen Quiz: Encore (Part 4),,Which Freddie solo song was revisited as a Queen ballad for 'Queen Forever'?,,,,Time,false
Queen Quiz: Encore (Part 4),,On which Queen studio album is 'Crazy Little Thing Called Love' found in the original track list?,Albums,medium,2,Queen II,false
Queen Quiz: Encore (Part 4),,On which Queen studio album is 'Crazy Little Thing Called Love' found in the original track list?,,,,The Miracle,false
Queen Quiz: Encore (Part 4),,On which Queen studio album is 'Crazy Little Thing Called Love' found in the original track list?,,,,A Night at the Opera,false
Queen Quiz: Encore (Part 4),,On which Queen studio album is 'Crazy Little Thing Called Love' found in the original track list?,,,,The Game,true
Queen Quiz: Encore (Part 4),,"On the original News of the World track list, what comes immediately after 'Spread Your Wings'?",Album Tracks,medium,2,Fight from the Inside,true
Queen Quiz: Encore (Part 4),,"On the original News of the World track list, what comes immediately after 'Spread Your Wings'?",,,,"All Dead, All Dead",false
Queen Quiz: Encore (Part 4),,"On the original News of the World track list, what comes immediately after 'Spread Your Wings'?",,,,We Will Rock You,false
Queen Quiz: Encore (Part 4),,"On the original News of the World track list, what comes immediately after 'Spread Your Wings'?",,,,"Get Down, Make Love",false
Queen Quiz: Encore (Part 4),,Which track opens the original A Day at the Races album?,Albums,medium,2,Innuendo,false
Queen Quiz: Encore (Part 4),,Which track opens the original A Day at the Races album?,,,,Tie Your Mother Down,true
Queen Quiz: Encore (Part 4),,Which track opens the original A Day at the Races album?,,,,Princes of the Universe,false
Queen Quiz: Encore (Part 4),,Which track opens the original A Day at the Races album?,,,,Seven Seas of Rhye,false
Queen Quiz: Encore (Part 4),,"On the original A Day at the Races track list, what comes immediately after 'You Take My Breath Away'?",Album Tracks,medium,2,Teo Torriatte (Let Us Cling Together),false
Queen Quiz: Encore (Part 4),,"On the original A Day at the Races track list, what comes immediately after 'You Take My Breath Away'?",,,,You and I,false
Queen Quiz: Encore (Part 4),,"On the original A Day at the Races track list, what comes immediately after 'You Take My Breath Away'?",,,,Long Away,true
Queen Quiz: Encore (Part 4),,"On the original A Day at the Races track list, what comes immediately after 'You Take My Breath Away'?",,,,Good Old-Fashioned Lover Boy,false
Queen Quiz: Encore (Part 4),,Which Queen studio album has both 'Breakthru' and 'Rain Must Fall' on its original track list?,Albums,medium,2,A Night at the Opera,false
Queen Quiz: Encore (Part 4),,Which Queen studio album has both 'Breakthru' and 'Rain Must Fall' on its original track list?,,,,News of the World,false
Queen Quiz: Encore (Part 4),,Which Queen studio album has both 'Breakthru' and 'Rain Must Fall' on its original track list?,,,,Sheer Heart Attack,false
Queen Quiz: Encore (Part 4),,Which Queen studio album has both 'Breakthru' and 'Rain Must Fall' on its original track list?,,,,The Miracle,true
Queen Quiz: Encore (Part 4),,Which Brian May solo song opens with the short instrumental 'The Dark' on its parent album?,Solo Projects,hard,3,Back to the Light,true
Queen Quiz: Encore (Part 4),,Which Brian May solo song opens with the short instrumental 'The Dark' on its parent album?,,,,Resurrection,false
Queen Quiz: Encore (Part 4),,Which Brian May solo song opens with the short instrumental 'The Dark' on its parent album?,,,,Last Horizon,false
Queen Quiz: Encore (Part 4),,Which Brian May solo song opens with the short instrumental 'The Dark' on its parent album?,,,,Driven by You,false
Queen Quiz: Encore (Part 4),,"On the original A Day at the Races track list, what comes immediately after 'White Man'?",Album Tracks,hard,3,Drowse,false
Queen Quiz: Encore (Part 4),,"On the original A Day at the Races track list, what comes immediately after 'White Man'?",,,,Good Old-Fashioned Lover Boy,true
Queen Quiz: Encore (Part 4),,"On the original A Day at the Races track list, what comes immediately after 'White Man'?",,,,Teo Torriatte (Let Us Cling Together),false
Queen Quiz: Encore (Part 4),,"On the original A Day at the Races track list, what comes immediately after 'White Man'?",,,,Long Away,false
Queen Quiz: Encore (Part 4),,"On the original Queen II track list, what comes immediately after 'Nevermore'?",Album Tracks,hard,3,White Queen (As It Began),false
Queen Quiz: Encore (Part 4),,"On the original Queen II track list, what comes immediately after 'Nevermore'?",,,,Father to Son,false
Queen Quiz: Encore (Part 4),,"On the original Queen II track list, what comes immediately after 'Nevermore'?",,,,The March of the Black Queen,true
Queen Quiz: Encore (Part 4),,"On the original Queen II track list, what comes immediately after 'Nevermore'?",,,,Ogre Battle,false
Queen Quiz: Encore (Part 4),,"On the original Queen II track list, what comes immediately after 'The March of the Black Queen'?",Album Tracks,hard,3,Procession,false
Queen Quiz: Encore (Part 4),,"On the original Queen II track list, what comes immediately after 'The March of the Black Queen'?",,,,Father to Son,false
Queen Quiz: Encore (Part 4),,"On the original Queen II track list, what comes immediately after 'The March of the Black Queen'?",,,,The Loser in the End,false
Queen Quiz: Encore (Part 4),,"On the original Queen II track list, what comes immediately after 'The March of the Black Queen'?",,,,Funny How Love Is,true
Queen Quiz: Encore (Part 4),,Who provided keyboards and arrangements for Freddie Mercury's 'Barcelona' album?,Solo Projects,hard,3,Mike Moran,true
Queen Quiz: Encore (Part 4),,Who provided keyboards and arrangements for Freddie Mercury's 'Barcelona' album?,,,,David Richards,false
Queen Quiz: Encore (Part 4),,Who provided keyboards and arrangements for Freddie Mercury's 'Barcelona' album?,,,,Fred Mandel,false
Queen Quiz: Encore (Part 4),,Who provided keyboards and arrangements for Freddie Mercury's 'Barcelona' album?,,,,Spike Edney,false
Queen Quiz: Encore (Part 4),,Who wrote the Queen album track 'Tenement Funster'?,Songwriting,hard,3,Brian May,false
Queen Quiz: Encore (Part 4),,Who wrote the Queen album track 'Tenement Funster'?,,,,Roger Taylor,true
Queen Quiz: Encore (Part 4),,Who wrote the Queen album track 'Tenement Funster'?,,,,Freddie Mercury,false
Queen Quiz: Encore (Part 4),,Who wrote the Queen album track 'Tenement Funster'?,,,,John Deacon,false
Queen Quiz: Encore (Part 4),,"On the original A Day at the Races track list, what comes immediately before 'Good Old-Fashioned Lover Boy'?",Album Tracks,hard,3,Long Away,false
Queen Quiz: Encore (Part 4),,"On the original A Day at the Races track list, what comes immediately before 'Good Old-Fashioned Lover Boy'?",,,,Somebody to Love,false
Queen Quiz: Encore (Part 4),,"On the original A Day at the Races track list, what comes immediately before 'Good Old-Fashioned Lover Boy'?",,,,White Man,true
Queen Quiz: Encore (Part 4),,"On the original A Day at the Races track list, what comes immediately before 'Good Old-Fashioned Lover Boy'?",,,,Tie Your Mother Down,false
Queen Quiz: Encore (Part 4),,In which city did Roger Taylor's 2021 Outsider tour begin?,Band Members,hard,3,London,false
Queen Quiz: Encore (Part 4),,In which city did Roger Taylor's 2021 Outsider tour begin?,,,,Birmingham,false
Queen Quiz: Encore (Part 4),,In which city did Roger Taylor's 2021 Outsider tour begin?,,,,Liverpool,false
Queen Quiz: Encore (Part 4),,In which city did Roger Taylor's 2021 Outsider tour begin?,,,,Newcastle,true
Queen Quiz: Encore (Part 4),,Who wrote the Queen album track 'Need Your Loving Tonight'?,Songwriting,hard,3,John Deacon,true
Queen Quiz: Encore (Part 4),,Who wrote the Queen album track 'Need Your Loving Tonight'?,,,,Brian May,false
Queen Quiz: Encore (Part 4),,Who wrote the Queen album track 'Need Your Loving Tonight'?,,,,Freddie Mercury,false
Queen Quiz: Encore (Part 4),,Who wrote the Queen album track 'Need Your Loving Tonight'?,,,,Roger Taylor,false
Queen Quiz: Encore (Part 4),,Which Japanese musician worked on Roger Taylor's 'Foreign Sand'?,Solo Projects,hard,4,Ryuichi Sakamoto,false
Queen Quiz: Encore (Part 4),,Which Japanese musician worked on Roger Taylor's 'Foreign Sand'?,,,,Yoshiki,true
Queen Quiz: Encore (Part 4),,Which Japanese musician worked on Roger Taylor's 'Foreign Sand'?,,,,Kitaro,false
Queen Quiz: Encore (Part 4),,Which Japanese musician worked on Roger Taylor's 'Foreign Sand'?,,,,Joe Hisaishi,false
Queen Quiz: Encore (Part 4),,Which Fun in Space (Roger Taylor) track sits between 'My Country I & II' and 'Magic Is Loose'?,Solo Projects,hard,4,No Violins,false
Queen Quiz: Encore (Part 4),,Which Fun in Space (Roger Taylor) track sits between 'My Country I & II' and 'Magic Is Loose'?,,,,Fun in Space,false
Queen Quiz: Encore (Part 4),,Which Fun in Space (Roger Taylor) track sits between 'My Country I & II' and 'Magic Is Loose'?,,,,Good Times Are Now,true
Queen Quiz: Encore (Part 4),,Which Fun in Space (Roger Taylor) track sits between 'My Country I & II' and 'Magic Is Loose'?,,,,Future Management (You Don't Need Nobody Else),false
Queen Quiz: Encore (Part 4),,"On the original Back to the Light (Brian May) track list, what comes immediately before 'Rollin' Over'?",Solo Projects,hard,4,I'm Scared,false
Queen Quiz: Encore (Part 4),,"On the original Back to the Light (Brian May) track list, what comes immediately before 'Rollin' Over'?",,,,Too Much Love Will Kill You,false
Queen Quiz: Encore (Part 4),,"On the original Back to the Light (Brian May) track list, what comes immediately before 'Rollin' Over'?",,,,Let Your Heart Rule Your Head,false
Queen Quiz: Encore (Part 4),,"On the original Back to the Light (Brian May) track list, what comes immediately before 'Rollin' Over'?",,,,Just One Life,true
Queen Quiz: Encore (Part 4),,"On the original Fun in Space (Roger Taylor) track list, what comes immediately before 'Interlude in Constantinople'?",Solo Projects,hard,4,Magic Is Loose,true
Queen Quiz: Encore (Part 4),,"On the original Fun in Space (Roger Taylor) track list, what comes immediately before 'Interlude in Constantinople'?",,,,Future Management (You Don't Need Nobody Else),false
Queen Quiz: Encore (Part 4),,"On the original Fun in Space (Roger Taylor) track list, what comes immediately before 'Interlude in Constantinople'?",,,,Good Times Are Now,false
Queen Quiz: Encore (Part 4),,"On the original Fun in Space (Roger Taylor) track list, what comes immediately before 'Interlude in Constantinople'?",,,,No Violins,false
Queen Quiz: Encore (Part 5),"25 new Queen questions spanning the albums, solo projects, band members, and the years after Freddie.",In which year did Queen release the rediscovered Freddie vocal 'Face It Alone'?,After Freddie,easy,1,2022,true
Queen Quiz: Encore (Part 5),,In which year did Queen release the rediscovered Freddie vocal 'Face It Alone'?,,,,2014,false
Queen Quiz: Encore (Part 5),,In which year did Queen release the rediscovered Freddie vocal 'Face It Alone'?,,,,1995,false
Queen Quiz: Encore (Part 5),,In which year did Queen release the rediscovered Freddie vocal 'Face It Alone'?,,,,2008,false
Queen Quiz: Encore (Part 5),,Which singer made a Queen album with Brian May and Roger Taylor titled 'The Cosmos Rocks'?,After Freddie,easy,1,Adam Lambert,false
Queen Quiz: Encore (Part 5),,Which singer made a Queen album with Brian May and Roger Taylor titled 'The Cosmos Rocks'?,,,,Paul Rodgers,true
Queen Quiz: Encore (Part 5),,Which singer made a Queen album with Brian May and Roger Taylor titled 'The Cosmos Rocks'?,,,,George Michael,false
Queen Quiz: Encore (Part 5),,Which singer made a Queen album with Brian May and Roger Taylor titled 'The Cosmos Rocks'?,,,,Robert Plant,false
Queen Quiz: Encore (Part 5),,On which Queen studio album is 'Doing All Right' found in the original track list?,Albums,easy,1,A Kind of Magic,false
Queen Quiz: Encore (Part 5),,On which Queen studio album is 'Doing All Right' found in the original track list?,,,,A Night at the Opera,false
Queen Quiz: Encore (Part 5),,On which Queen studio album is 'Doing All Right' found in the original track list?,,,,Queen,true
Queen Quiz: Encore (Part 5),,On which Queen studio album is 'Doing All Right' found in the original track list?,,,,A Day at the Races,false
Queen Quiz: Encore (Part 5),,Which Queen studio album has both ''39' and 'Sweet Lady' on its original track list?,Albums,medium,2,Jazz,false
Queen Quiz: Encore (Part 5),,Which Queen studio album has both ''39' and 'Sweet Lady' on its original track list?,,,,Queen,false
Queen Quiz: Encore (Part 5),,Which Queen studio album has both ''39' and 'Sweet Lady' on its original track list?,,,,The Game,false
Queen Quiz: Encore (Part 5),,Which Queen studio album has both ''39' and 'Sweet Lady' on its original track list?,,,,A Night at the Opera,true
Queen Quiz: Encore (Part 5),,Which 2022 Queen box set included 'Face It Alone' and other session discoveries?,After Freddie,medium,2,The Miracle Collector's Edition,true
Queen Quiz: Encore (Part 5),,Which 2022 Queen box set included 'Face It Alone' and other session discoveries?,,,,Queen I,false
Queen Quiz: Encore (Part 5),,Which 2022 Queen box set included 'Face It Alone' and other session discoveries?,,,,On Air,false
Queen Quiz: Encore (Part 5),,Which 2022 Queen box set included 'Face It Alone' and other session discoveries?,,,,News of the World 40th Anniversary,false
Queen Quiz: Encore (Part 5),,Which Queen studio album has both 'Put Out the Fire' and 'Life Is Real (Song for Lennon)' on its original track list?,Albums,medium,2,A Kind of Magic,false
Queen Quiz: Encore (Part 5),,Which Queen studio album has both 'Put Out the Fire' and 'Life Is Real (Song for Lennon)' on its original track list?,,,,Hot Space,true
Queen Quiz: Encore (Part 5),,Which Queen studio album has both 'Put Out the Fire' and 'Life Is Real (Song for Lennon)' on its original track list?,,,,Jazz,false
Queen Quiz: Encore (Part 5),,Which Queen studio album has both 'Put Out the Fire' and 'Life Is Real (Song for Lennon)' on its original track list?,,,,Innuendo,false
Queen Quiz: Encore (Part 5),,At which 2020 Australian benefit did Queen + Adam Lambert recreate the Live Aid set?,After Freddie,medium,2,Live Earth,false
Queen Quiz: Encore (Part 5),,At which 2020 Australian benefit did Queen + Adam Lambert recreate the Live Aid set?,,,,Sound Relief,false
Queen Quiz: Encore (Part 5),,At which 2020 Australian benefit did Queen + Adam Lambert recreate the Live Aid set?,,,,Fire Fight Australia,true
Queen Quiz: Encore (Part 5),,At which 2020 Australian benefit did Queen + Adam Lambert recreate the Live Aid set?,,,,Band Aid 30,false
Queen Quiz: Encore (Part 5),,On which Queen studio album is 'Bring Back That Leroy Brown' found in the original track list?,Albums,medium,2,The Miracle,false
Queen Quiz: Encore (Part 5),,On which Queen studio album is 'Bring Back That Leroy Brown' found in the original track list?,,,,Hot Space,false
Queen Quiz: Encore (Part 5),,On which Queen studio album is 'Bring Back That Leroy Brown' found in the original track list?,,,,News of the World,false
Queen Quiz: Encore (Part 5),,On which Queen studio album is 'Bring Back That Leroy Brown' found in the original track list?,,,,Sheer Heart Attack,true
Queen Quiz: Encore (Part 5),,Which Queen studio album has both 'The Night Comes Down' and 'Modern Times Rock 'n' Roll' on its original track list?,Albums,medium,2,Queen,true
Queen Quiz: Encore (Part 5),,Which Queen studio album has both 'The Night Comes Down' and 'Modern Times Rock 'n' Roll' on its original track list?,,,,Innuendo,false
Queen Quiz: Encore (Part 5),,Which Queen studio album has both 'The Night Comes Down' and 'Modern Times Rock 'n' Roll' on its original track list?,,,,A Night at the Opera,false
Queen Quiz: Encore (Part 5),,Which Queen studio album has both 'The Night Comes Down' and 'Modern Times Rock 'n' Roll' on its original track list?,,,,News of the World,false
Queen Quiz: Encore (Part 5),,On which Queen studio album is 'White Man' found in the original track list?,Albums,medium,2,The Works,false
Queen Quiz: Encore (Part 5),,On which Queen studio album is 'White Man' found in the original track list?,,,,A Day at the Races,true
Queen Quiz: Encore (Part 5),,On which Queen studio album is 'White Man' found in the original track list?,,,,Sheer Heart Attack,false
Queen Quiz: Encore (Part 5),,On which Queen studio album is 'White Man' found in the original track list?,,,,A Night at the Opera,false
Queen Quiz: Encore (Part 5),,Which track closes the original Sheer Heart Attack album?,Albums,medium,2,Death on Two Legs,false
Queen Quiz: Encore (Part 5),,Which track closes the original Sheer Heart Attack album?,,,,Princes of the Universe,false
Queen Quiz: Encore (Part 5),,Which track closes the original Sheer Heart Attack album?,,,,In the Lap of the Gods... Revisited,true
Queen Quiz: Encore (Part 5),,Which track closes the original Sheer Heart Attack album?,,,,The Show Must Go On,false
Queen Quiz: Encore (Part 5),,Which track closes the original Fun in Space (Roger Taylor) album?,Solo Projects,hard,3,"I Cry for You (Love, Hope and Confusion)",false
Queen Quiz: Encore (Part 5),,Which track closes the original Fun in Space (Roger Taylor) album?,,,,Pressure On,false
Queen Quiz: Encore (Part 5),,Which track closes the original Fun in Space (Roger Taylor) album?,,,,Strange Frontier,false
Queen Quiz: Encore (Part 5),,Which track closes the original Fun in Space (Roger Taylor) album?,,,,Fun in Space,true
Queen Quiz: Encore (Part 5),,Which guitarist's 1998 album includes the song 'The Guv'nor'?,Solo Projects,hard,3,Brian May,true
Queen Quiz: Encore (Part 5),,Which guitarist's 1998 album includes the song 'The Guv'nor'?,,,,Roger Taylor,false
Queen Quiz: Encore (Part 5),,Which guitarist's 1998 album includes the song 'The Guv'nor'?,,,,Eddie Van Halen,false
Queen Quiz: Encore (Part 5),,Which guitarist's 1998 album includes the song 'The Guv'nor'?,,,,Steve Howe,false
Queen Quiz: Encore (Part 5),,"On the original Hot Space track list, what comes immediately after 'Calling All Girls'?",Album Tracks,hard,3,Back Chat,false
Queen Quiz: Encore (Part 5),,"On the original Hot Space track list, what comes immediately after 'Calling All Girls'?",,,,Las Palabras de Amor (The Words of Love),true
Queen Quiz: Encore (Part 5),,"On the original Hot Space track list, what comes immediately after 'Calling All Girls'?",,,,Dancer,false
Queen Quiz: Encore (Part 5),,"On the original Hot Space track list, what comes immediately after 'Calling All Girls'?",,,,Put Out the Fire,false
Queen Quiz: Encore (Part 5),,Who wrote the Queen album track 'Fun It'?,Songwriting,hard,3,Brian May,false
Queen Quiz: Encore (Part 5),,Who wrote the Queen album track 'Fun It'?,,,,Freddie Mercury,false
Queen Quiz: Encore (Part 5),,Who wrote the Queen album track 'Fun It'?,,,,Roger Taylor,true
Queen Quiz: Encore (Part 5),,Who wrote the Queen album track 'Fun It'?,,,,John Deacon,false
Queen Quiz: Encore (Part 5),,Which Queen studio album has both 'Don't Stop Me Now' and 'More of That Jazz' on its original track list?,Albums,hard,3,A Kind of Magic,false
Queen Quiz: Encore (Part 5),,Which Queen studio album has both 'Don't Stop Me Now' and 'More of That Jazz' on its original track list?,,,,Hot Space,false
Queen Quiz: Encore (Part 5),,Which Queen studio album has both 'Don't Stop Me Now' and 'More of That Jazz' on its original track list?,,,,A Day at the Races,false
Queen Quiz: Encore (Part 5),,Which Queen studio album has both 'Don't Stop Me Now' and 'More of That Jazz' on its original track list?,,,,Jazz,true
Queen Quiz: Encore (Part 5),,"On the original Hot Space track list, what comes immediately after 'Put Out the Fire'?",Album Tracks,hard,3,Life Is Real (Song for Lennon),true
Queen Quiz: Encore (Part 5),,"On the original Hot Space track list, what comes immediately after 'Put Out the Fire'?",,,,Calling All Girls,false
Queen Quiz: Encore (Part 5),,"On the original Hot Space track list, what comes immediately after 'Put Out the Fire'?",,,,Cool Cat,false
Queen Quiz: Encore (Part 5),,"On the original Hot Space track list, what comes immediately after 'Put Out the Fire'?",,,,Body Language,false
Queen Quiz: Encore (Part 5),,"On the original The Game track list, what comes immediately before 'Rock It (Prime Jive)'?",Album Tracks,hard,3,Save Me,false
Queen Quiz: Encore (Part 5),,"On the original The Game track list, what comes immediately before 'Rock It (Prime Jive)'?",,,,Crazy Little Thing Called Love,true
Queen Quiz: Encore (Part 5),,"On the original The Game track list, what comes immediately before 'Rock It (Prime Jive)'?",,,,Play the Game,false
Queen Quiz: Encore (Part 5),,"On the original The Game track list, what comes immediately before 'Rock It (Prime Jive)'?",,,,Don't Try Suicide,false
Queen Quiz: Encore (Part 5),,On what date did John Deacon formally become Queen's fourth member?,Band Members,hard,3,1 March 1970,false
Queen Quiz: Encore (Part 5),,On what date did John Deacon formally become Queen's fourth member?,,,,13 July 1973,false
Queen Quiz: Encore (Part 5),,On what date did John Deacon formally become Queen's fourth member?,,,,1 March 1971,true
Queen Quiz: Encore (Part 5),,On what date did John Deacon formally become Queen's fourth member?,,,,24 November 1971,false
Queen Quiz: Encore (Part 5),,Who wrote the Queen album track 'Sheer Heart Attack'?,Songwriting,hard,3,Brian May,false
Queen Quiz: Encore (Part 5),,Who wrote the Queen album track 'Sheer Heart Attack'?,,,,Freddie Mercury,false
Queen Quiz: Encore (Part 5),,Who wrote the Queen album track 'Sheer Heart Attack'?,,,,John Deacon,false
Queen Quiz: Encore (Part 5),,Who wrote the Queen album track 'Sheer Heart Attack'?,,,,Roger Taylor,true
Queen Quiz: Encore (Part 5),,"On the original Queen II track list, what comes immediately before 'Ogre Battle'?",Album Tracks,hard,3,The Loser in the End,true
Queen Quiz: Encore (Part 5),,"On the original Queen II track list, what comes immediately before 'Ogre Battle'?",,,,Funny How Love Is,false
Queen Quiz: Encore (Part 5),,"On the original Queen II track list, what comes immediately before 'Ogre Battle'?",,,,Procession,false
Queen Quiz: Encore (Part 5),,"On the original Queen II track list, what comes immediately before 'Ogre Battle'?",,,,The Fairy Feller's Master-Stroke,false
Queen Quiz: Encore (Part 5),,"On the original Strange Frontier (Roger Taylor) track list, what comes immediately after 'Beautiful Dreams'?",Solo Projects,hard,4,"I Cry for You (Love, Hope and Confusion)",false
Queen Quiz: Encore (Part 5),,"On the original Strange Frontier (Roger Taylor) track list, what comes immediately after 'Beautiful Dreams'?",,,,Man on Fire,true
Queen Quiz: Encore (Part 5),,"On the original Strange Frontier (Roger Taylor) track list, what comes immediately after 'Beautiful Dreams'?",,,,Masters of War,false
Queen Quiz: Encore (Part 5),,"On the original Strange Frontier (Roger Taylor) track list, what comes immediately after 'Beautiful Dreams'?",,,,Young Love,false
Queen Quiz: Encore (Part 5),,"On the original Electric Fire (Roger Taylor) track list, what comes immediately after 'A Nation of Haircuts'?",Solo Projects,hard,4,Where Are You Now?,false
Queen Quiz: Encore (Part 5),,"On the original Electric Fire (Roger Taylor) track list, what comes immediately after 'A Nation of Haircuts'?",,,,Is It Me?,false
Queen Quiz: Encore (Part 5),,"On the original Electric Fire (Roger Taylor) track list, what comes immediately after 'A Nation of Haircuts'?",,,,Believe in Yourself,true
Queen Quiz: Encore (Part 5),,"On the original Electric Fire (Roger Taylor) track list, what comes immediately after 'A Nation of Haircuts'?",,,,No More Fun,false
Queen Quiz: Encore (Part 5),,"On the original Back to the Light (Brian May) track list, what comes immediately after 'Just One Life'?",Solo Projects,hard,4,Love Token,false
Queen Quiz: Encore (Part 5),,"On the original Back to the Light (Brian May) track list, what comes immediately after 'Just One Life'?",,,,Nothin' But Blue,false
Queen Quiz: Encore (Part 5),,"On the original Back to the Light (Brian May) track list, what comes immediately after 'Just One Life'?",,,,Last Horizon,false
Queen Quiz: Encore (Part 5),,"On the original Back to the Light (Brian May) track list, what comes immediately after 'Just One Life'?",,,,Rollin' Over,true
Queen Quiz: Encore (Part 5),,Which David Richards contribution is credited on Roger Taylor's 'Fun in Space'?,Solo Projects,hard,4,Synthesizers,true
Queen Quiz: Encore (Part 5),,Which David Richards contribution is credited on Roger Taylor's 'Fun in Space'?,,,,Lead vocals,false
Queen Quiz: Encore (Part 5),,Which David Richards contribution is credited on Roger Taylor's 'Fun in Space'?,,,,Bass guitar,false
Queen Quiz: Encore (Part 5),,Which David Richards contribution is credited on Roger Taylor's 'Fun in Space'?,,,,Saxophone,false
Queen Quiz: Encore (Part 6),"25 new Queen questions spanning the albums, solo projects, band members, and the years after Freddie.",Which Queen studio album has both 'A Kind of Magic' and 'One Year of Love' on its original track list?,Albums,easy,1,A Kind of Magic,true
Queen Quiz: Encore (Part 6),,Which Queen studio album has both 'A Kind of Magic' and 'One Year of Love' on its original track list?,,,,A Night at the Opera,false
Queen Quiz: Encore (Part 6),,Which Queen studio album has both 'A Kind of Magic' and 'One Year of Love' on its original track list?,,,,News of the World,false
Queen Quiz: Encore (Part 6),,Which Queen studio album has both 'A Kind of Magic' and 'One Year of Love' on its original track list?,,,,Sheer Heart Attack,false
Queen Quiz: Encore (Part 6),,On which Queen studio album is 'Khashoggi's Ship' found in the original track list?,Albums,easy,1,The Game,false
Queen Quiz: Encore (Part 6),,On which Queen studio album is 'Khashoggi's Ship' found in the original track list?,,,,The Miracle,true
Queen Quiz: Encore (Part 6),,On which Queen studio album is 'Khashoggi's Ship' found in the original track list?,,,,A Kind of Magic,false
Queen Quiz: Encore (Part 6),,On which Queen studio album is 'Khashoggi's Ship' found in the original track list?,,,,News of the World,false
Queen Quiz: Encore (Part 6),,Which Queen studio album has both 'Lazing on a Sunday Afternoon' and 'I'm in Love with My Car' on its original track list?,Albums,easy,1,Queen,false
Queen Quiz: Encore (Part 6),,Which Queen studio album has both 'Lazing on a Sunday Afternoon' and 'I'm in Love with My Car' on its original track list?,,,,Jazz,false
Queen Quiz: Encore (Part 6),,Which Queen studio album has both 'Lazing on a Sunday Afternoon' and 'I'm in Love with My Car' on its original track list?,,,,A Night at the Opera,true
Queen Quiz: Encore (Part 6),,Which Queen studio album has both 'Lazing on a Sunday Afternoon' and 'I'm in Love with My Car' on its original track list?,,,,News of the World,false
Queen Quiz: Encore (Part 6),,What was Freddie Mercury's mother's first name?,Band Members,medium,2,Mary,false
Queen Quiz: Encore (Part 6),,What was Freddie Mercury's mother's first name?,,,,Anita,false
Queen Quiz: Encore (Part 6),,What was Freddie Mercury's mother's first name?,,,,Ruth,false
Queen Quiz: Encore (Part 6),,What was Freddie Mercury's mother's first name?,,,,Jer,true
Queen Quiz: Encore (Part 6),,On which Queen studio album is 'Seaside Rendezvous' found in the original track list?,Albums,medium,2,A Night at the Opera,true
Queen Quiz: Encore (Part 6),,On which Queen studio album is 'Seaside Rendezvous' found in the original track list?,,,,A Day at the Races,false
Queen Quiz: Encore (Part 6),,On which Queen studio album is 'Seaside Rendezvous' found in the original track list?,,,,Sheer Heart Attack,false
Queen Quiz: Encore (Part 6),,On which Queen studio album is 'Seaside Rendezvous' found in the original track list?,,,,The Miracle,false
Queen Quiz: Encore (Part 6),,Which track opens the original The Miracle album?,Albums,medium,2,Radio Ga Ga,false
Queen Quiz: Encore (Part 6),,Which track opens the original The Miracle album?,,,,Party,true
Queen Quiz: Encore (Part 6),,Which track opens the original The Miracle album?,,,,One Vision,false
Queen Quiz: Encore (Part 6),,Which track opens the original The Miracle album?,,,,Brighton Rock,false
Queen Quiz: Encore (Part 6),,Which musical did Freddie Mercury record songs for with Dave Clark in 1986?,Band Members,medium,2,Chess,false
Queen Quiz: Encore (Part 6),,Which musical did Freddie Mercury record songs for with Dave Clark in 1986?,,,,Starlight Express,false
Queen Quiz: Encore (Part 6),,Which musical did Freddie Mercury record songs for with Dave Clark in 1986?,,,,Time,true
Queen Quiz: Encore (Part 6),,Which musical did Freddie Mercury record songs for with Dave Clark in 1986?,,,,Cats,false
Queen Quiz: Encore (Part 6),,In which year did Roger Taylor release the solo album 'Fun on Earth'?,Band Members,medium,2,2003,false
Queen Quiz: Encore (Part 6),,In which year did Roger Taylor release the solo album 'Fun on Earth'?,,,,1998,false
Queen Quiz: Encore (Part 6),,In which year did Roger Taylor release the solo album 'Fun on Earth'?,,,,2021,false
Queen Quiz: Encore (Part 6),,In which year did Roger Taylor release the solo album 'Fun on Earth'?,,,,2013,true
Queen Quiz: Encore (Part 6),,"On the original News of the World track list, what comes immediately after 'All Dead, All Dead'?",Album Tracks,medium,2,Spread Your Wings,true
Queen Quiz: Encore (Part 6),,"On the original News of the World track list, what comes immediately after 'All Dead, All Dead'?",,,,We Are the Champions,false
Queen Quiz: Encore (Part 6),,"On the original News of the World track list, what comes immediately after 'All Dead, All Dead'?",,,,Fight from the Inside,false
Queen Quiz: Encore (Part 6),,"On the original News of the World track list, what comes immediately after 'All Dead, All Dead'?",,,,Sheer Heart Attack,false
Queen Quiz: Encore (Part 6),,"On the original The Game track list, what comes immediately after 'Dragon Attack'?",Album Tracks,medium,2,Save Me,false
Queen Quiz: Encore (Part 6),,"On the original The Game track list, what comes immediately after 'Dragon Attack'?",,,,Another One Bites the Dust,true
Queen Quiz: Encore (Part 6),,"On the original The Game track list, what comes immediately after 'Dragon Attack'?",,,,Crazy Little Thing Called Love,false
Queen Quiz: Encore (Part 6),,"On the original The Game track list, what comes immediately after 'Dragon Attack'?",,,,Sail Away Sweet Sister,false
Queen Quiz: Encore (Part 6),,Which Queen studio album has both 'Machines (or Back to Humans)' and 'I Want to Break Free' on its original track list?,Albums,medium,2,The Miracle,false
Queen Quiz: Encore (Part 6),,Which Queen studio album has both 'Machines (or Back to Humans)' and 'I Want to Break Free' on its original track list?,,,,Queen,false
Queen Quiz: Encore (Part 6),,Which Queen studio album has both 'Machines (or Back to Humans)' and 'I Want to Break Free' on its original track list?,,,,The Works,true
Queen Quiz: Encore (Part 6),,Which Queen studio album has both 'Machines (or Back to Humans)' and 'I Want to Break Free' on its original track list?,,,,News of the World,false
Queen Quiz: Encore (Part 6),,"On the original Queen II track list, what comes immediately before 'The Fairy Feller's Master-Stroke'?",Album Tracks,hard,3,Some Day One Day,false
Queen Quiz: Encore (Part 6),,"On the original Queen II track list, what comes immediately before 'The Fairy Feller's Master-Stroke'?",,,,The March of the Black Queen,false
Queen Quiz: Encore (Part 6),,"On the original Queen II track list, what comes immediately before 'The Fairy Feller's Master-Stroke'?",,,,Seven Seas of Rhye,false
Queen Quiz: Encore (Part 6),,"On the original Queen II track list, what comes immediately before 'The Fairy Feller's Master-Stroke'?",,,,Ogre Battle,true
Queen Quiz: Encore (Part 6),,"On the original Sheer Heart Attack track list, what comes immediately after 'She Makes Me (Stormtrooper in Stilettoes)'?",Album Tracks,hard,3,In the Lap of the Gods... Revisited,true
Queen Quiz: Encore (Part 6),,"On the original Sheer Heart Attack track list, what comes immediately after 'She Makes Me (Stormtrooper in Stilettoes)'?",,,,Tenement Funster,false
Queen Quiz: Encore (Part 6),,"On the original Sheer Heart Attack track list, what comes immediately after 'She Makes Me (Stormtrooper in Stilettoes)'?",,,,Flick of the Wrist,false
Queen Quiz: Encore (Part 6),,"On the original Sheer Heart Attack track list, what comes immediately after 'She Makes Me (Stormtrooper in Stilettoes)'?",,,,Brighton Rock,false
Queen Quiz: Encore (Part 6),,Which group performed a Queen medley before the main Queen set at the 1992 tribute show?,After Freddie,hard,3,Metallica,false
Queen Quiz: Encore (Part 6),,Which group performed a Queen medley before the main Queen set at the 1992 tribute show?,,,,Extreme,true
Queen Quiz: Encore (Part 6),,Which group performed a Queen medley before the main Queen set at the 1992 tribute show?,,,,The Cross,false
Queen Quiz: Encore (Part 6),,Which group performed a Queen medley before the main Queen set at the 1992 tribute show?,,,,Def Leppard,false
Queen Quiz: Encore (Part 6),,Who wrote the Queen album track 'Action This Day'?,Songwriting,hard,3,Brian May,false
Queen Quiz: Encore (Part 6),,Who wrote the Queen album track 'Action This Day'?,,,,Freddie Mercury,false
Queen Quiz: Encore (Part 6),,Who wrote the Queen album track 'Action This Day'?,,,,Roger Taylor,true
Queen Quiz: Encore (Part 6),,Who wrote the Queen album track 'Action This Day'?,,,,John Deacon,false
Queen Quiz: Encore (Part 6),,Which Brian May solo album contains 'All the Way from Memphis'?,Solo Projects,hard,3,Back to the Light,false
Queen Quiz: Encore (Part 6),,Which Brian May solo album contains 'All the Way from Memphis'?,,,,Star Fleet Project,false
Queen Quiz: Encore (Part 6),,Which Brian May solo album contains 'All the Way from Memphis'?,,,,Furia,false
Queen Quiz: Encore (Part 6),,Which Brian May solo album contains 'All the Way from Memphis'?,,,,Another World,true
Queen Quiz: Encore (Part 6),,Who wrote the Queen album track 'The Loser in the End'?,Songwriting,hard,3,Roger Taylor,true
Queen Quiz: Encore (Part 6),,Who wrote the Queen album track 'The Loser in the End'?,,,,Brian May,false
Queen Quiz: Encore (Part 6),,Who wrote the Queen album track 'The Loser in the End'?,,,,Freddie Mercury,false
Queen Quiz: Encore (Part 6),,Who wrote the Queen album track 'The Loser in the End'?,,,,John Deacon,false
Queen Quiz: Encore (Part 6),,"On the original Hot Space track list, what comes immediately before 'Action This Day'?",Album Tracks,hard,3,Calling All Girls,false
Queen Quiz: Encore (Part 6),,"On the original Hot Space track list, what comes immediately before 'Action This Day'?",,,,Body Language,true
Queen Quiz: Encore (Part 6),,"On the original Hot Space track list, what comes immediately before 'Action This Day'?",,,,Dancer,false
Queen Quiz: Encore (Part 6),,"On the original Hot Space track list, what comes immediately before 'Action This Day'?",,,,Staying Power,false
Queen Quiz: Encore (Part 6),,"On the original Queen track list, what comes immediately before 'Modern Times Rock 'n' Roll'?",Album Tracks,hard,3,My Fairy King,false
Queen Quiz: Encore (Part 6),,"On the original Queen track list, what comes immediately before 'Modern Times Rock 'n' Roll'?",,,,Liar,false
Queen Quiz: Encore (Part 6),,"On the original Queen track list, what comes immediately before 'Modern Times Rock 'n' Roll'?",,,,The Night Comes Down,true
Queen Quiz: Encore (Part 6),,"On the original Queen track list, what comes immediately before 'Modern Times Rock 'n' Roll'?",,,,Jesus,false
Queen Quiz: Encore (Part 6),,Which track closes the original Another World (Brian May) album?,Solo Projects,hard,3,Pressure On,false
Queen Quiz: Encore (Part 6),,Which track closes the original Another World (Brian May) album?,,,,Old Friends,false
Queen Quiz: Encore (Part 6),,Which track closes the original Another World (Brian May) album?,,,,Rollin' Over,false
Queen Quiz: Encore (Part 6),,Which track closes the original Another World (Brian May) album?,,,,Another World,true
Queen Quiz: Encore (Part 6),,Which 1994 Roger Taylor album closes with 'Old Friends'?,Solo Projects,hard,3,Happiness?,true
Queen Quiz: Encore (Part 6),,Which 1994 Roger Taylor album closes with 'Old Friends'?,,,,Electric Fire,false
Queen Quiz: Encore (Part 6),,Which 1994 Roger Taylor album closes with 'Old Friends'?,,,,Strange Frontier,false
Queen Quiz: Encore (Part 6),,Which 1994 Roger Taylor album closes with 'Old Friends'?,,,,Fun in Space,false
Queen Quiz: Encore (Part 6),,"On the original Barcelona (Freddie Mercury and Montserrat Caballé) track list, what comes immediately before 'Ensueño'?",Solo Projects,hard,4,Barcelona,false
Queen Quiz: Encore (Part 6),,"On the original Barcelona (Freddie Mercury and Montserrat Caballé) track list, what comes immediately before 'Ensueño'?",,,,The Fallen Priest,true
Queen Quiz: Encore (Part 6),,"On the original Barcelona (Freddie Mercury and Montserrat Caballé) track list, what comes immediately before 'Ensueño'?",,,,La Japonaise,false
Queen Quiz: Encore (Part 6),,"On the original Barcelona (Freddie Mercury and Montserrat Caballé) track list, what comes immediately before 'Ensueño'?",,,,How Can I Go On,false
Queen Quiz: Encore (Part 6),,"On the original Fun in Space (Roger Taylor) track list, what comes immediately before 'Magic Is Loose'?",Solo Projects,hard,4,Let's Get Crazy,false
Queen Quiz: Encore (Part 6),,"On the original Fun in Space (Roger Taylor) track list, what comes immediately before 'Magic Is Loose'?",,,,My Country I & II,false
Queen Quiz: Encore (Part 6),,"On the original Fun in Space (Roger Taylor) track list, what comes immediately before 'Magic Is Loose'?",,,,Good Times Are Now,true
Queen Quiz: Encore (Part 6),,"On the original Fun in Space (Roger Taylor) track list, what comes immediately before 'Magic Is Loose'?",,,,Airheads,false
Queen Quiz: Encore (Part 6),,Which The Miracle track sits between 'The Invisible Man' and 'Rain Must Fall'?,Album Tracks,hard,4,Party,false
Queen Quiz: Encore (Part 6),,Which The Miracle track sits between 'The Invisible Man' and 'Rain Must Fall'?,,,,Was It All Worth It,false
Queen Quiz: Encore (Part 6),,Which The Miracle track sits between 'The Invisible Man' and 'Rain Must Fall'?,,,,The Miracle,false
Queen Quiz: Encore (Part 6),,Which The Miracle track sits between 'The Invisible Man' and 'Rain Must Fall'?,,,,Breakthru,true
Queen Quiz: Encore (Part 6),,"On the original Another World (Brian May) track list, what comes immediately after 'On My Way Up'?",Solo Projects,hard,4,Cyborg,true
Queen Quiz: Encore (Part 6),,"On the original Another World (Brian May) track list, what comes immediately after 'On My Way Up'?",,,,Why Don't We Try Again,false
Queen Quiz: Encore (Part 6),,"On the original Another World (Brian May) track list, what comes immediately after 'On My Way Up'?",,,,Space,false
Queen Quiz: Encore (Part 6),,"On the original Another World (Brian May) track list, what comes immediately after 'On My Way Up'?",,,,All the Way from Memphis,false
Queen Quiz: Encore (Part 7),"25 new Queen questions spanning the albums, solo projects, band members, and the years after Freddie.",On which Queen studio album is 'Sheer Heart Attack' found in the original track list?,Albums,easy,1,News of the World,true
Queen Quiz: Encore (Part 7),,On which Queen studio album is 'Sheer Heart Attack' found in the original track list?,,,,Sheer Heart Attack,false
Queen Quiz: Encore (Part 7),,On which Queen studio album is 'Sheer Heart Attack' found in the original track list?,,,,Innuendo,false
Queen Quiz: Encore (Part 7),,On which Queen studio album is 'Sheer Heart Attack' found in the original track list?,,,,The Works,false
Queen Quiz: Encore (Part 7),,On which Queen studio album is 'Some Day One Day' found in the original track list?,Albums,easy,1,Queen,false
Queen Quiz: Encore (Part 7),,On which Queen studio album is 'Some Day One Day' found in the original track list?,,,,Queen II,true
Queen Quiz: Encore (Part 7),,On which Queen studio album is 'Some Day One Day' found in the original track list?,,,,The Works,false
Queen Quiz: Encore (Part 7),,On which Queen studio album is 'Some Day One Day' found in the original track list?,,,,Jazz,false
Queen Quiz: Encore (Part 7),,What was Freddie Mercury's birth name?,Band Members,easy,1,Frederick Bulsara,false
Queen Quiz: Encore (Part 7),,What was Freddie Mercury's birth name?,,,,Freddie Farrokh,false
Queen Quiz: Encore (Part 7),,What was Freddie Mercury's birth name?,,,,Farrokh Bulsara,true
Queen Quiz: Encore (Part 7),,What was Freddie Mercury's birth name?,,,,Feroz Bulsara,false
Queen Quiz: Encore (Part 7),,Who sang 'I Want to Break Free' with Queen at the 1992 tribute concert?,After Freddie,medium,2,Annie Lennox,false
Queen Quiz: Encore (Part 7),,Who sang 'I Want to Break Free' with Queen at the 1992 tribute concert?,,,,Liza Minnelli,false
Queen Quiz: Encore (Part 7),,Who sang 'I Want to Break Free' with Queen at the 1992 tribute concert?,,,,Montserrat Caballé,false
Queen Quiz: Encore (Part 7),,Who sang 'I Want to Break Free' with Queen at the 1992 tribute concert?,,,,Lisa Stansfield,true
Queen Quiz: Encore (Part 7),,On which Queen studio album is 'You and I' found in the original track list?,Albums,medium,2,A Day at the Races,true
Queen Quiz: Encore (Part 7),,On which Queen studio album is 'You and I' found in the original track list?,,,,The Miracle,false
Queen Quiz: Encore (Part 7),,On which Queen studio album is 'You and I' found in the original track list?,,,,A Kind of Magic,false
Queen Quiz: Encore (Part 7),,On which Queen studio album is 'You and I' found in the original track list?,,,,Sheer Heart Attack,false
Queen Quiz: Encore (Part 7),,Who sang 'Tie Your Mother Down' with Queen at Freddie Mercury's 1992 tribute concert?,After Freddie,medium,2,Robert Plant,false
Queen Quiz: Encore (Part 7),,Who sang 'Tie Your Mother Down' with Queen at Freddie Mercury's 1992 tribute concert?,,,,Joe Elliott,true
Queen Quiz: Encore (Part 7),,Who sang 'Tie Your Mother Down' with Queen at Freddie Mercury's 1992 tribute concert?,,,,Paul Young,false
Queen Quiz: Encore (Part 7),,Who sang 'Tie Your Mother Down' with Queen at Freddie Mercury's 1992 tribute concert?,,,,Seal,false
Queen Quiz: Encore (Part 7),,Which Queen studio album has both 'Rock It (Prime Jive)' and 'Don't Try Suicide' on its original track list?,Albums,medium,2,The Miracle,false
Queen Quiz: Encore (Part 7),,Which Queen studio album has both 'Rock It (Prime Jive)' and 'Don't Try Suicide' on its original track list?,,,,Queen,false
Queen Quiz: Encore (Part 7),,Which Queen studio album has both 'Rock It (Prime Jive)' and 'Don't Try Suicide' on its original track list?,,,,The Game,true
Queen Quiz: Encore (Part 7),,Which Queen studio album has both 'Rock It (Prime Jive)' and 'Don't Try Suicide' on its original track list?,,,,News of the World,false
Queen Quiz: Encore (Part 7),,"On which Queen studio album is 'Get Down, Make Love' found in the original track list?",Albums,medium,2,The Game,false
Queen Quiz: Encore (Part 7),,"On which Queen studio album is 'Get Down, Make Love' found in the original track list?",,,,Queen,false
Queen Quiz: Encore (Part 7),,"On which Queen studio album is 'Get Down, Make Love' found in the original track list?",,,,A Kind of Magic,false
Queen Quiz: Encore (Part 7),,"On which Queen studio album is 'Get Down, Make Love' found in the original track list?",,,,News of the World,true
Queen Quiz: Encore (Part 7),,"At what age did Freddie Mercury begin piano lessons, according to Queen's official biography?",Band Members,medium,2,Seven,true
Queen Quiz: Encore (Part 7),,"At what age did Freddie Mercury begin piano lessons, according to Queen's official biography?",,,,Five,false
Queen Quiz: Encore (Part 7),,"At what age did Freddie Mercury begin piano lessons, according to Queen's official biography?",,,,Nine,false
Queen Quiz: Encore (Part 7),,"At what age did Freddie Mercury begin piano lessons, according to Queen's official biography?",,,,Twelve,false
Queen Quiz: Encore (Part 7),,"On the original A Kind of Magic track list, what comes immediately after 'Friends Will Be Friends'?",Album Tracks,medium,2,A Kind of Magic,false
Queen Quiz: Encore (Part 7),,"On the original A Kind of Magic track list, what comes immediately after 'Friends Will Be Friends'?",,,,Who Wants to Live Forever,true
Queen Quiz: Encore (Part 7),,"On the original A Kind of Magic track list, what comes immediately after 'Friends Will Be Friends'?",,,,One Vision,false
Queen Quiz: Encore (Part 7),,"On the original A Kind of Magic track list, what comes immediately after 'Friends Will Be Friends'?",,,,Gimme the Prize (Kurgan's Theme),false
Queen Quiz: Encore (Part 7),,In which New Year's Honours list was Brian May's knighthood announced?,After Freddie,medium,2,2013,false
Queen Quiz: Encore (Part 7),,In which New Year's Honours list was Brian May's knighthood announced?,,,,2003,false
Queen Quiz: Encore (Part 7),,In which New Year's Honours list was Brian May's knighthood announced?,,,,2023,true
Queen Quiz: Encore (Part 7),,In which New Year's Honours list was Brian May's knighthood announced?,,,,2018,false
Queen Quiz: Encore (Part 7),,Which Queen studio album has both 'Sleeping on the Sidewalk' and 'Who Needs You' on its original track list?,Albums,hard,3,Jazz,false
Queen Quiz: Encore (Part 7),,Which Queen studio album has both 'Sleeping on the Sidewalk' and 'Who Needs You' on its original track list?,,,,Queen,false
Queen Quiz: Encore (Part 7),,Which Queen studio album has both 'Sleeping on the Sidewalk' and 'Who Needs You' on its original track list?,,,,The Game,false
Queen Quiz: Encore (Part 7),,Which Queen studio album has both 'Sleeping on the Sidewalk' and 'Who Needs You' on its original track list?,,,,News of the World,true
Queen Quiz: Encore (Part 7),,Who wrote the Queen album track 'The Night Comes Down'?,Songwriting,hard,3,Brian May,true
Queen Quiz: Encore (Part 7),,Who wrote the Queen album track 'The Night Comes Down'?,,,,Freddie Mercury,false
Queen Quiz: Encore (Part 7),,Who wrote the Queen album track 'The Night Comes Down'?,,,,Roger Taylor,false
Queen Quiz: Encore (Part 7),,Who wrote the Queen album track 'The Night Comes Down'?,,,,John Deacon,false
Queen Quiz: Encore (Part 7),,Which Queen bassist played on Freddie Mercury and Montserrat Caballé's 'How Can I Go On'?,Solo Projects,hard,3,Mike Grose,false
Queen Quiz: Encore (Part 7),,Which Queen bassist played on Freddie Mercury and Montserrat Caballé's 'How Can I Go On'?,,,,John Deacon,true
Queen Quiz: Encore (Part 7),,Which Queen bassist played on Freddie Mercury and Montserrat Caballé's 'How Can I Go On'?,,,,Barry Mitchell,false
Queen Quiz: Encore (Part 7),,Which Queen bassist played on Freddie Mercury and Montserrat Caballé's 'How Can I Go On'?,,,,Neil Murray,false
Queen Quiz: Encore (Part 7),,Who wrote the Queen album track 'Coming Soon'?,Songwriting,hard,3,Brian May,false
Queen Quiz: Encore (Part 7),,Who wrote the Queen album track 'Coming Soon'?,,,,Freddie Mercury,false
Queen Quiz: Encore (Part 7),,Who wrote the Queen album track 'Coming Soon'?,,,,Roger Taylor,true
Queen Quiz: Encore (Part 7),,Who wrote the Queen album track 'Coming Soon'?,,,,John Deacon,false
Queen Quiz: Encore (Part 7),,Which Queen studio album has both 'Bring Back That Leroy Brown' and 'She Makes Me (Stormtrooper in Stilettoes)' on its original track list?,Albums,hard,3,Innuendo,false
Queen Quiz: Encore (Part 7),,Which Queen studio album has both 'Bring Back That Leroy Brown' and 'She Makes Me (Stormtrooper in Stilettoes)' on its original track list?,,,,News of the World,false
Queen Quiz: Encore (Part 7),,Which Queen studio album has both 'Bring Back That Leroy Brown' and 'She Makes Me (Stormtrooper in Stilettoes)' on its original track list?,,,,Hot Space,false
Queen Quiz: Encore (Part 7),,Which Queen studio album has both 'Bring Back That Leroy Brown' and 'She Makes Me (Stormtrooper in Stilettoes)' on its original track list?,,,,Sheer Heart Attack,true
Queen Quiz: Encore (Part 7),,Which 1981 Roger Taylor album was recorded largely at Mountain Studios in Montreux?,Solo Projects,hard,3,Fun in Space,true
Queen Quiz: Encore (Part 7),,Which 1981 Roger Taylor album was recorded largely at Mountain Studios in Montreux?,,,,Strange Frontier,false
Queen Quiz: Encore (Part 7),,Which 1981 Roger Taylor album was recorded largely at Mountain Studios in Montreux?,,,,Happiness?,false
Queen Quiz: Encore (Part 7),,Which 1981 Roger Taylor album was recorded largely at Mountain Studios in Montreux?,,,,Electric Fire,false
Queen Quiz: Encore (Part 7),,Which track opens the original Mr. Bad Guy (Freddie Mercury) album?,Solo Projects,hard,3,"I Cry for You (Love, Hope and Confusion)",false
Queen Quiz: Encore (Part 7),,Which track opens the original Mr. Bad Guy (Freddie Mercury) album?,,,,Let's Turn It On,true
Queen Quiz: Encore (Part 7),,Which track opens the original Mr. Bad Guy (Freddie Mercury) album?,,,,No Violins,false
Queen Quiz: Encore (Part 7),,Which track opens the original Mr. Bad Guy (Freddie Mercury) album?,,,,Strange Frontier,false
Queen Quiz: Encore (Part 7),,Who produced Roger Taylor's 'Fun in Space' album?,Solo Projects,hard,3,Mack,false
Queen Quiz: Encore (Part 7),,Who produced Roger Taylor's 'Fun in Space' album?,,,,Roy Thomas Baker,false
Queen Quiz: Encore (Part 7),,Who produced Roger Taylor's 'Fun in Space' album?,,,,Roger Taylor,true
Queen Quiz: Encore (Part 7),,Who produced Roger Taylor's 'Fun in Space' album?,,,,David Richards,false
Queen Quiz: Encore (Part 7),,"On the original A Kind of Magic track list, what comes immediately after 'Gimme the Prize (Kurgan's Theme)'?",Album Tracks,hard,3,Friends Will Be Friends,false
Queen Quiz: Encore (Part 7),,"On the original A Kind of Magic track list, what comes immediately after 'Gimme the Prize (Kurgan's Theme)'?",,,,Pain Is So Close to Pleasure,false
Queen Quiz: Encore (Part 7),,"On the original A Kind of Magic track list, what comes immediately after 'Gimme the Prize (Kurgan's Theme)'?",,,,One Year of Love,false
Queen Quiz: Encore (Part 7),,"On the original A Kind of Magic track list, what comes immediately after 'Gimme the Prize (Kurgan's Theme)'?",,,,Don't Lose Your Head,true
Queen Quiz: Encore (Part 7),,Which track closes the original Strange Frontier (Roger Taylor) album?,Solo Projects,hard,3,"I Cry for You (Love, Hope and Confusion)",true
Queen Quiz: Encore (Part 7),,Which track closes the original Strange Frontier (Roger Taylor) album?,,,,Barcelona,false
Queen Quiz: Encore (Part 7),,Which track closes the original Strange Frontier (Roger Taylor) album?,,,,Nazis 1994,false
Queen Quiz: Encore (Part 7),,Which track closes the original Strange Frontier (Roger Taylor) album?,,,,Rollin' Over,false
Queen Quiz: Encore (Part 7),,"On the original Another World (Brian May) track list, what comes immediately before 'Another World'?",Solo Projects,hard,4,Wilderness,false
Queen Quiz: Encore (Part 7),,"On the original Another World (Brian May) track list, what comes immediately before 'Another World'?",,,,All the Way from Memphis,true
Queen Quiz: Encore (Part 7),,"On the original Another World (Brian May) track list, what comes immediately before 'Another World'?",,,,On My Way Up,false
Queen Quiz: Encore (Part 7),,"On the original Another World (Brian May) track list, what comes immediately before 'Another World'?",,,,One Rainy Wish,false
Queen Quiz: Encore (Part 7),,"On the original Fun in Space (Roger Taylor) track list, what comes immediately after 'Magic Is Loose'?",Solo Projects,hard,4,Airheads,false
Queen Quiz: Encore (Part 7),,"On the original Fun in Space (Roger Taylor) track list, what comes immediately after 'Magic Is Loose'?",,,,Fun in Space,false
Queen Quiz: Encore (Part 7),,"On the original Fun in Space (Roger Taylor) track list, what comes immediately after 'Magic Is Loose'?",,,,Interlude in Constantinople,true
Queen Quiz: Encore (Part 7),,"On the original Fun in Space (Roger Taylor) track list, what comes immediately after 'Magic Is Loose'?",,,,Future Management (You Don't Need Nobody Else),false
Queen Quiz: Encore (Part 7),,"On the original Barcelona (Freddie Mercury and Montserrat Caballé) track list, what comes immediately after 'La Japonaise'?",Solo Projects,hard,4,Guide Me Home,false
Queen Quiz: Encore (Part 7),,"On the original Barcelona (Freddie Mercury and Montserrat Caballé) track list, what comes immediately after 'La Japonaise'?",,,,The Golden Boy,false
Queen Quiz: Encore (Part 7),,"On the original Barcelona (Freddie Mercury and Montserrat Caballé) track list, what comes immediately after 'La Japonaise'?",,,,How Can I Go On,false
Queen Quiz: Encore (Part 7),,"On the original Barcelona (Freddie Mercury and Montserrat Caballé) track list, what comes immediately after 'La Japonaise'?",,,,The Fallen Priest,true
Queen Quiz: Encore (Part 7),,Which The Works track sits between 'Tear It Up' and 'Man on the Prowl'?,Album Tracks,hard,4,It's a Hard Life,true
Queen Quiz: Encore (Part 7),,Which The Works track sits between 'Tear It Up' and 'Man on the Prowl'?,,,,Radio Ga Ga,false
Queen Quiz: Encore (Part 7),,Which The Works track sits between 'Tear It Up' and 'Man on the Prowl'?,,,,Is This the World We Created...?,false
Queen Quiz: Encore (Part 7),,Which The Works track sits between 'Tear It Up' and 'Man on the Prowl'?,,,,Keep Passing the Open Windows,false
Queen Quiz: Encore (Part 8),"25 new Queen questions spanning the albums, solo projects, band members, and the years after Freddie.",On which Queen studio album is 'You Take My Breath Away' found in the original track list?,Albums,easy,1,A Day at the Races,true
Queen Quiz: Encore (Part 8),,On which Queen studio album is 'You Take My Breath Away' found in the original track list?,,,,A Night at the Opera,false
Queen Quiz: Encore (Part 8),,On which Queen studio album is 'You Take My Breath Away' found in the original track list?,,,,Sheer Heart Attack,false
Queen Quiz: Encore (Part 8),,On which Queen studio album is 'You Take My Breath Away' found in the original track list?,,,,The Miracle,false
Queen Quiz: Encore (Part 8),,Which track opens the original Queen album?,Albums,easy,1,Under Pressure,false
Queen Quiz: Encore (Part 8),,Which track opens the original Queen album?,,,,Keep Yourself Alive,true
Queen Quiz: Encore (Part 8),,Which track opens the original Queen album?,,,,Play the Game,false
Queen Quiz: Encore (Part 8),,Which track opens the original Queen album?,,,,Save Me,false
Queen Quiz: Encore (Part 8),,"Which Queen studio album has both 'All Dead, All Dead' and 'Spread Your Wings' on its original track list?",Albums,easy,1,A Night at the Opera,false
Queen Quiz: Encore (Part 8),,"Which Queen studio album has both 'All Dead, All Dead' and 'Spread Your Wings' on its original track list?",,,,Innuendo,false
Queen Quiz: Encore (Part 8),,"Which Queen studio album has both 'All Dead, All Dead' and 'Spread Your Wings' on its original track list?",,,,News of the World,true
Queen Quiz: Encore (Part 8),,"Which Queen studio album has both 'All Dead, All Dead' and 'Spread Your Wings' on its original track list?",,,,The Game,false
Queen Quiz: Encore (Part 8),,On which Queen studio album is 'God Save the Queen' found in the original track list?,Albums,medium,2,Queen II,false
Queen Quiz: Encore (Part 8),,On which Queen studio album is 'God Save the Queen' found in the original track list?,,,,Innuendo,false
Queen Quiz: Encore (Part 8),,On which Queen studio album is 'God Save the Queen' found in the original track list?,,,,A Kind of Magic,false
Queen Quiz: Encore (Part 8),,On which Queen studio album is 'God Save the Queen' found in the original track list?,,,,A Night at the Opera,true
Queen Quiz: Encore (Part 8),,On which July day was Roger Taylor born?,Band Members,medium,2,26 July,true
Queen Quiz: Encore (Part 8),,On which July day was Roger Taylor born?,,,,19 July,false
Queen Quiz: Encore (Part 8),,On which July day was Roger Taylor born?,,,,6 July,false
Queen Quiz: Encore (Part 8),,On which July day was Roger Taylor born?,,,,16 July,false
Queen Quiz: Encore (Part 8),,Which university awarded Brian May his PhD in astrophysics?,Band Members,medium,2,University of Cambridge,false
Queen Quiz: Encore (Part 8),,Which university awarded Brian May his PhD in astrophysics?,,,,Imperial College London,true
Queen Quiz: Encore (Part 8),,Which university awarded Brian May his PhD in astrophysics?,,,,University of Oxford,false
Queen Quiz: Encore (Part 8),,Which university awarded Brian May his PhD in astrophysics?,,,,University College London,false
Queen Quiz: Encore (Part 8),,Which Queen studio album has both 'Ogre Battle' and 'The Fairy Feller's Master-Stroke' on its original track list?,Albums,medium,2,The Miracle,false
Queen Quiz: Encore (Part 8),,Which Queen studio album has both 'Ogre Battle' and 'The Fairy Feller's Master-Stroke' on its original track list?,,,,Queen,false
Queen Quiz: Encore (Part 8),,Which Queen studio album has both 'Ogre Battle' and 'The Fairy Feller's Master-Stroke' on its original track list?,,,,Queen II,true
Queen Quiz: Encore (Part 8),,Which Queen studio album has both 'Ogre Battle' and 'The Fairy Feller's Master-Stroke' on its original track list?,,,,Jazz,false
Queen Quiz: Encore (Part 8),,"On the original A Night at the Opera track list, what comes immediately after ''39'?",Album Tracks,medium,2,You're My Best Friend,false
Queen Quiz: Encore (Part 8),,"On the original A Night at the Opera track list, what comes immediately after ''39'?",,,,Death on Two Legs,false
Queen Quiz: Encore (Part 8),,"On the original A Night at the Opera track list, what comes immediately after ''39'?",,,,Bohemian Rhapsody,false
Queen Quiz: Encore (Part 8),,"On the original A Night at the Opera track list, what comes immediately after ''39'?",,,,Sweet Lady,true
Queen Quiz: Encore (Part 8),,"On the original Queen II track list, what comes immediately after 'The Loser in the End'?",Album Tracks,medium,2,Ogre Battle,true
Queen Quiz: Encore (Part 8),,"On the original Queen II track list, what comes immediately after 'The Loser in the End'?",,,,Some Day One Day,false
Queen Quiz: Encore (Part 8),,"On the original Queen II track list, what comes immediately after 'The Loser in the End'?",,,,Procession,false
Queen Quiz: Encore (Part 8),,"On the original Queen II track list, what comes immediately after 'The Loser in the End'?",,,,The Fairy Feller's Master-Stroke,false
Queen Quiz: Encore (Part 8),,Which singer performed 'I Want It All' with Queen at Freddie Mercury's tribute concert?,After Freddie,medium,2,Axl Rose,false
Queen Quiz: Encore (Part 8),,Which singer performed 'I Want It All' with Queen at Freddie Mercury's tribute concert?,,,,Roger Daltrey,true
Queen Quiz: Encore (Part 8),,Which singer performed 'I Want It All' with Queen at Freddie Mercury's tribute concert?,,,,Elton John,false
Queen Quiz: Encore (Part 8),,Which singer performed 'I Want It All' with Queen at Freddie Mercury's tribute concert?,,,,Gary Cherone,false
Queen Quiz: Encore (Part 8),,On which Queen studio album is 'Machines (or Back to Humans)' found in the original track list?,Albums,medium,2,News of the World,false
Queen Quiz: Encore (Part 8),,On which Queen studio album is 'Machines (or Back to Humans)' found in the original track list?,,,,Innuendo,false
Queen Quiz: Encore (Part 8),,On which Queen studio album is 'Machines (or Back to Humans)' found in the original track list?,,,,The Works,true
Queen Quiz: Encore (Part 8),,On which Queen studio album is 'Machines (or Back to Humans)' found in the original track list?,,,,Hot Space,false
Queen Quiz: Encore (Part 8),,Which track closes the original Barcelona (Freddie Mercury and Montserrat Caballé) album?,Solo Projects,hard,3,"London Town, C'mon Down",false
Queen Quiz: Encore (Part 8),,Which track closes the original Barcelona (Freddie Mercury and Montserrat Caballé) album?,,,,Old Friends,false
Queen Quiz: Encore (Part 8),,Which track closes the original Barcelona (Freddie Mercury and Montserrat Caballé) album?,,,,"I Cry for You (Love, Hope and Confusion)",false
Queen Quiz: Encore (Part 8),,Which track closes the original Barcelona (Freddie Mercury and Montserrat Caballé) album?,,,,Overture Piccante,true
Queen Quiz: Encore (Part 8),,Who wrote the Queen album track 'I'm in Love with My Car'?,Songwriting,hard,3,Roger Taylor,true
Queen Quiz: Encore (Part 8),,Who wrote the Queen album track 'I'm in Love with My Car'?,,,,Brian May,false
Queen Quiz: Encore (Part 8),,Who wrote the Queen album track 'I'm in Love with My Car'?,,,,Freddie Mercury,false
Queen Quiz: Encore (Part 8),,Who wrote the Queen album track 'I'm in Love with My Car'?,,,,John Deacon,false
Queen Quiz: Encore (Part 8),,Who wrote the Queen album track 'In Only Seven Days'?,Songwriting,hard,3,Brian May,false
Queen Quiz: Encore (Part 8),,Who wrote the Queen album track 'In Only Seven Days'?,,,,John Deacon,true
Queen Quiz: Encore (Part 8),,Who wrote the Queen album track 'In Only Seven Days'?,,,,Freddie Mercury,false
Queen Quiz: Encore (Part 8),,Who wrote the Queen album track 'In Only Seven Days'?,,,,Roger Taylor,false
Queen Quiz: Encore (Part 8),,"On the original The Game track list, what comes immediately after 'Coming Soon'?",Album Tracks,hard,3,Play the Game,false
Queen Quiz: Encore (Part 8),,"On the original The Game track list, what comes immediately after 'Coming Soon'?",,,,Don't Try Suicide,false
Queen Quiz: Encore (Part 8),,"On the original The Game track list, what comes immediately after 'Coming Soon'?",,,,Save Me,true
Queen Quiz: Encore (Part 8),,"On the original The Game track list, what comes immediately after 'Coming Soon'?",,,,Crazy Little Thing Called Love,false
Queen Quiz: Encore (Part 8),,"On the original Innuendo track list, what comes immediately before 'Ride the Wild Wind'?",Album Tracks,hard,3,The Hitman,false
Queen Quiz: Encore (Part 8),,"On the original Innuendo track list, what comes immediately before 'Ride the Wild Wind'?",,,,Innuendo,false
Queen Quiz: Encore (Part 8),,"On the original Innuendo track list, what comes immediately before 'Ride the Wild Wind'?",,,,The Show Must Go On,false
Queen Quiz: Encore (Part 8),,"On the original Innuendo track list, what comes immediately before 'Ride the Wild Wind'?",,,,Don't Try So Hard,true
Queen Quiz: Encore (Part 8),,"On the original Hot Space track list, what comes immediately after 'Life Is Real (Song for Lennon)'?",Album Tracks,hard,3,Calling All Girls,true
Queen Quiz: Encore (Part 8),,"On the original Hot Space track list, what comes immediately after 'Life Is Real (Song for Lennon)'?",,,,Under Pressure,false
Queen Quiz: Encore (Part 8),,"On the original Hot Space track list, what comes immediately after 'Life Is Real (Song for Lennon)'?",,,,Las Palabras de Amor (The Words of Love),false
Queen Quiz: Encore (Part 8),,"On the original Hot Space track list, what comes immediately after 'Life Is Real (Song for Lennon)'?",,,,Cool Cat,false
Queen Quiz: Encore (Part 8),,"On the original News of the World track list, what comes immediately before 'Who Needs You'?",Album Tracks,hard,3,Spread Your Wings,false
Queen Quiz: Encore (Part 8),,"On the original News of the World track list, what comes immediately before 'Who Needs You'?",,,,Sleeping on the Sidewalk,true
Queen Quiz: Encore (Part 8),,"On the original News of the World track list, what comes immediately before 'Who Needs You'?",,,,"All Dead, All Dead",false
Queen Quiz: Encore (Part 8),,"On the original News of the World track list, what comes immediately before 'Who Needs You'?",,,,It's Late,false
Queen Quiz: Encore (Part 8),,Who wrote the Queen album track 'Father to Son'?,Songwriting,hard,3,Freddie Mercury,false
Queen Quiz: Encore (Part 8),,Who wrote the Queen album track 'Father to Son'?,,,,Roger Taylor,false
Queen Quiz: Encore (Part 8),,Who wrote the Queen album track 'Father to Son'?,,,,Brian May,true
Queen Quiz: Encore (Part 8),,Who wrote the Queen album track 'Father to Son'?,,,,John Deacon,false
Queen Quiz: Encore (Part 8),,Who wrote the Queen album track 'Drowse'?,Songwriting,hard,3,Brian May,false
Queen Quiz: Encore (Part 8),,Who wrote the Queen album track 'Drowse'?,,,,Freddie Mercury,false
Queen Quiz: Encore (Part 8),,Who wrote the Queen album track 'Drowse'?,,,,John Deacon,false
Queen Quiz: Encore (Part 8),,Who wrote the Queen album track 'Drowse'?,,,,Roger Taylor,true
Queen Quiz: Encore (Part 8),,Which 'Mr. Bad Guy' track was later re-recorded by Queen for their final Freddie-era album?,Solo Projects,hard,3,I Was Born to Love You,true
Queen Quiz: Encore (Part 8),,Which 'Mr. Bad Guy' track was later re-recorded by Queen for their final Freddie-era album?,,,,Mr. Bad Guy,false
Queen Quiz: Encore (Part 8),,Which 'Mr. Bad Guy' track was later re-recorded by Queen for their final Freddie-era album?,,,,Foolin' Around,false
Queen Quiz: Encore (Part 8),,Which 'Mr. Bad Guy' track was later re-recorded by Queen for their final Freddie-era album?,,,,My Love Is Dangerous,false
Queen Quiz: Encore (Part 8),,"On the original Another World (Brian May) track list, what comes immediately after 'All the Way from Memphis'?",Solo Projects,hard,4,China Belle,false
Queen Quiz: Encore (Part 8),,"On the original Another World (Brian May) track list, what comes immediately after 'All the Way from Memphis'?",,,,Another World,true
Queen Quiz: Encore (Part 8),,"On the original Another World (Brian May) track list, what comes immediately after 'All the Way from Memphis'?",,,,The Guv'nor,false
Queen Quiz: Encore (Part 8),,"On the original Another World (Brian May) track list, what comes immediately after 'All the Way from Memphis'?",,,,Slow Down,false
Queen Quiz: Encore (Part 8),,"On the original Back to the Light (Brian May) track list, what comes immediately after 'Too Much Love Will Kill You'?",Solo Projects,hard,4,Resurrection,false
Queen Quiz: Encore (Part 8),,"On the original Back to the Light (Brian May) track list, what comes immediately after 'Too Much Love Will Kill You'?",,,,The Dark,false
Queen Quiz: Encore (Part 8),,"On the original Back to the Light (Brian May) track list, what comes immediately after 'Too Much Love Will Kill You'?",,,,Driven by You,true
Queen Quiz: Encore (Part 8),,"On the original Back to the Light (Brian May) track list, what comes immediately after 'Too Much Love Will Kill You'?",,,,Just One Life,false
Queen Quiz: Encore (Part 8),,Which 1984 Roger Taylor album had a different US vinyl running order from the UK edition?,Solo Projects,hard,4,Fun in Space,false
Queen Quiz: Encore (Part 8),,Which 1984 Roger Taylor album had a different US vinyl running order from the UK edition?,,,,Electric Fire,false
Queen Quiz: Encore (Part 8),,Which 1984 Roger Taylor album had a different US vinyl running order from the UK edition?,,,,Happiness?,false
Queen Quiz: Encore (Part 8),,Which 1984 Roger Taylor album had a different US vinyl running order from the UK edition?,,,,Strange Frontier,true
Queen Quiz: Encore (Part 8),,Which A Kind of Magic track sits between 'A Kind of Magic' and 'Pain Is So Close to Pleasure'?,Album Tracks,hard,4,One Year of Love,true
Queen Quiz: Encore (Part 8),,Which A Kind of Magic track sits between 'A Kind of Magic' and 'Pain Is So Close to Pleasure'?,,,,One Vision,false
Queen Quiz: Encore (Part 8),,Which A Kind of Magic track sits between 'A Kind of Magic' and 'Pain Is So Close to Pleasure'?,,,,Princes of the Universe,false
Queen Quiz: Encore (Part 8),,Which A Kind of Magic track sits between 'A Kind of Magic' and 'Pain Is So Close to Pleasure'?,,,,Gimme the Prize (Kurgan's Theme),false
Queen Quiz: Encore (Part 9),"25 new Queen questions spanning the albums, solo projects, band members, and the years after Freddie.",Which Queen studio album has both 'The Millionaire Waltz' and 'You and I' on its original track list?,Albums,easy,1,A Day at the Races,true
Queen Quiz: Encore (Part 9),,Which Queen studio album has both 'The Millionaire Waltz' and 'You and I' on its original track list?,,,,Queen,false
Queen Quiz: Encore (Part 9),,Which Queen studio album has both 'The Millionaire Waltz' and 'You and I' on its original track list?,,,,Jazz,false
Queen Quiz: Encore (Part 9),,Which Queen studio album has both 'The Millionaire Waltz' and 'You and I' on its original track list?,,,,News of the World,false
Queen Quiz: Encore (Part 9),,From what part of Buckingham Palace did Brian May perform 'God Save the Queen' in 2002?,Band Members,easy,1,The throne room,false
Queen Quiz: Encore (Part 9),,From what part of Buckingham Palace did Brian May perform 'God Save the Queen' in 2002?,,,,The roof,true
Queen Quiz: Encore (Part 9),,From what part of Buckingham Palace did Brian May perform 'God Save the Queen' in 2002?,,,,The balcony,false
Queen Quiz: Encore (Part 9),,From what part of Buckingham Palace did Brian May perform 'God Save the Queen' in 2002?,,,,The courtyard,false
Queen Quiz: Encore (Part 9),,On which Queen studio album is 'Pain Is So Close to Pleasure' found in the original track list?,Albums,easy,1,The Miracle,false
Queen Quiz: Encore (Part 9),,On which Queen studio album is 'Pain Is So Close to Pleasure' found in the original track list?,,,,Jazz,false
Queen Quiz: Encore (Part 9),,On which Queen studio album is 'Pain Is So Close to Pleasure' found in the original track list?,,,,A Kind of Magic,true
Queen Quiz: Encore (Part 9),,On which Queen studio album is 'Pain Is So Close to Pleasure' found in the original track list?,,,,The Game,false
Queen Quiz: Encore (Part 9),,"Which Queen studio album has both 'Fight from the Inside' and 'Get Down, Make Love' on its original track list?",Albums,medium,2,Jazz,false
Queen Quiz: Encore (Part 9),,"Which Queen studio album has both 'Fight from the Inside' and 'Get Down, Make Love' on its original track list?",,,,Queen II,false
Queen Quiz: Encore (Part 9),,"Which Queen studio album has both 'Fight from the Inside' and 'Get Down, Make Love' on its original track list?",,,,A Day at the Races,false
Queen Quiz: Encore (Part 9),,"Which Queen studio album has both 'Fight from the Inside' and 'Get Down, Make Love' on its original track list?",,,,News of the World,true
Queen Quiz: Encore (Part 9),,"On the original Innuendo track list, what comes immediately after 'Innuendo'?",Album Tracks,medium,2,I'm Going Slightly Mad,true
Queen Quiz: Encore (Part 9),,"On the original Innuendo track list, what comes immediately after 'Innuendo'?",,,,The Hitman,false
Queen Quiz: Encore (Part 9),,"On the original Innuendo track list, what comes immediately after 'Innuendo'?",,,,Bijou,false
Queen Quiz: Encore (Part 9),,"On the original Innuendo track list, what comes immediately after 'Innuendo'?",,,,The Show Must Go On,false
Queen Quiz: Encore (Part 9),,"On the original The Game track list, what comes immediately after 'Crazy Little Thing Called Love'?",Album Tracks,medium,2,Need Your Loving Tonight,false
Queen Quiz: Encore (Part 9),,"On the original The Game track list, what comes immediately after 'Crazy Little Thing Called Love'?",,,,Rock It (Prime Jive),true
Queen Quiz: Encore (Part 9),,"On the original The Game track list, what comes immediately after 'Crazy Little Thing Called Love'?",,,,Play the Game,false
Queen Quiz: Encore (Part 9),,"On the original The Game track list, what comes immediately after 'Crazy Little Thing Called Love'?",,,,Don't Try Suicide,false
Queen Quiz: Encore (Part 9),,In which year did the Bulsara family move to Middlesex?,Band Members,medium,2,1959,false
Queen Quiz: Encore (Part 9),,In which year did the Bulsara family move to Middlesex?,,,,1969,false
Queen Quiz: Encore (Part 9),,In which year did the Bulsara family move to Middlesex?,,,,1964,true
Queen Quiz: Encore (Part 9),,In which year did the Bulsara family move to Middlesex?,,,,1972,false
Queen Quiz: Encore (Part 9),,Which Queen studio album has both 'Life Is Real (Song for Lennon)' and 'Calling All Girls' on its original track list?,Albums,medium,2,A Kind of Magic,false
Queen Quiz: Encore (Part 9),,Which Queen studio album has both 'Life Is Real (Song for Lennon)' and 'Calling All Girls' on its original track list?,,,,The Game,false
Queen Quiz: Encore (Part 9),,Which Queen studio album has both 'Life Is Real (Song for Lennon)' and 'Calling All Girls' on its original track list?,,,,A Day at the Races,false
Queen Quiz: Encore (Part 9),,Which Queen studio album has both 'Life Is Real (Song for Lennon)' and 'Calling All Girls' on its original track list?,,,,Hot Space,true
Queen Quiz: Encore (Part 9),,"On the original Sheer Heart Attack track list, what comes immediately after 'Brighton Rock'?",Album Tracks,medium,2,Killer Queen,true
Queen Quiz: Encore (Part 9),,"On the original Sheer Heart Attack track list, what comes immediately after 'Brighton Rock'?",,,,Misfire,false
Queen Quiz: Encore (Part 9),,"On the original Sheer Heart Attack track list, what comes immediately after 'Brighton Rock'?",,,,Bring Back That Leroy Brown,false
Queen Quiz: Encore (Part 9),,"On the original Sheer Heart Attack track list, what comes immediately after 'Brighton Rock'?",,,,In the Lap of the Gods... Revisited,false
Queen Quiz: Encore (Part 9),,On which Queen studio album is 'Misfire' found in the original track list?,Albums,medium,2,A Kind of Magic,false
Queen Quiz: Encore (Part 9),,On which Queen studio album is 'Misfire' found in the original track list?,,,,Sheer Heart Attack,true
Queen Quiz: Encore (Part 9),,On which Queen studio album is 'Misfire' found in the original track list?,,,,A Night at the Opera,false
Queen Quiz: Encore (Part 9),,On which Queen studio album is 'Misfire' found in the original track list?,,,,A Day at the Races,false
Queen Quiz: Encore (Part 9),,Which track opens the original A Kind of Magic album?,Albums,medium,2,My Melancholy Blues,false
Queen Quiz: Encore (Part 9),,Which track opens the original A Kind of Magic album?,,,,Procession,false
Queen Quiz: Encore (Part 9),,Which track opens the original A Kind of Magic album?,,,,One Vision,true
Queen Quiz: Encore (Part 9),,Which track opens the original A Kind of Magic album?,,,,Play the Game,false
Queen Quiz: Encore (Part 9),,"On the original The Works track list, what comes immediately after 'I Want to Break Free'?",Album Tracks,hard,3,It's a Hard Life,false
Queen Quiz: Encore (Part 9),,"On the original The Works track list, what comes immediately after 'I Want to Break Free'?",,,,Man on the Prowl,false
Queen Quiz: Encore (Part 9),,"On the original The Works track list, what comes immediately after 'I Want to Break Free'?",,,,Hammer to Fall,false
Queen Quiz: Encore (Part 9),,"On the original The Works track list, what comes immediately after 'I Want to Break Free'?",,,,Keep Passing the Open Windows,true
Queen Quiz: Encore (Part 9),,Who delivered a speech before the main Queen set at the 1992 tribute concert?,After Freddie,hard,3,Elizabeth Taylor,true
Queen Quiz: Encore (Part 9),,Who delivered a speech before the main Queen set at the 1992 tribute concert?,,,,Liza Minnelli,false
Queen Quiz: Encore (Part 9),,Who delivered a speech before the main Queen set at the 1992 tribute concert?,,,,Annie Lennox,false
Queen Quiz: Encore (Part 9),,Who delivered a speech before the main Queen set at the 1992 tribute concert?,,,,Montserrat Caballé,false
Queen Quiz: Encore (Part 9),,Which track opens the original Strange Frontier (Roger Taylor) album?,Solo Projects,hard,3,Pressure On,false
Queen Quiz: Encore (Part 9),,Which track opens the original Strange Frontier (Roger Taylor) album?,,,,Strange Frontier,true
Queen Quiz: Encore (Part 9),,Which track opens the original Strange Frontier (Roger Taylor) album?,,,,Nazis 1994,false
Queen Quiz: Encore (Part 9),,Which track opens the original Strange Frontier (Roger Taylor) album?,,,,Love Me Like There's No Tomorrow,false
Queen Quiz: Encore (Part 9),,Who co-authored Brian May's stereoscopic-history book 'A Village Lost and Found'?,Band Members,hard,3,Anita Dobson,false
Queen Quiz: Encore (Part 9),,Who co-authored Brian May's stereoscopic-history book 'A Village Lost and Found'?,,,,Jane Hawking,false
Queen Quiz: Encore (Part 9),,Who co-authored Brian May's stereoscopic-history book 'A Village Lost and Found'?,,,,Elena Vidal,true
Queen Quiz: Encore (Part 9),,Who co-authored Brian May's stereoscopic-history book 'A Village Lost and Found'?,,,,Mary Austin,false
Queen Quiz: Encore (Part 9),,What was the name of Roger Taylor's 2013 box set covering his solo work and The Cross?,Band Members,hard,3,The Vault,false
Queen Quiz: Encore (Part 9),,What was the name of Roger Taylor's 2013 box set covering his solo work and The Cross?,,,,The Collection,false
Queen Quiz: Encore (Part 9),,What was the name of Roger Taylor's 2013 box set covering his solo work and The Cross?,,,,The Works,false
Queen Quiz: Encore (Part 9),,What was the name of Roger Taylor's 2013 box set covering his solo work and The Cross?,,,,The Lot,true
Queen Quiz: Encore (Part 9),,Who wrote the Queen album track 'Long Away'?,Songwriting,hard,3,Brian May,true
Queen Quiz: Encore (Part 9),,Who wrote the Queen album track 'Long Away'?,,,,Freddie Mercury,false
Queen Quiz: Encore (Part 9),,Who wrote the Queen album track 'Long Away'?,,,,Roger Taylor,false
Queen Quiz: Encore (Part 9),,Who wrote the Queen album track 'Long Away'?,,,,John Deacon,false
Queen Quiz: Encore (Part 9),,Who wrote the Queen album track 'Bicycle Race'?,Songwriting,hard,3,Brian May,false
Queen Quiz: Encore (Part 9),,Who wrote the Queen album track 'Bicycle Race'?,,,,Freddie Mercury,true
Queen Quiz: Encore (Part 9),,Who wrote the Queen album track 'Bicycle Race'?,,,,Roger Taylor,false
Queen Quiz: Encore (Part 9),,Who wrote the Queen album track 'Bicycle Race'?,,,,John Deacon,false
Queen Quiz: Encore (Part 9),,Who wrote the Queen album track 'Don't Try Suicide'?,Songwriting,hard,3,Brian May,false
Queen Quiz: Encore (Part 9),,Who wrote the Queen album track 'Don't Try Suicide'?,,,,Roger Taylor,false
Queen Quiz: Encore (Part 9),,Who wrote the Queen album track 'Don't Try Suicide'?,,,,Freddie Mercury,true
Queen Quiz: Encore (Part 9),,Who wrote the Queen album track 'Don't Try Suicide'?,,,,John Deacon,false
Queen Quiz: Encore (Part 9),,Who wrote the Queen album track 'Fight from the Inside'?,Songwriting,hard,3,Brian May,false
Queen Quiz: Encore (Part 9),,Who wrote the Queen album track 'Fight from the Inside'?,,,,Freddie Mercury,false
Queen Quiz: Encore (Part 9),,Who wrote the Queen album track 'Fight from the Inside'?,,,,John Deacon,false
Queen Quiz: Encore (Part 9),,Who wrote the Queen album track 'Fight from the Inside'?,,,,Roger Taylor,true
Queen Quiz: Encore (Part 9),,Who wrote the Queen album track 'Princes of the Universe'?,Songwriting,hard,3,Freddie Mercury,true
Queen Quiz: Encore (Part 9),,Who wrote the Queen album track 'Princes of the Universe'?,,,,Brian May,false
Queen Quiz: Encore (Part 9),,Who wrote the Queen album track 'Princes of the Universe'?,,,,Roger Taylor,false
Queen Quiz: Encore (Part 9),,Who wrote the Queen album track 'Princes of the Universe'?,,,,John Deacon,false
Queen Quiz: Encore (Part 9),,"On the original Strange Frontier (Roger Taylor) track list, what comes immediately after 'Abandonfire'?",Solo Projects,hard,4,Young Love,false
Queen Quiz: Encore (Part 9),,"On the original Strange Frontier (Roger Taylor) track list, what comes immediately after 'Abandonfire'?",,,,Killing Time,true
Queen Quiz: Encore (Part 9),,"On the original Strange Frontier (Roger Taylor) track list, what comes immediately after 'Abandonfire'?",,,,Racing in the Street,false
Queen Quiz: Encore (Part 9),,"On the original Strange Frontier (Roger Taylor) track list, what comes immediately after 'Abandonfire'?",,,,It's an Illusion,false
Queen Quiz: Encore (Part 9),,Which Mott the Hoople song did Brian May cover on 'Another World'?,Solo Projects,hard,4,All the Young Dudes,false
Queen Quiz: Encore (Part 9),,Which Mott the Hoople song did Brian May cover on 'Another World'?,,,,Roll Away the Stone,false
Queen Quiz: Encore (Part 9),,Which Mott the Hoople song did Brian May cover on 'Another World'?,,,,All the Way from Memphis,true
Queen Quiz: Encore (Part 9),,Which Mott the Hoople song did Brian May cover on 'Another World'?,,,,Honaloochie Boogie,false
Queen Quiz: Encore (Part 9),,Which Strange Frontier (Roger Taylor) track sits between 'Masters of War' and 'Killing Time'?,Solo Projects,hard,4,Strange Frontier,false
Queen Quiz: Encore (Part 9),,Which Strange Frontier (Roger Taylor) track sits between 'Masters of War' and 'Killing Time'?,,,,"I Cry for You (Love, Hope and Confusion)",false
Queen Quiz: Encore (Part 9),,Which Strange Frontier (Roger Taylor) track sits between 'Masters of War' and 'Killing Time'?,,,,Man on Fire,false
Queen Quiz: Encore (Part 9),,Which Strange Frontier (Roger Taylor) track sits between 'Masters of War' and 'Killing Time'?,,,,Abandonfire,true
Queen Quiz: Encore (Part 9),,"On the original Fun in Space (Roger Taylor) track list, what comes immediately after 'My Country I & II'?",Solo Projects,hard,4,Good Times Are Now,true
Queen Quiz: Encore (Part 9),,"On the original Fun in Space (Roger Taylor) track list, what comes immediately after 'My Country I & II'?",,,,Let's Get Crazy,false
Queen Quiz: Encore (Part 9),,"On the original Fun in Space (Roger Taylor) track list, what comes immediately after 'My Country I & II'?",,,,No Violins,false
Queen Quiz: Encore (Part 9),,"On the original Fun in Space (Roger Taylor) track list, what comes immediately after 'My Country I & II'?",,,,Magic Is Loose,false
Queen Quiz: Encore (Part 10),"25 new Queen questions spanning the albums, solo projects, band members, and the years after Freddie.",Which track closes the original Innuendo album?,Albums,easy,1,The Show Must Go On,true
Queen Quiz: Encore (Part 10),,Which track closes the original Innuendo album?,,,,Brighton Rock,false
Queen Quiz: Encore (Part 10),,Which track closes the original Innuendo album?,,,,We Will Rock You,false
Queen Quiz: Encore (Part 10),,Which track closes the original Innuendo album?,,,,Teo Torriatte (Let Us Cling Together),false
Queen Quiz: Encore (Part 10),,On which Queen studio album is 'Tear It Up' found in the original track list?,Albums,easy,1,A Day at the Races,false
Queen Quiz: Encore (Part 10),,On which Queen studio album is 'Tear It Up' found in the original track list?,,,,The Works,true
Queen Quiz: Encore (Part 10),,On which Queen studio album is 'Tear It Up' found in the original track list?,,,,A Night at the Opera,false
Queen Quiz: Encore (Part 10),,On which Queen studio album is 'Tear It Up' found in the original track list?,,,,Jazz,false
Queen Quiz: Encore (Part 10),,In which country did Freddie Mercury spend much of his childhood?,Band Members,easy,1,Kenya,false
Queen Quiz: Encore (Part 10),,In which country did Freddie Mercury spend much of his childhood?,,,,England,false
Queen Quiz: Encore (Part 10),,In which country did Freddie Mercury spend much of his childhood?,,,,India,true
Queen Quiz: Encore (Part 10),,In which country did Freddie Mercury spend much of his childhood?,,,,Iran,false
Queen Quiz: Encore (Part 10),,In what year did Brian May receive a PhD in astrophysics?,Band Members,medium,2,1992,false
Queen Quiz: Encore (Part 10),,In what year did Brian May receive a PhD in astrophysics?,,,,2002,false
Queen Quiz: Encore (Part 10),,In what year did Brian May receive a PhD in astrophysics?,,,,2017,false
Queen Quiz: Encore (Part 10),,In what year did Brian May receive a PhD in astrophysics?,,,,2007,true
Queen Quiz: Encore (Part 10),,Which official Queen tribute act has Roger Taylor overseen and produced?,Band Members,medium,2,The Queen Extravaganza,true
Queen Quiz: Encore (Part 10),,Which official Queen tribute act has Roger Taylor overseen and produced?,,,,The Bohemians,false
Queen Quiz: Encore (Part 10),,Which official Queen tribute act has Roger Taylor overseen and produced?,,,,Queen Forever,false
Queen Quiz: Encore (Part 10),,Which official Queen tribute act has Roger Taylor overseen and produced?,,,,Killer Queen,false
Queen Quiz: Encore (Part 10),,"On the original The Works track list, what comes immediately after 'Radio Ga Ga'?",Album Tracks,medium,2,I Want to Break Free,false
Queen Quiz: Encore (Part 10),,"On the original The Works track list, what comes immediately after 'Radio Ga Ga'?",,,,Tear It Up,true
Queen Quiz: Encore (Part 10),,"On the original The Works track list, what comes immediately after 'Radio Ga Ga'?",,,,Keep Passing the Open Windows,false
Queen Quiz: Encore (Part 10),,"On the original The Works track list, what comes immediately after 'Radio Ga Ga'?",,,,Is This the World We Created...?,false
Queen Quiz: Encore (Part 10),,"On the original Hot Space track list, what comes immediately after 'Action This Day'?",Album Tracks,medium,2,Body Language,false
Queen Quiz: Encore (Part 10),,"On the original Hot Space track list, what comes immediately after 'Action This Day'?",,,,Staying Power,false
Queen Quiz: Encore (Part 10),,"On the original Hot Space track list, what comes immediately after 'Action This Day'?",,,,Put Out the Fire,true
Queen Quiz: Encore (Part 10),,"On the original Hot Space track list, what comes immediately after 'Action This Day'?",,,,Life Is Real (Song for Lennon),false
Queen Quiz: Encore (Part 10),,"On the original Queen track list, what comes immediately after 'Doing All Right'?",Album Tracks,medium,2,Seven Seas of Rhye (instrumental),false
Queen Quiz: Encore (Part 10),,"On the original Queen track list, what comes immediately after 'Doing All Right'?",,,,Liar,false
Queen Quiz: Encore (Part 10),,"On the original Queen track list, what comes immediately after 'Doing All Right'?",,,,Son and Daughter,false
Queen Quiz: Encore (Part 10),,"On the original Queen track list, what comes immediately after 'Doing All Right'?",,,,Great King Rat,true
Queen Quiz: Encore (Part 10),,"On the original A Day at the Races track list, what comes immediately after 'The Millionaire Waltz'?",Album Tracks,medium,2,You and I,true
Queen Quiz: Encore (Part 10),,"On the original A Day at the Races track list, what comes immediately after 'The Millionaire Waltz'?",,,,You Take My Breath Away,false
Queen Quiz: Encore (Part 10),,"On the original A Day at the Races track list, what comes immediately after 'The Millionaire Waltz'?",,,,White Man,false
Queen Quiz: Encore (Part 10),,"On the original A Day at the Races track list, what comes immediately after 'The Millionaire Waltz'?",,,,Good Old-Fashioned Lover Boy,false
Queen Quiz: Encore (Part 10),,What was the name of Brian May's animal-welfare campaign founded in 2010?,Band Members,medium,2,Animal Aid,false
Queen Quiz: Encore (Part 10),,What was the name of Brian May's animal-welfare campaign founded in 2010?,,,,Save-Me,true
Queen Quiz: Encore (Part 10),,What was the name of Brian May's animal-welfare campaign founded in 2010?,,,,Born Free,false
Queen Quiz: Encore (Part 10),,What was the name of Brian May's animal-welfare campaign founded in 2010?,,,,Wildlife First,false
Queen Quiz: Encore (Part 10),,During which album's original sessions was 'Face It Alone' recorded?,After Freddie,medium,2,Innuendo,false
Queen Quiz: Encore (Part 10),,During which album's original sessions was 'Face It Alone' recorded?,,,,Made in Heaven,false
Queen Quiz: Encore (Part 10),,During which album's original sessions was 'Face It Alone' recorded?,,,,The Miracle,true
Queen Quiz: Encore (Part 10),,During which album's original sessions was 'Face It Alone' recorded?,,,,A Kind of Magic,false
Queen Quiz: Encore (Part 10),,"On the original The Works track list, what comes immediately before 'Keep Passing the Open Windows'?",Album Tracks,hard,3,Tear It Up,false
Queen Quiz: Encore (Part 10),,"On the original The Works track list, what comes immediately before 'Keep Passing the Open Windows'?",,,,Machines (or Back to Humans),false
Queen Quiz: Encore (Part 10),,"On the original The Works track list, what comes immediately before 'Keep Passing the Open Windows'?",,,,Hammer to Fall,false
Queen Quiz: Encore (Part 10),,"On the original The Works track list, what comes immediately before 'Keep Passing the Open Windows'?",,,,I Want to Break Free,true
Queen Quiz: Encore (Part 10),,"On the original Queen track list, what comes immediately after 'The Night Comes Down'?",Album Tracks,hard,3,Modern Times Rock 'n' Roll,true
Queen Quiz: Encore (Part 10),,"On the original Queen track list, what comes immediately after 'The Night Comes Down'?",,,,Son and Daughter,false
Queen Quiz: Encore (Part 10),,"On the original Queen track list, what comes immediately after 'The Night Comes Down'?",,,,My Fairy King,false
Queen Quiz: Encore (Part 10),,"On the original Queen track list, what comes immediately after 'The Night Comes Down'?",,,,Jesus,false
Queen Quiz: Encore (Part 10),,In which city did John Deacon make his final stage appearance with Queen in 1997?,Band Members,hard,3,London,false
Queen Quiz: Encore (Part 10),,In which city did John Deacon make his final stage appearance with Queen in 1997?,,,,Paris,true
Queen Quiz: Encore (Part 10),,In which city did John Deacon make his final stage appearance with Queen in 1997?,,,,Montreux,false
Queen Quiz: Encore (Part 10),,In which city did John Deacon make his final stage appearance with Queen in 1997?,,,,Munich,false
Queen Quiz: Encore (Part 10),,"On the original Innuendo track list, what comes immediately after 'Bijou'?",Album Tracks,hard,3,Headlong,false
Queen Quiz: Encore (Part 10),,"On the original Innuendo track list, what comes immediately after 'Bijou'?",,,,All God's People,false
Queen Quiz: Encore (Part 10),,"On the original Innuendo track list, what comes immediately after 'Bijou'?",,,,The Show Must Go On,true
Queen Quiz: Encore (Part 10),,"On the original Innuendo track list, what comes immediately after 'Bijou'?",,,,Delilah,false
Queen Quiz: Encore (Part 10),,"On the original Queen track list, what comes immediately before 'The Night Comes Down'?",Album Tracks,hard,3,Seven Seas of Rhye (instrumental),false
Queen Quiz: Encore (Part 10),,"On the original Queen track list, what comes immediately before 'The Night Comes Down'?",,,,Keep Yourself Alive,false
Queen Quiz: Encore (Part 10),,"On the original Queen track list, what comes immediately before 'The Night Comes Down'?",,,,Modern Times Rock 'n' Roll,false
Queen Quiz: Encore (Part 10),,"On the original Queen track list, what comes immediately before 'The Night Comes Down'?",,,,Liar,true
Queen Quiz: Encore (Part 10),,Who wrote the Queen album track 'Body Language'?,Songwriting,hard,3,Freddie Mercury,true
Queen Quiz: Encore (Part 10),,Who wrote the Queen album track 'Body Language'?,,,,Brian May,false
Queen Quiz: Encore (Part 10),,Who wrote the Queen album track 'Body Language'?,,,,Roger Taylor,false
Queen Quiz: Encore (Part 10),,Who wrote the Queen album track 'Body Language'?,,,,John Deacon,false
Queen Quiz: Encore (Part 10),,"On the original News of the World track list, what comes immediately after 'Get Down, Make Love'?",Album Tracks,hard,3,My Melancholy Blues,false
Queen Quiz: Encore (Part 10),,"On the original News of the World track list, what comes immediately after 'Get Down, Make Love'?",,,,Sleeping on the Sidewalk,true
Queen Quiz: Encore (Part 10),,"On the original News of the World track list, what comes immediately after 'Get Down, Make Love'?",,,,Who Needs You,false
Queen Quiz: Encore (Part 10),,"On the original News of the World track list, what comes immediately after 'Get Down, Make Love'?",,,,It's Late,false
Queen Quiz: Encore (Part 10),,Who wrote the Queen album track 'Calling All Girls'?,Songwriting,hard,3,Brian May,false
Queen Quiz: Encore (Part 10),,Who wrote the Queen album track 'Calling All Girls'?,,,,Freddie Mercury,false
Queen Quiz: Encore (Part 10),,Who wrote the Queen album track 'Calling All Girls'?,,,,Roger Taylor,true
Queen Quiz: Encore (Part 10),,Who wrote the Queen album track 'Calling All Girls'?,,,,John Deacon,false
Queen Quiz: Encore (Part 10),,Who co-produced Freddie Mercury's 1985 album 'Mr. Bad Guy' with him?,Solo Projects,hard,3,Roy Thomas Baker,false
Queen Quiz: Encore (Part 10),,Who co-produced Freddie Mercury's 1985 album 'Mr. Bad Guy' with him?,,,,David Richards,false
Queen Quiz: Encore (Part 10),,Who co-produced Freddie Mercury's 1985 album 'Mr. Bad Guy' with him?,,,,John Anthony,false
Queen Quiz: Encore (Part 10),,Who co-produced Freddie Mercury's 1985 album 'Mr. Bad Guy' with him?,,,,Mack,true
Queen Quiz: Encore (Part 10),,Which track ends the original Freddie Mercury-Montserrat Caballé 'Barcelona' album?,Solo Projects,hard,3,Overture Piccante,true
Queen Quiz: Encore (Part 10),,Which track ends the original Freddie Mercury-Montserrat Caballé 'Barcelona' album?,,,,How Can I Go On,false
Queen Quiz: Encore (Part 10),,Which track ends the original Freddie Mercury-Montserrat Caballé 'Barcelona' album?,,,,Guide Me Home,false
Queen Quiz: Encore (Part 10),,Which track ends the original Freddie Mercury-Montserrat Caballé 'Barcelona' album?,,,,The Golden Boy,false
Queen Quiz: Encore (Part 10),,"On the original Barcelona (Freddie Mercury and Montserrat Caballé) track list, what comes immediately after 'Barcelona'?",Solo Projects,hard,4,Guide Me Home,false
Queen Quiz: Encore (Part 10),,"On the original Barcelona (Freddie Mercury and Montserrat Caballé) track list, what comes immediately after 'Barcelona'?",,,,La Japonaise,true
Queen Quiz: Encore (Part 10),,"On the original Barcelona (Freddie Mercury and Montserrat Caballé) track list, what comes immediately after 'Barcelona'?",,,,How Can I Go On,false
Queen Quiz: Encore (Part 10),,"On the original Barcelona (Freddie Mercury and Montserrat Caballé) track list, what comes immediately after 'Barcelona'?",,,,Overture Piccante,false
Queen Quiz: Encore (Part 10),,"On the original Another World (Brian May) track list, what comes immediately before 'Why Don't We Try Again'?",Solo Projects,hard,4,Space,false
Queen Quiz: Encore (Part 10),,"On the original Another World (Brian May) track list, what comes immediately before 'Why Don't We Try Again'?",,,,Cyborg,false
Queen Quiz: Encore (Part 10),,"On the original Another World (Brian May) track list, what comes immediately before 'Why Don't We Try Again'?",,,,China Belle,true
Queen Quiz: Encore (Part 10),,"On the original Another World (Brian May) track list, what comes immediately before 'Why Don't We Try Again'?",,,,All the Way from Memphis,false
Queen Quiz: Encore (Part 10),,Which Happiness? (Roger Taylor) track sits between 'The Key' and 'Loneliness...'?,Solo Projects,hard,4,Old Friends,false
Queen Quiz: Encore (Part 10),,Which Happiness? (Roger Taylor) track sits between 'The Key' and 'Loneliness...'?,,,,Nazis 1994,false
Queen Quiz: Encore (Part 10),,Which Happiness? (Roger Taylor) track sits between 'The Key' and 'Loneliness...'?,,,,Happiness?,false
Queen Quiz: Encore (Part 10),,Which Happiness? (Roger Taylor) track sits between 'The Key' and 'Loneliness...'?,,,,Everybody Hurts Sometime,true
Queen Quiz: Encore (Part 10),,"On the original Mr. Bad Guy (Freddie Mercury) track list, what comes immediately before 'Your Kind of Lover'?",Solo Projects,hard,4,Foolin' Around,true
Queen Quiz: Encore (Part 10),,"On the original Mr. Bad Guy (Freddie Mercury) track list, what comes immediately before 'Your Kind of Lover'?",,,,There Must Be More to Life Than This,false
Queen Quiz: Encore (Part 10),,"On the original Mr. Bad Guy (Freddie Mercury) track list, what comes immediately before 'Your Kind of Lover'?",,,,Made in Heaven,false
Queen Quiz: Encore (Part 10),,"On the original Mr. Bad Guy (Freddie Mercury) track list, what comes immediately before 'Your Kind of Lover'?",,,,Let's Turn It On,false
Queen Quiz: Encore (Part 11),"25 new Queen questions spanning the albums, solo projects, band members, and the years after Freddie.",Which Queen studio album has both 'Need Your Loving Tonight' and 'Crazy Little Thing Called Love' on its original track list?,Albums,easy,1,The Game,true
Queen Quiz: Encore (Part 11),,Which Queen studio album has both 'Need Your Loving Tonight' and 'Crazy Little Thing Called Love' on its original track list?,,,,Queen,false
Queen Quiz: Encore (Part 11),,Which Queen studio album has both 'Need Your Loving Tonight' and 'Crazy Little Thing Called Love' on its original track list?,,,,Jazz,false
Queen Quiz: Encore (Part 11),,Which Queen studio album has both 'Need Your Loving Tonight' and 'Crazy Little Thing Called Love' on its original track list?,,,,Sheer Heart Attack,false
Queen Quiz: Encore (Part 11),,Which track opens the original Innuendo album?,Albums,easy,1,Radio Ga Ga,false
Queen Quiz: Encore (Part 11),,Which track opens the original Innuendo album?,,,,Innuendo,true
Queen Quiz: Encore (Part 11),,Which track opens the original Innuendo album?,,,,One Vision,false
Queen Quiz: Encore (Part 11),,Which track opens the original Innuendo album?,,,,Brighton Rock,false
Queen Quiz: Encore (Part 11),,On which Queen studio album is 'Staying Power' found in the original track list?,Albums,easy,1,The Miracle,false
Queen Quiz: Encore (Part 11),,On which Queen studio album is 'Staying Power' found in the original track list?,,,,A Kind of Magic,false
Queen Quiz: Encore (Part 11),,On which Queen studio album is 'Staying Power' found in the original track list?,,,,Hot Space,true
Queen Quiz: Encore (Part 11),,On which Queen studio album is 'Staying Power' found in the original track list?,,,,Sheer Heart Attack,false
Queen Quiz: Encore (Part 11),,On which Queen studio album is 'Rain Must Fall' found in the original track list?,Albums,medium,2,Sheer Heart Attack,false
Queen Quiz: Encore (Part 11),,On which Queen studio album is 'Rain Must Fall' found in the original track list?,,,,Innuendo,false
Queen Quiz: Encore (Part 11),,On which Queen studio album is 'Rain Must Fall' found in the original track list?,,,,Hot Space,false
Queen Quiz: Encore (Part 11),,On which Queen studio album is 'Rain Must Fall' found in the original track list?,,,,The Miracle,true
Queen Quiz: Encore (Part 11),,Which singer joined Elton John and Queen on 'Bohemian Rhapsody' at the 1992 tribute concert?,After Freddie,medium,2,Axl Rose,true
Queen Quiz: Encore (Part 11),,Which singer joined Elton John and Queen on 'Bohemian Rhapsody' at the 1992 tribute concert?,,,,Robert Plant,false
Queen Quiz: Encore (Part 11),,Which singer joined Elton John and Queen on 'Bohemian Rhapsody' at the 1992 tribute concert?,,,,Joe Elliott,false
Queen Quiz: Encore (Part 11),,Which singer joined Elton John and Queen on 'Bohemian Rhapsody' at the 1992 tribute concert?,,,,James Hetfield,false
Queen Quiz: Encore (Part 11),,In which city did Queen + Adam Lambert play their first full-length show in 2012?,After Freddie,medium,2,London,false
Queen Quiz: Encore (Part 11),,In which city did Queen + Adam Lambert play their first full-length show in 2012?,,,,Kyiv,true
Queen Quiz: Encore (Part 11),,In which city did Queen + Adam Lambert play their first full-length show in 2012?,,,,New York,false
Queen Quiz: Encore (Part 11),,In which city did Queen + Adam Lambert play their first full-length show in 2012?,,,,Tokyo,false
Queen Quiz: Encore (Part 11),,"On the original Queen II track list, what comes immediately after 'Procession'?",Album Tracks,medium,2,Funny How Love Is,false
Queen Quiz: Encore (Part 11),,"On the original Queen II track list, what comes immediately after 'Procession'?",,,,Seven Seas of Rhye,false
Queen Quiz: Encore (Part 11),,"On the original Queen II track list, what comes immediately after 'Procession'?",,,,Father to Son,true
Queen Quiz: Encore (Part 11),,"On the original Queen II track list, what comes immediately after 'Procession'?",,,,Ogre Battle,false
Queen Quiz: Encore (Part 11),,"On the original Sheer Heart Attack track list, what comes immediately after 'Lily of the Valley'?",Album Tracks,medium,2,Flick of the Wrist,false
Queen Quiz: Encore (Part 11),,"On the original Sheer Heart Attack track list, what comes immediately after 'Lily of the Valley'?",,,,Brighton Rock,false
Queen Quiz: Encore (Part 11),,"On the original Sheer Heart Attack track list, what comes immediately after 'Lily of the Valley'?",,,,Bring Back That Leroy Brown,false
Queen Quiz: Encore (Part 11),,"On the original Sheer Heart Attack track list, what comes immediately after 'Lily of the Valley'?",,,,Now I'm Here,true
Queen Quiz: Encore (Part 11),,Which 2014 collection included the newly completed 'Let Me in Your Heart Again'?,After Freddie,medium,2,Queen Forever,true
Queen Quiz: Encore (Part 11),,Which 2014 collection included the newly completed 'Let Me in Your Heart Again'?,,,,Made in Heaven,false
Queen Quiz: Encore (Part 11),,Which 2014 collection included the newly completed 'Let Me in Your Heart Again'?,,,,Queen Rocks,false
Queen Quiz: Encore (Part 11),,Which 2014 collection included the newly completed 'Let Me in Your Heart Again'?,,,,On Air,false
Queen Quiz: Encore (Part 11),,Which Queen studio album has both 'Friends Will Be Friends' and 'Who Wants to Live Forever' on its original track list?,Albums,medium,2,A Day at the Races,false
Queen Quiz: Encore (Part 11),,Which Queen studio album has both 'Friends Will Be Friends' and 'Who Wants to Live Forever' on its original track list?,,,,A Kind of Magic,true
Queen Quiz: Encore (Part 11),,Which Queen studio album has both 'Friends Will Be Friends' and 'Who Wants to Live Forever' on its original track list?,,,,The Miracle,false
Queen Quiz: Encore (Part 11),,Which Queen studio album has both 'Friends Will Be Friends' and 'Who Wants to Live Forever' on its original track list?,,,,The Game,false
Queen Quiz: Encore (Part 11),,On which Queen studio album is 'If You Can't Beat Them' found in the original track list?,Albums,medium,2,News of the World,false
Queen Quiz: Encore (Part 11),,On which Queen studio album is 'If You Can't Beat Them' found in the original track list?,,,,Queen,false
Queen Quiz: Encore (Part 11),,On which Queen studio album is 'If You Can't Beat Them' found in the original track list?,,,,Jazz,true
Queen Quiz: Encore (Part 11),,On which Queen studio album is 'If You Can't Beat Them' found in the original track list?,,,,A Night at the Opera,false
Queen Quiz: Encore (Part 11),,"On the original Sheer Heart Attack track list, what comes immediately before 'Killer Queen'?",Album Tracks,hard,3,Lily of the Valley,false
Queen Quiz: Encore (Part 11),,"On the original Sheer Heart Attack track list, what comes immediately before 'Killer Queen'?",,,,She Makes Me (Stormtrooper in Stilettoes),false
Queen Quiz: Encore (Part 11),,"On the original Sheer Heart Attack track list, what comes immediately before 'Killer Queen'?",,,,Stone Cold Crazy,false
Queen Quiz: Encore (Part 11),,"On the original Sheer Heart Attack track list, what comes immediately before 'Killer Queen'?",,,,Brighton Rock,true
Queen Quiz: Encore (Part 11),,Who wrote the Queen album track 'The Millionaire Waltz'?,Songwriting,hard,3,Freddie Mercury,true
Queen Quiz: Encore (Part 11),,Who wrote the Queen album track 'The Millionaire Waltz'?,,,,Brian May,false
Queen Quiz: Encore (Part 11),,Who wrote the Queen album track 'The Millionaire Waltz'?,,,,Roger Taylor,false
Queen Quiz: Encore (Part 11),,Who wrote the Queen album track 'The Millionaire Waltz'?,,,,John Deacon,false
Queen Quiz: Encore (Part 11),,Which Roger Taylor solo album placed 'My Country I & II' on its original track list?,Solo Projects,hard,3,Strange Frontier,false
Queen Quiz: Encore (Part 11),,Which Roger Taylor solo album placed 'My Country I & II' on its original track list?,,,,Fun in Space,true
Queen Quiz: Encore (Part 11),,Which Roger Taylor solo album placed 'My Country I & II' on its original track list?,,,,Happiness?,false
Queen Quiz: Encore (Part 11),,Which Roger Taylor solo album placed 'My Country I & II' on its original track list?,,,,Electric Fire,false
Queen Quiz: Encore (Part 11),,Who wrote the Queen album track 'Crazy Little Thing Called Love'?,Songwriting,hard,3,Brian May,false
Queen Quiz: Encore (Part 11),,Who wrote the Queen album track 'Crazy Little Thing Called Love'?,,,,Roger Taylor,false
Queen Quiz: Encore (Part 11),,Who wrote the Queen album track 'Crazy Little Thing Called Love'?,,,,Freddie Mercury,true
Queen Quiz: Encore (Part 11),,Who wrote the Queen album track 'Crazy Little Thing Called Love'?,,,,John Deacon,false
Queen Quiz: Encore (Part 11),,Who wrote the Queen album track 'Dear Friends'?,Songwriting,hard,3,Freddie Mercury,false
Queen Quiz: Encore (Part 11),,Who wrote the Queen album track 'Dear Friends'?,,,,Roger Taylor,false
Queen Quiz: Encore (Part 11),,Who wrote the Queen album track 'Dear Friends'?,,,,John Deacon,false
Queen Quiz: Encore (Part 11),,Who wrote the Queen album track 'Dear Friends'?,,,,Brian May,true
Queen Quiz: Encore (Part 11),,Who wrote the Queen album track 'The Prophet's Song'?,Songwriting,hard,3,Brian May,true
Queen Quiz: Encore (Part 11),,Who wrote the Queen album track 'The Prophet's Song'?,,,,Freddie Mercury,false
Queen Quiz: Encore (Part 11),,Who wrote the Queen album track 'The Prophet's Song'?,,,,Roger Taylor,false
Queen Quiz: Encore (Part 11),,Who wrote the Queen album track 'The Prophet's Song'?,,,,John Deacon,false
Queen Quiz: Encore (Part 11),,At which London venue did Freddie Mercury make his surprise 1977 ballet appearance?,Band Members,hard,3,Royal Albert Hall,false
Queen Quiz: Encore (Part 11),,At which London venue did Freddie Mercury make his surprise 1977 ballet appearance?,,,,London Coliseum,true
Queen Quiz: Encore (Part 11),,At which London venue did Freddie Mercury make his surprise 1977 ballet appearance?,,,,Dominion Theatre,false
Queen Quiz: Encore (Part 11),,At which London venue did Freddie Mercury make his surprise 1977 ballet appearance?,,,,Wembley Arena,false
Queen Quiz: Encore (Part 11),,Who sang 'Stone Cold Crazy' with Queen at the 1992 tribute concert?,After Freddie,hard,3,Axl Rose,false
Queen Quiz: Encore (Part 11),,Who sang 'Stone Cold Crazy' with Queen at the 1992 tribute concert?,,,,Roger Daltrey,false
Queen Quiz: Encore (Part 11),,Who sang 'Stone Cold Crazy' with Queen at the 1992 tribute concert?,,,,James Hetfield,true
Queen Quiz: Encore (Part 11),,Who sang 'Stone Cold Crazy' with Queen at the 1992 tribute concert?,,,,Robert Plant,false
Queen Quiz: Encore (Part 11),,Which 2014 Queen collection included a version of 'There Must Be More to Life Than This'?,After Freddie,hard,3,The Miracle,false
Queen Quiz: Encore (Part 11),,Which 2014 Queen collection included a version of 'There Must Be More to Life Than This'?,,,,Greatest Hits II,false
Queen Quiz: Encore (Part 11),,Which 2014 Queen collection included a version of 'There Must Be More to Life Than This'?,,,,Queen at the Beeb,false
Queen Quiz: Encore (Part 11),,Which 2014 Queen collection included a version of 'There Must Be More to Life Than This'?,,,,Queen Forever,true
Queen Quiz: Encore (Part 11),,"On the original Jazz track list, what comes immediately after 'Don't Stop Me Now'?",Album Tracks,hard,3,More of That Jazz,true
Queen Quiz: Encore (Part 11),,"On the original Jazz track list, what comes immediately after 'Don't Stop Me Now'?",,,,Jealousy,false
Queen Quiz: Encore (Part 11),,"On the original Jazz track list, what comes immediately after 'Don't Stop Me Now'?",,,,Bicycle Race,false
Queen Quiz: Encore (Part 11),,"On the original Jazz track list, what comes immediately after 'Don't Stop Me Now'?",,,,Mustapha,false
Queen Quiz: Encore (Part 11),,Which Mr. Bad Guy (Freddie Mercury) track sits between 'Man Made Paradise' and 'Living on My Own'?,Solo Projects,hard,4,Your Kind of Lover,false
Queen Quiz: Encore (Part 11),,Which Mr. Bad Guy (Freddie Mercury) track sits between 'Man Made Paradise' and 'Living on My Own'?,,,,There Must Be More to Life Than This,true
Queen Quiz: Encore (Part 11),,Which Mr. Bad Guy (Freddie Mercury) track sits between 'Man Made Paradise' and 'Living on My Own'?,,,,Love Me Like There's No Tomorrow,false
Queen Quiz: Encore (Part 11),,Which Mr. Bad Guy (Freddie Mercury) track sits between 'Man Made Paradise' and 'Living on My Own'?,,,,Made in Heaven,false
Queen Quiz: Encore (Part 11),,"On the original Happiness? (Roger Taylor) track list, what comes immediately after 'Happiness?'?",Solo Projects,hard,4,Loneliness...,false
Queen Quiz: Encore (Part 11),,"On the original Happiness? (Roger Taylor) track list, what comes immediately after 'Happiness?'?",,,,You Had to Be There,false
Queen Quiz: Encore (Part 11),,"On the original Happiness? (Roger Taylor) track list, what comes immediately after 'Happiness?'?",,,,Revelations,true
Queen Quiz: Encore (Part 11),,"On the original Happiness? (Roger Taylor) track list, what comes immediately after 'Happiness?'?",,,,The Key,false
Queen Quiz: Encore (Part 11),,"On the original Mr. Bad Guy (Freddie Mercury) track list, what comes immediately after 'I Was Born to Love You'?",Solo Projects,hard,4,Man Made Paradise,false
Queen Quiz: Encore (Part 11),,"On the original Mr. Bad Guy (Freddie Mercury) track list, what comes immediately after 'I Was Born to Love You'?",,,,Love Me Like There's No Tomorrow,false
Queen Quiz: Encore (Part 11),,"On the original Mr. Bad Guy (Freddie Mercury) track list, what comes immediately after 'I Was Born to Love You'?",,,,There Must Be More to Life Than This,false
Queen Quiz: Encore (Part 11),,"On the original Mr. Bad Guy (Freddie Mercury) track list, what comes immediately after 'I Was Born to Love You'?",,,,Foolin' Around,true
Queen Quiz: Encore (Part 11),,Which Sheer Heart Attack track sits between 'Tenement Funster' and 'Lily of the Valley'?,Album Tracks,hard,4,Flick of the Wrist,true
Queen Quiz: Encore (Part 11),,Which Sheer Heart Attack track sits between 'Tenement Funster' and 'Lily of the Valley'?,,,,Misfire,false
Queen Quiz: Encore (Part 11),,Which Sheer Heart Attack track sits between 'Tenement Funster' and 'Lily of the Valley'?,,,,Killer Queen,false
Queen Quiz: Encore (Part 11),,Which Sheer Heart Attack track sits between 'Tenement Funster' and 'Lily of the Valley'?,,,,In the Lap of the Gods,false
Queen Quiz: Encore (Part 12),"25 new Queen questions spanning the albums, solo projects, band members, and the years after Freddie.",Which Queen studio album has both 'I Want It All' and 'The Invisible Man' on its original track list?,Albums,easy,1,The Miracle,true
Queen Quiz: Encore (Part 12),,Which Queen studio album has both 'I Want It All' and 'The Invisible Man' on its original track list?,,,,The Works,false
Queen Quiz: Encore (Part 12),,Which Queen studio album has both 'I Want It All' and 'The Invisible Man' on its original track list?,,,,Jazz,false
Queen Quiz: Encore (Part 12),,Which Queen studio album has both 'I Want It All' and 'The Invisible Man' on its original track list?,,,,Innuendo,false
Queen Quiz: Encore (Part 12),,On which Queen studio album is 'Jealousy' found in the original track list?,Albums,easy,1,News of the World,false
Queen Quiz: Encore (Part 12),,On which Queen studio album is 'Jealousy' found in the original track list?,,,,Jazz,true
Queen Quiz: Encore (Part 12),,On which Queen studio album is 'Jealousy' found in the original track list?,,,,The Miracle,false
Queen Quiz: Encore (Part 12),,On which Queen studio album is 'Jealousy' found in the original track list?,,,,A Night at the Opera,false
Queen Quiz: Encore (Part 12),,Which Queen studio album has both 'Brighton Rock' and 'Killer Queen' on its original track list?,Albums,easy,1,The Game,false
Queen Quiz: Encore (Part 12),,Which Queen studio album has both 'Brighton Rock' and 'Killer Queen' on its original track list?,,,,Queen II,false
Queen Quiz: Encore (Part 12),,Which Queen studio album has both 'Brighton Rock' and 'Killer Queen' on its original track list?,,,,Sheer Heart Attack,true
Queen Quiz: Encore (Part 12),,Which Queen studio album has both 'Brighton Rock' and 'Killer Queen' on its original track list?,,,,The Works,false
Queen Quiz: Encore (Part 12),,"On the original The Miracle track list, what comes immediately after 'Khashoggi's Ship'?",Album Tracks,medium,2,Was It All Worth It,false
Queen Quiz: Encore (Part 12),,"On the original The Miracle track list, what comes immediately after 'Khashoggi's Ship'?",,,,The Invisible Man,false
Queen Quiz: Encore (Part 12),,"On the original The Miracle track list, what comes immediately after 'Khashoggi's Ship'?",,,,Scandal,false
Queen Quiz: Encore (Part 12),,"On the original The Miracle track list, what comes immediately after 'Khashoggi's Ship'?",,,,The Miracle,true
Queen Quiz: Encore (Part 12),,Which previously omitted song was restored to the 2024 'Queen I' running order?,After Freddie,medium,2,Mad the Swine,true
Queen Quiz: Encore (Part 12),,Which previously omitted song was restored to the 2024 'Queen I' running order?,,,,See What a Fool I've Been,false
Queen Quiz: Encore (Part 12),,Which previously omitted song was restored to the 2024 'Queen I' running order?,,,,Polar Bear,false
Queen Quiz: Encore (Part 12),,Which previously omitted song was restored to the 2024 'Queen I' running order?,,,,A Human Body,false
Queen Quiz: Encore (Part 12),,Which Queen studio album has both 'Dead on Time' and 'In Only Seven Days' on its original track list?,Albums,medium,2,Innuendo,false
Queen Quiz: Encore (Part 12),,Which Queen studio album has both 'Dead on Time' and 'In Only Seven Days' on its original track list?,,,,Jazz,true
Queen Quiz: Encore (Part 12),,Which Queen studio album has both 'Dead on Time' and 'In Only Seven Days' on its original track list?,,,,Sheer Heart Attack,false
Queen Quiz: Encore (Part 12),,Which Queen studio album has both 'Dead on Time' and 'In Only Seven Days' on its original track list?,,,,A Day at the Races,false
Queen Quiz: Encore (Part 12),,"On the original Innuendo track list, what comes immediately after 'I'm Going Slightly Mad'?",Album Tracks,medium,2,The Hitman,false
Queen Quiz: Encore (Part 12),,"On the original Innuendo track list, what comes immediately after 'I'm Going Slightly Mad'?",,,,All God's People,false
Queen Quiz: Encore (Part 12),,"On the original Innuendo track list, what comes immediately after 'I'm Going Slightly Mad'?",,,,Headlong,true
Queen Quiz: Encore (Part 12),,"On the original Innuendo track list, what comes immediately after 'I'm Going Slightly Mad'?",,,,These Are the Days of Our Lives,false
Queen Quiz: Encore (Part 12),,In which month of 1992 was the Freddie Mercury Tribute Concert held?,After Freddie,medium,2,March,false
Queen Quiz: Encore (Part 12),,In which month of 1992 was the Freddie Mercury Tribute Concert held?,,,,June,false
Queen Quiz: Encore (Part 12),,In which month of 1992 was the Freddie Mercury Tribute Concert held?,,,,September,false
Queen Quiz: Encore (Part 12),,In which month of 1992 was the Freddie Mercury Tribute Concert held?,,,,April,true
Queen Quiz: Encore (Part 12),,Who performed 'Crazy Little Thing Called Love' with Queen at the 1992 tribute concert?,After Freddie,medium,2,Robert Plant,true
Queen Quiz: Encore (Part 12),,Who performed 'Crazy Little Thing Called Love' with Queen at the 1992 tribute concert?,,,,Paul Young,false
Queen Quiz: Encore (Part 12),,Who performed 'Crazy Little Thing Called Love' with Queen at the 1992 tribute concert?,,,,Seal,false
Queen Quiz: Encore (Part 12),,Who performed 'Crazy Little Thing Called Love' with Queen at the 1992 tribute concert?,,,,Zucchero,false
Queen Quiz: Encore (Part 12),,Which 2014 Queen compilation introduced a ballad arrangement of Freddie's 'Love Kills'?,After Freddie,medium,2,Queen Rocks,false
Queen Quiz: Encore (Part 12),,Which 2014 Queen compilation introduced a ballad arrangement of Freddie's 'Love Kills'?,,,,Queen Forever,true
Queen Quiz: Encore (Part 12),,Which 2014 Queen compilation introduced a ballad arrangement of Freddie's 'Love Kills'?,,,,Greatest Hits III,false
Queen Quiz: Encore (Part 12),,Which 2014 Queen compilation introduced a ballad arrangement of Freddie's 'Love Kills'?,,,,The Platinum Collection,false
Queen Quiz: Encore (Part 12),,On which Queen studio album is 'Coming Soon' found in the original track list?,Albums,medium,2,Queen,false
Queen Quiz: Encore (Part 12),,On which Queen studio album is 'Coming Soon' found in the original track list?,,,,The Works,false
Queen Quiz: Encore (Part 12),,On which Queen studio album is 'Coming Soon' found in the original track list?,,,,The Game,true
Queen Quiz: Encore (Part 12),,On which Queen studio album is 'Coming Soon' found in the original track list?,,,,News of the World,false
Queen Quiz: Encore (Part 12),,"On the original The Game track list, what comes immediately after 'Rock It (Prime Jive)'?",Album Tracks,hard,3,Sail Away Sweet Sister,false
Queen Quiz: Encore (Part 12),,"On the original The Game track list, what comes immediately after 'Rock It (Prime Jive)'?",,,,Need Your Loving Tonight,false
Queen Quiz: Encore (Part 12),,"On the original The Game track list, what comes immediately after 'Rock It (Prime Jive)'?",,,,Coming Soon,false
Queen Quiz: Encore (Part 12),,"On the original The Game track list, what comes immediately after 'Rock It (Prime Jive)'?",,,,Don't Try Suicide,true
Queen Quiz: Encore (Part 12),,Who wrote the Queen album track 'Rock It (Prime Jive)'?,Songwriting,hard,3,Roger Taylor,true
Queen Quiz: Encore (Part 12),,Who wrote the Queen album track 'Rock It (Prime Jive)'?,,,,Brian May,false
Queen Quiz: Encore (Part 12),,Who wrote the Queen album track 'Rock It (Prime Jive)'?,,,,Freddie Mercury,false
Queen Quiz: Encore (Part 12),,Who wrote the Queen album track 'Rock It (Prime Jive)'?,,,,John Deacon,false
Queen Quiz: Encore (Part 12),,"On the original The Miracle track list, what comes immediately before 'Breakthru'?",Album Tracks,hard,3,Was It All Worth It,false
Queen Quiz: Encore (Part 12),,"On the original The Miracle track list, what comes immediately before 'Breakthru'?",,,,The Invisible Man,true
Queen Quiz: Encore (Part 12),,"On the original The Miracle track list, what comes immediately before 'Breakthru'?",,,,Party,false
Queen Quiz: Encore (Part 12),,"On the original The Miracle track list, what comes immediately before 'Breakthru'?",,,,Rain Must Fall,false
Queen Quiz: Encore (Part 12),,"On the original Sheer Heart Attack track list, what comes immediately before 'Stone Cold Crazy'?",Album Tracks,hard,3,Tenement Funster,false
Queen Quiz: Encore (Part 12),,"On the original Sheer Heart Attack track list, what comes immediately before 'Stone Cold Crazy'?",,,,Killer Queen,false
Queen Quiz: Encore (Part 12),,"On the original Sheer Heart Attack track list, what comes immediately before 'Stone Cold Crazy'?",,,,In the Lap of the Gods,true
Queen Quiz: Encore (Part 12),,"On the original Sheer Heart Attack track list, what comes immediately before 'Stone Cold Crazy'?",,,,Dear Friends,false
Queen Quiz: Encore (Part 12),,Which Bruce Springsteen song did Roger Taylor cover on 'Strange Frontier'?,Solo Projects,hard,3,Born to Run,false
Queen Quiz: Encore (Part 12),,Which Bruce Springsteen song did Roger Taylor cover on 'Strange Frontier'?,,,,Dancing in the Dark,false
Queen Quiz: Encore (Part 12),,Which Bruce Springsteen song did Roger Taylor cover on 'Strange Frontier'?,,,,Thunder Road,false
Queen Quiz: Encore (Part 12),,Which Bruce Springsteen song did Roger Taylor cover on 'Strange Frontier'?,,,,Racing in the Street,true
Queen Quiz: Encore (Part 12),,"On the original The Miracle track list, what comes immediately after 'Breakthru'?",Album Tracks,hard,3,Rain Must Fall,true
Queen Quiz: Encore (Part 12),,"On the original The Miracle track list, what comes immediately after 'Breakthru'?",,,,Scandal,false
Queen Quiz: Encore (Part 12),,"On the original The Miracle track list, what comes immediately after 'Breakthru'?",,,,I Want It All,false
Queen Quiz: Encore (Part 12),,"On the original The Miracle track list, what comes immediately after 'Breakthru'?",,,,My Baby Does Me,false
Queen Quiz: Encore (Part 12),,"On the original Queen track list, what comes immediately after 'Jesus'?",Album Tracks,hard,3,Keep Yourself Alive,false
Queen Quiz: Encore (Part 12),,"On the original Queen track list, what comes immediately after 'Jesus'?",,,,Seven Seas of Rhye (instrumental),true
Queen Quiz: Encore (Part 12),,"On the original Queen track list, what comes immediately after 'Jesus'?",,,,Modern Times Rock 'n' Roll,false
Queen Quiz: Encore (Part 12),,"On the original Queen track list, what comes immediately after 'Jesus'?",,,,Liar,false
Queen Quiz: Encore (Part 12),,Who wrote the Queen album track 'Hammer to Fall'?,Songwriting,hard,3,Freddie Mercury,false
Queen Quiz: Encore (Part 12),,Who wrote the Queen album track 'Hammer to Fall'?,,,,Roger Taylor,false
Queen Quiz: Encore (Part 12),,Who wrote the Queen album track 'Hammer to Fall'?,,,,Brian May,true
Queen Quiz: Encore (Part 12),,Who wrote the Queen album track 'Hammer to Fall'?,,,,John Deacon,false
Queen Quiz: Encore (Part 12),,"On the original A Day at the Races track list, what comes immediately before 'Somebody to Love'?",Album Tracks,hard,3,Teo Torriatte (Let Us Cling Together),false
Queen Quiz: Encore (Part 12),,"On the original A Day at the Races track list, what comes immediately before 'Somebody to Love'?",,,,Tie Your Mother Down,false
Queen Quiz: Encore (Part 12),,"On the original A Day at the Races track list, what comes immediately before 'Somebody to Love'?",,,,White Man,false
Queen Quiz: Encore (Part 12),,"On the original A Day at the Races track list, what comes immediately before 'Somebody to Love'?",,,,You and I,true
Queen Quiz: Encore (Part 12),,"On the original Queen II track list, what comes immediately before 'Father to Son'?",Album Tracks,hard,3,Procession,true
Queen Quiz: Encore (Part 12),,"On the original Queen II track list, what comes immediately before 'Father to Son'?",,,,The Loser in the End,false
Queen Quiz: Encore (Part 12),,"On the original Queen II track list, what comes immediately before 'Father to Son'?",,,,Nevermore,false
Queen Quiz: Encore (Part 12),,"On the original Queen II track list, what comes immediately before 'Father to Son'?",,,,Some Day One Day,false
Queen Quiz: Encore (Part 12),,"On the original Barcelona (Freddie Mercury and Montserrat Caballé) track list, what comes immediately before 'The Fallen Priest'?",Solo Projects,hard,4,Overture Piccante,false
Queen Quiz: Encore (Part 12),,"On the original Barcelona (Freddie Mercury and Montserrat Caballé) track list, what comes immediately before 'The Fallen Priest'?",,,,La Japonaise,true
Queen Quiz: Encore (Part 12),,"On the original Barcelona (Freddie Mercury and Montserrat Caballé) track list, what comes immediately before 'The Fallen Priest'?",,,,Guide Me Home,false
Queen Quiz: Encore (Part 12),,"On the original Barcelona (Freddie Mercury and Montserrat Caballé) track list, what comes immediately before 'The Fallen Priest'?",,,,Ensueño,false
Queen Quiz: Encore (Part 12),,Which Queen II track sits between 'Father to Son' and 'Some Day One Day'?,Album Tracks,hard,4,The Loser in the End,false
Queen Quiz: Encore (Part 12),,Which Queen II track sits between 'Father to Son' and 'Some Day One Day'?,,,,Procession,false
Queen Quiz: Encore (Part 12),,Which Queen II track sits between 'Father to Son' and 'Some Day One Day'?,,,,White Queen (As It Began),true
Queen Quiz: Encore (Part 12),,Which Queen II track sits between 'Father to Son' and 'Some Day One Day'?,,,,The Fairy Feller's Master-Stroke,false
Queen Quiz: Encore (Part 12),,"On the original Mr. Bad Guy (Freddie Mercury) track list, what comes immediately after 'Foolin' Around'?",Solo Projects,hard,4,Made in Heaven,false
Queen Quiz: Encore (Part 12),,"On the original Mr. Bad Guy (Freddie Mercury) track list, what comes immediately after 'Foolin' Around'?",,,,Mr. Bad Guy,false
Queen Quiz: Encore (Part 12),,"On the original Mr. Bad Guy (Freddie Mercury) track list, what comes immediately after 'Foolin' Around'?",,,,I Was Born to Love You,false
Queen Quiz: Encore (Part 12),,"On the original Mr. Bad Guy (Freddie Mercury) track list, what comes immediately after 'Foolin' Around'?",,,,Your Kind of Lover,true
Queen Quiz: Encore (Part 12),,"On the original Mr. Bad Guy (Freddie Mercury) track list, what comes immediately after 'There Must Be More to Life Than This'?",Solo Projects,hard,4,Living on My Own,true
Queen Quiz: Encore (Part 12),,"On the original Mr. Bad Guy (Freddie Mercury) track list, what comes immediately after 'There Must Be More to Life Than This'?",,,,I Was Born to Love You,false
Queen Quiz: Encore (Part 12),,"On the original Mr. Bad Guy (Freddie Mercury) track list, what comes immediately after 'There Must Be More to Life Than This'?",,,,Made in Heaven,false
Queen Quiz: Encore (Part 12),,"On the original Mr. Bad Guy (Freddie Mercury) track list, what comes immediately after 'There Must Be More to Life Than This'?",,,,Mr. Bad Guy,false
Queen Quiz: Encore (Part 13),"25 new Queen questions spanning the albums, solo projects, band members, and the years after Freddie.",Which track opens the original The Game album?,Albums,easy,1,Play the Game,true
Queen Quiz: Encore (Part 13),,Which track opens the original The Game album?,,,,One Vision,false
Queen Quiz: Encore (Part 13),,Which track opens the original The Game album?,,,,Princes of the Universe,false
Queen Quiz: Encore (Part 13),,Which track opens the original The Game album?,,,,Radio Ga Ga,false
Queen Quiz: Encore (Part 13),,What new title did Queen give the 2024 remix of their debut album?,After Freddie,easy,1,Queen Reborn,false
Queen Quiz: Encore (Part 13),,What new title did Queen give the 2024 remix of their debut album?,,,,Queen I,true
Queen Quiz: Encore (Part 13),,What new title did Queen give the 2024 remix of their debut album?,,,,Queen 1973,false
Queen Quiz: Encore (Part 13),,What new title did Queen give the 2024 remix of their debut album?,,,,The First Queen,false
Queen Quiz: Encore (Part 13),,Which Queen studio album has both 'My Fairy King' and 'Liar' on its original track list?,Albums,easy,1,The Works,false
Queen Quiz: Encore (Part 13),,Which Queen studio album has both 'My Fairy King' and 'Liar' on its original track list?,,,,Sheer Heart Attack,false
Queen Quiz: Encore (Part 13),,Which Queen studio album has both 'My Fairy King' and 'Liar' on its original track list?,,,,Queen,true
Queen Quiz: Encore (Part 13),,Which Queen studio album has both 'My Fairy King' and 'Liar' on its original track list?,,,,News of the World,false
Queen Quiz: Encore (Part 13),,On which Queen studio album is 'Jesus' found in the original track list?,Albums,medium,2,The Miracle,false
Queen Quiz: Encore (Part 13),,On which Queen studio album is 'Jesus' found in the original track list?,,,,A Kind of Magic,false
Queen Quiz: Encore (Part 13),,On which Queen studio album is 'Jesus' found in the original track list?,,,,A Night at the Opera,false
Queen Quiz: Encore (Part 13),,On which Queen studio album is 'Jesus' found in the original track list?,,,,Queen,true
Queen Quiz: Encore (Part 13),,Which Queen studio album has both 'The Invisible Man' and 'Breakthru' on its original track list?,Albums,medium,2,The Miracle,true
Queen Quiz: Encore (Part 13),,Which Queen studio album has both 'The Invisible Man' and 'Breakthru' on its original track list?,,,,The Works,false
Queen Quiz: Encore (Part 13),,Which Queen studio album has both 'The Invisible Man' and 'Breakthru' on its original track list?,,,,The Game,false
Queen Quiz: Encore (Part 13),,Which Queen studio album has both 'The Invisible Man' and 'Breakthru' on its original track list?,,,,A Day at the Races,false
Queen Quiz: Encore (Part 13),,On which Queen studio album is 'Princes of the Universe' found in the original track list?,Albums,medium,2,The Miracle,false
Queen Quiz: Encore (Part 13),,On which Queen studio album is 'Princes of the Universe' found in the original track list?,,,,A Kind of Magic,true
Queen Quiz: Encore (Part 13),,On which Queen studio album is 'Princes of the Universe' found in the original track list?,,,,Jazz,false
Queen Quiz: Encore (Part 13),,On which Queen studio album is 'Princes of the Universe' found in the original track list?,,,,The Game,false
Queen Quiz: Encore (Part 13),,Which track closes the original A Day at the Races album?,Albums,medium,2,Mustapha,false
Queen Quiz: Encore (Part 13),,Which track closes the original A Day at the Races album?,,,,Seven Seas of Rhye,false
Queen Quiz: Encore (Part 13),,Which track closes the original A Day at the Races album?,,,,Teo Torriatte (Let Us Cling Together),true
Queen Quiz: Encore (Part 13),,Which track closes the original A Day at the Races album?,,,,Radio Ga Ga,false
Queen Quiz: Encore (Part 13),,Which track opens the original Hot Space album?,Albums,medium,2,Is This the World We Created...?,false
Queen Quiz: Encore (Part 13),,Which track opens the original Hot Space album?,,,,Death on Two Legs,false
Queen Quiz: Encore (Part 13),,Which track opens the original Hot Space album?,,,,The Show Must Go On,false
Queen Quiz: Encore (Part 13),,Which track opens the original Hot Space album?,,,,Staying Power,true
Queen Quiz: Encore (Part 13),,Which Queen studio album has both 'In the Lap of the Gods' and 'Stone Cold Crazy' on its original track list?,Albums,medium,2,Sheer Heart Attack,true
Queen Quiz: Encore (Part 13),,Which Queen studio album has both 'In the Lap of the Gods' and 'Stone Cold Crazy' on its original track list?,,,,Jazz,false
Queen Quiz: Encore (Part 13),,Which Queen studio album has both 'In the Lap of the Gods' and 'Stone Cold Crazy' on its original track list?,,,,Queen,false
Queen Quiz: Encore (Part 13),,Which Queen studio album has both 'In the Lap of the Gods' and 'Stone Cold Crazy' on its original track list?,,,,The Game,false
Queen Quiz: Encore (Part 13),,Which Queen studio album has both 'You and I' and 'Somebody to Love' on its original track list?,Albums,medium,2,Jazz,false
Queen Quiz: Encore (Part 13),,Which Queen studio album has both 'You and I' and 'Somebody to Love' on its original track list?,,,,A Day at the Races,true
Queen Quiz: Encore (Part 13),,Which Queen studio album has both 'You and I' and 'Somebody to Love' on its original track list?,,,,Queen II,false
Queen Quiz: Encore (Part 13),,Which Queen studio album has both 'You and I' and 'Somebody to Love' on its original track list?,,,,News of the World,false
Queen Quiz: Encore (Part 13),,On which Queen studio album is 'Calling All Girls' found in the original track list?,Albums,medium,2,A Night at the Opera,false
Queen Quiz: Encore (Part 13),,On which Queen studio album is 'Calling All Girls' found in the original track list?,,,,Sheer Heart Attack,false
Queen Quiz: Encore (Part 13),,On which Queen studio album is 'Calling All Girls' found in the original track list?,,,,Hot Space,true
Queen Quiz: Encore (Part 13),,On which Queen studio album is 'Calling All Girls' found in the original track list?,,,,The Miracle,false
Queen Quiz: Encore (Part 13),,"On the original The Works track list, what comes immediately after 'Keep Passing the Open Windows'?",Album Tracks,hard,3,Machines (or Back to Humans),false
Queen Quiz: Encore (Part 13),,"On the original The Works track list, what comes immediately after 'Keep Passing the Open Windows'?",,,,Man on the Prowl,false
Queen Quiz: Encore (Part 13),,"On the original The Works track list, what comes immediately after 'Keep Passing the Open Windows'?",,,,It's a Hard Life,false
Queen Quiz: Encore (Part 13),,"On the original The Works track list, what comes immediately after 'Keep Passing the Open Windows'?",,,,Hammer to Fall,true
Queen Quiz: Encore (Part 13),,"On the original Sheer Heart Attack track list, what comes immediately before 'In the Lap of the Gods... Revisited'?",Album Tracks,hard,3,She Makes Me (Stormtrooper in Stilettoes),true
Queen Quiz: Encore (Part 13),,"On the original Sheer Heart Attack track list, what comes immediately before 'In the Lap of the Gods... Revisited'?",,,,Brighton Rock,false
Queen Quiz: Encore (Part 13),,"On the original Sheer Heart Attack track list, what comes immediately before 'In the Lap of the Gods... Revisited'?",,,,Lily of the Valley,false
Queen Quiz: Encore (Part 13),,"On the original Sheer Heart Attack track list, what comes immediately before 'In the Lap of the Gods... Revisited'?",,,,Bring Back That Leroy Brown,false
Queen Quiz: Encore (Part 13),,"On the original A Kind of Magic track list, what comes immediately before 'A Kind of Magic'?",Album Tracks,hard,3,Pain Is So Close to Pleasure,false
Queen Quiz: Encore (Part 13),,"On the original A Kind of Magic track list, what comes immediately before 'A Kind of Magic'?",,,,One Vision,true
Queen Quiz: Encore (Part 13),,"On the original A Kind of Magic track list, what comes immediately before 'A Kind of Magic'?",,,,Don't Lose Your Head,false
Queen Quiz: Encore (Part 13),,"On the original A Kind of Magic track list, what comes immediately before 'A Kind of Magic'?",,,,Gimme the Prize (Kurgan's Theme),false
Queen Quiz: Encore (Part 13),,Which track opens the original Fun in Space (Roger Taylor) album?,Solo Projects,hard,3,Another World,false
Queen Quiz: Encore (Part 13),,Which track opens the original Fun in Space (Roger Taylor) album?,,,,Let's Turn It On,false
Queen Quiz: Encore (Part 13),,Which track opens the original Fun in Space (Roger Taylor) album?,,,,No Violins,true
Queen Quiz: Encore (Part 13),,Which track opens the original Fun in Space (Roger Taylor) album?,,,,The Dark,false
Queen Quiz: Encore (Part 13),,Who wrote the Queen album track 'Spread Your Wings'?,Songwriting,hard,3,Brian May,false
Queen Quiz: Encore (Part 13),,Who wrote the Queen album track 'Spread Your Wings'?,,,,Freddie Mercury,false
Queen Quiz: Encore (Part 13),,Who wrote the Queen album track 'Spread Your Wings'?,,,,Roger Taylor,false
Queen Quiz: Encore (Part 13),,Who wrote the Queen album track 'Spread Your Wings'?,,,,John Deacon,true
Queen Quiz: Encore (Part 13),,Who wrote the Queen album track 'Now I'm Here'?,Songwriting,hard,3,Brian May,true
Queen Quiz: Encore (Part 13),,Who wrote the Queen album track 'Now I'm Here'?,,,,Freddie Mercury,false
Queen Quiz: Encore (Part 13),,Who wrote the Queen album track 'Now I'm Here'?,,,,Roger Taylor,false
Queen Quiz: Encore (Part 13),,Who wrote the Queen album track 'Now I'm Here'?,,,,John Deacon,false
Queen Quiz: Encore (Part 13),,"On the original Hot Space track list, what comes immediately before 'Calling All Girls'?",Album Tracks,hard,3,Back Chat,false
Queen Quiz: Encore (Part 13),,"On the original Hot Space track list, what comes immediately before 'Calling All Girls'?",,,,Life Is Real (Song for Lennon),true
Queen Quiz: Encore (Part 13),,"On the original Hot Space track list, what comes immediately before 'Calling All Girls'?",,,,Dancer,false
Queen Quiz: Encore (Part 13),,"On the original Hot Space track list, what comes immediately before 'Calling All Girls'?",,,,Put Out the Fire,false
Queen Quiz: Encore (Part 13),,Which Extreme singer performed 'Hammer to Fall' with Queen at the 1992 tribute concert?,After Freddie,hard,3,Joe Elliott,false
Queen Quiz: Encore (Part 13),,Which Extreme singer performed 'Hammer to Fall' with Queen at the 1992 tribute concert?,,,,James Hetfield,false
Queen Quiz: Encore (Part 13),,Which Extreme singer performed 'Hammer to Fall' with Queen at the 1992 tribute concert?,,,,Gary Cherone,true
Queen Quiz: Encore (Part 13),,Which Extreme singer performed 'Hammer to Fall' with Queen at the 1992 tribute concert?,,,,Ian Hunter,false
Queen Quiz: Encore (Part 13),,"On the original The Game track list, what comes immediately before 'Don't Try Suicide'?",Album Tracks,hard,3,Need Your Loving Tonight,false
Queen Quiz: Encore (Part 13),,"On the original The Game track list, what comes immediately before 'Don't Try Suicide'?",,,,Crazy Little Thing Called Love,false
Queen Quiz: Encore (Part 13),,"On the original The Game track list, what comes immediately before 'Don't Try Suicide'?",,,,Coming Soon,false
Queen Quiz: Encore (Part 13),,"On the original The Game track list, what comes immediately before 'Don't Try Suicide'?",,,,Rock It (Prime Jive),true
Queen Quiz: Encore (Part 13),,Who wrote the Queen album track 'Back Chat'?,Songwriting,hard,3,John Deacon,true
Queen Quiz: Encore (Part 13),,Who wrote the Queen album track 'Back Chat'?,,,,Brian May,false
Queen Quiz: Encore (Part 13),,Who wrote the Queen album track 'Back Chat'?,,,,Freddie Mercury,false
Queen Quiz: Encore (Part 13),,Who wrote the Queen album track 'Back Chat'?,,,,Roger Taylor,false
Queen Quiz: Encore (Part 13),,"On the original Electric Fire (Roger Taylor) track list, what comes immediately before 'London Town, C'mon Down'?",Solo Projects,hard,4,No More Fun,false
Queen Quiz: Encore (Part 13),,"On the original Electric Fire (Roger Taylor) track list, what comes immediately before 'London Town, C'mon Down'?",,,,Working Class Hero,true
Queen Quiz: Encore (Part 13),,"On the original Electric Fire (Roger Taylor) track list, what comes immediately before 'London Town, C'mon Down'?",,,,People on Streets,false
Queen Quiz: Encore (Part 13),,"On the original Electric Fire (Roger Taylor) track list, what comes immediately before 'London Town, C'mon Down'?",,,,Where Are You Now?,false
Queen Quiz: Encore (Part 13),,"On the original Strange Frontier (Roger Taylor) track list, what comes immediately after 'Masters of War'?",Solo Projects,hard,4,Racing in the Street,false
Queen Quiz: Encore (Part 13),,"On the original Strange Frontier (Roger Taylor) track list, what comes immediately after 'Masters of War'?",,,,Strange Frontier,false
Queen Quiz: Encore (Part 13),,"On the original Strange Frontier (Roger Taylor) track list, what comes immediately after 'Masters of War'?",,,,Abandonfire,true
Queen Quiz: Encore (Part 13),,"On the original Strange Frontier (Roger Taylor) track list, what comes immediately after 'Masters of War'?",,,,Killing Time,false
Queen Quiz: Encore (Part 13),,"On the original Mr. Bad Guy (Freddie Mercury) track list, what comes immediately before 'Living on My Own'?",Solo Projects,hard,4,Your Kind of Lover,false
Queen Quiz: Encore (Part 13),,"On the original Mr. Bad Guy (Freddie Mercury) track list, what comes immediately before 'Living on My Own'?",,,,Foolin' Around,false
Queen Quiz: Encore (Part 13),,"On the original Mr. Bad Guy (Freddie Mercury) track list, what comes immediately before 'Living on My Own'?",,,,My Love Is Dangerous,false
Queen Quiz: Encore (Part 13),,"On the original Mr. Bad Guy (Freddie Mercury) track list, what comes immediately before 'Living on My Own'?",,,,There Must Be More to Life Than This,true
Queen Quiz: Encore (Part 13),,"On the original Strange Frontier (Roger Taylor) track list, what comes immediately before 'Young Love'?",Solo Projects,hard,4,Killing Time,true
Queen Quiz: Encore (Part 13),,"On the original Strange Frontier (Roger Taylor) track list, what comes immediately before 'Young Love'?",,,,Man on Fire,false
Queen Quiz: Encore (Part 13),,"On the original Strange Frontier (Roger Taylor) track list, what comes immediately before 'Young Love'?",,,,Abandonfire,false
Queen Quiz: Encore (Part 13),,"On the original Strange Frontier (Roger Taylor) track list, what comes immediately before 'Young Love'?",,,,Strange Frontier,false
Queen Quiz: Encore (Part 14),"25 new Queen questions spanning the albums, solo projects, band members, and the years after Freddie.",On which Queen studio album is 'Dancer' found in the original track list?,Albums,easy,1,Hot Space,true
Queen Quiz: Encore (Part 14),,On which Queen studio album is 'Dancer' found in the original track list?,,,,News of the World,false
Queen Quiz: Encore (Part 14),,On which Queen studio album is 'Dancer' found in the original track list?,,,,A Day at the Races,false
Queen Quiz: Encore (Part 14),,On which Queen studio album is 'Dancer' found in the original track list?,,,,A Kind of Magic,false
Queen Quiz: Encore (Part 14),,Which Queen studio album has both 'White Queen (As It Began)' and 'Some Day One Day' on its original track list?,Albums,easy,1,Innuendo,false
Queen Quiz: Encore (Part 14),,Which Queen studio album has both 'White Queen (As It Began)' and 'Some Day One Day' on its original track list?,,,,Queen II,true
Queen Quiz: Encore (Part 14),,Which Queen studio album has both 'White Queen (As It Began)' and 'Some Day One Day' on its original track list?,,,,A Night at the Opera,false
Queen Quiz: Encore (Part 14),,Which Queen studio album has both 'White Queen (As It Began)' and 'Some Day One Day' on its original track list?,,,,News of the World,false
Queen Quiz: Encore (Part 14),,On which Queen studio album is 'The Miracle' found in the original track list?,Albums,easy,1,A Kind of Magic,false
Queen Quiz: Encore (Part 14),,On which Queen studio album is 'The Miracle' found in the original track list?,,,,The Works,false
Queen Quiz: Encore (Part 14),,On which Queen studio album is 'The Miracle' found in the original track list?,,,,The Miracle,true
Queen Quiz: Encore (Part 14),,On which Queen studio album is 'The Miracle' found in the original track list?,,,,Sheer Heart Attack,false
Queen Quiz: Encore (Part 14),,"On the original The Game track list, what comes immediately after 'Need Your Loving Tonight'?",Album Tracks,medium,2,Dragon Attack,false
Queen Quiz: Encore (Part 14),,"On the original The Game track list, what comes immediately after 'Need Your Loving Tonight'?",,,,Don't Try Suicide,false
Queen Quiz: Encore (Part 14),,"On the original The Game track list, what comes immediately after 'Need Your Loving Tonight'?",,,,Sail Away Sweet Sister,false
Queen Quiz: Encore (Part 14),,"On the original The Game track list, what comes immediately after 'Need Your Loving Tonight'?",,,,Crazy Little Thing Called Love,true
Queen Quiz: Encore (Part 14),,"On the original Innuendo track list, what comes immediately after 'Don't Try So Hard'?",Album Tracks,medium,2,Ride the Wild Wind,true
Queen Quiz: Encore (Part 14),,"On the original Innuendo track list, what comes immediately after 'Don't Try So Hard'?",,,,I Can't Live with You,false
Queen Quiz: Encore (Part 14),,"On the original Innuendo track list, what comes immediately after 'Don't Try So Hard'?",,,,Innuendo,false
Queen Quiz: Encore (Part 14),,"On the original Innuendo track list, what comes immediately after 'Don't Try So Hard'?",,,,Bijou,false
Queen Quiz: Encore (Part 14),,Which 2020 album was the first live release by Queen + Adam Lambert?,After Freddie,medium,2,Return of the Champions,false
Queen Quiz: Encore (Part 14),,Which 2020 album was the first live release by Queen + Adam Lambert?,,,,Live Around the World,true
Queen Quiz: Encore (Part 14),,Which 2020 album was the first live release by Queen + Adam Lambert?,,,,Live Magic,false
Queen Quiz: Encore (Part 14),,Which 2020 album was the first live release by Queen + Adam Lambert?,,,,Queen Rock Montreal,false
Queen Quiz: Encore (Part 14),,What was John Deacon's father's first name?,Band Members,medium,2,Bomi,false
Queen Quiz: Encore (Part 14),,What was John Deacon's father's first name?,,,,Harold,false
Queen Quiz: Encore (Part 14),,What was John Deacon's father's first name?,,,,Arthur,true
Queen Quiz: Encore (Part 14),,What was John Deacon's father's first name?,,,,Jim,false
Queen Quiz: Encore (Part 14),,"On the original Queen II track list, what comes immediately after 'Father to Son'?",Album Tracks,medium,2,Funny How Love Is,false
Queen Quiz: Encore (Part 14),,"On the original Queen II track list, what comes immediately after 'Father to Son'?",,,,The Fairy Feller's Master-Stroke,false
Queen Quiz: Encore (Part 14),,"On the original Queen II track list, what comes immediately after 'Father to Son'?",,,,Nevermore,false
Queen Quiz: Encore (Part 14),,"On the original Queen II track list, what comes immediately after 'Father to Son'?",,,,White Queen (As It Began),true
Queen Quiz: Encore (Part 14),,"On the original A Night at the Opera track list, what comes immediately after 'I'm in Love with My Car'?",Album Tracks,medium,2,You're My Best Friend,true
Queen Quiz: Encore (Part 14),,"On the original A Night at the Opera track list, what comes immediately after 'I'm in Love with My Car'?",,,,Seaside Rendezvous,false
Queen Quiz: Encore (Part 14),,"On the original A Night at the Opera track list, what comes immediately after 'I'm in Love with My Car'?",,,,God Save the Queen,false
Queen Quiz: Encore (Part 14),,"On the original A Night at the Opera track list, what comes immediately after 'I'm in Love with My Car'?",,,,'39,false
Queen Quiz: Encore (Part 14),,Which track closes the original Hot Space album?,Albums,medium,2,Innuendo,false
Queen Quiz: Encore (Part 14),,Which track closes the original Hot Space album?,,,,Under Pressure,true
Queen Quiz: Encore (Part 14),,Which track closes the original Hot Space album?,,,,Save Me,false
Queen Quiz: Encore (Part 14),,Which track closes the original Hot Space album?,,,,My Melancholy Blues,false
Queen Quiz: Encore (Part 14),,"On the original Queen track list, what comes immediately after 'My Fairy King'?",Album Tracks,medium,2,Doing All Right,false
Queen Quiz: Encore (Part 14),,"On the original Queen track list, what comes immediately after 'My Fairy King'?",,,,Modern Times Rock 'n' Roll,false
Queen Quiz: Encore (Part 14),,"On the original Queen track list, what comes immediately after 'My Fairy King'?",,,,Liar,true
Queen Quiz: Encore (Part 14),,"On the original Queen track list, what comes immediately after 'My Fairy King'?",,,,Son and Daughter,false
Queen Quiz: Encore (Part 14),,Who wrote the Queen album track 'Don't Lose Your Head'?,Songwriting,hard,3,Brian May,false
Queen Quiz: Encore (Part 14),,Who wrote the Queen album track 'Don't Lose Your Head'?,,,,Freddie Mercury,false
Queen Quiz: Encore (Part 14),,Who wrote the Queen album track 'Don't Lose Your Head'?,,,,John Deacon,false
Queen Quiz: Encore (Part 14),,Who wrote the Queen album track 'Don't Lose Your Head'?,,,,Roger Taylor,true
Queen Quiz: Encore (Part 14),,Who wrote the Queen album track 'Modern Times Rock 'n' Roll'?,Songwriting,hard,3,Roger Taylor,true
Queen Quiz: Encore (Part 14),,Who wrote the Queen album track 'Modern Times Rock 'n' Roll'?,,,,Brian May,false
Queen Quiz: Encore (Part 14),,Who wrote the Queen album track 'Modern Times Rock 'n' Roll'?,,,,Freddie Mercury,false
Queen Quiz: Encore (Part 14),,Who wrote the Queen album track 'Modern Times Rock 'n' Roll'?,,,,John Deacon,false
Queen Quiz: Encore (Part 14),,Which band performed 'Now I'm Here' with Brian May before the main Queen set at the 1992 tribute?,After Freddie,hard,3,Extreme,false
Queen Quiz: Encore (Part 14),,Which band performed 'Now I'm Here' with Brian May before the main Queen set at the 1992 tribute?,,,,Def Leppard,true
Queen Quiz: Encore (Part 14),,Which band performed 'Now I'm Here' with Brian May before the main Queen set at the 1992 tribute?,,,,Metallica,false
Queen Quiz: Encore (Part 14),,Which band performed 'Now I'm Here' with Brian May before the main Queen set at the 1992 tribute?,,,,Guns N' Roses,false
Queen Quiz: Encore (Part 14),,Which Queen studio album has both 'She Makes Me (Stormtrooper in Stilettoes)' and 'In the Lap of the Gods... Revisited' on its original track list?,Albums,hard,3,The Game,false
Queen Quiz: Encore (Part 14),,Which Queen studio album has both 'She Makes Me (Stormtrooper in Stilettoes)' and 'In the Lap of the Gods... Revisited' on its original track list?,,,,The Works,false
Queen Quiz: Encore (Part 14),,Which Queen studio album has both 'She Makes Me (Stormtrooper in Stilettoes)' and 'In the Lap of the Gods... Revisited' on its original track list?,,,,Sheer Heart Attack,true
Queen Quiz: Encore (Part 14),,Which Queen studio album has both 'She Makes Me (Stormtrooper in Stilettoes)' and 'In the Lap of the Gods... Revisited' on its original track list?,,,,Jazz,false
Queen Quiz: Encore (Part 14),,Which track opens the original Electric Fire (Roger Taylor) album?,Solo Projects,hard,3,Fun in Space,false
Queen Quiz: Encore (Part 14),,Which track opens the original Electric Fire (Roger Taylor) album?,,,,Space,false
Queen Quiz: Encore (Part 14),,Which track opens the original Electric Fire (Roger Taylor) album?,,,,No Violins,false
Queen Quiz: Encore (Part 14),,Which track opens the original Electric Fire (Roger Taylor) album?,,,,Pressure On,true
Queen Quiz: Encore (Part 14),,"On the original A Night at the Opera track list, what comes immediately before 'God Save the Queen'?",Album Tracks,hard,3,Bohemian Rhapsody,true
Queen Quiz: Encore (Part 14),,"On the original A Night at the Opera track list, what comes immediately before 'God Save the Queen'?",,,,The Prophet's Song,false
Queen Quiz: Encore (Part 14),,"On the original A Night at the Opera track list, what comes immediately before 'God Save the Queen'?",,,,'39,false
Queen Quiz: Encore (Part 14),,"On the original A Night at the Opera track list, what comes immediately before 'God Save the Queen'?",,,,Good Company,false
Queen Quiz: Encore (Part 14),,Which Queen studio album has both 'Nevermore' and 'The March of the Black Queen' on its original track list?,Albums,hard,3,A Kind of Magic,false
Queen Quiz: Encore (Part 14),,Which Queen studio album has both 'Nevermore' and 'The March of the Black Queen' on its original track list?,,,,Queen II,true
Queen Quiz: Encore (Part 14),,Which Queen studio album has both 'Nevermore' and 'The March of the Black Queen' on its original track list?,,,,Hot Space,false
Queen Quiz: Encore (Part 14),,Which Queen studio album has both 'Nevermore' and 'The March of the Black Queen' on its original track list?,,,,News of the World,false
Queen Quiz: Encore (Part 14),,Which French film did Brian May score in 1999?,Band Members,hard,3,Amélie,false
Queen Quiz: Encore (Part 14),,Which French film did Brian May score in 1999?,,,,La Haine,false
Queen Quiz: Encore (Part 14),,Which French film did Brian May score in 1999?,,,,Furia,true
Queen Quiz: Encore (Part 14),,Which French film did Brian May score in 1999?,,,,Taxi,false
Queen Quiz: Encore (Part 14),,"On the original Jazz track list, what comes immediately after 'Leaving Home Ain't Easy'?",Album Tracks,hard,3,Jealousy,false
Queen Quiz: Encore (Part 14),,"On the original Jazz track list, what comes immediately after 'Leaving Home Ain't Easy'?",,,,Dead on Time,false
Queen Quiz: Encore (Part 14),,"On the original Jazz track list, what comes immediately after 'Leaving Home Ain't Easy'?",,,,Fun It,false
Queen Quiz: Encore (Part 14),,"On the original Jazz track list, what comes immediately after 'Leaving Home Ain't Easy'?",,,,Don't Stop Me Now,true
Queen Quiz: Encore (Part 14),,"On the original Sheer Heart Attack track list, what comes immediately after 'In the Lap of the Gods'?",Album Tracks,hard,3,Stone Cold Crazy,true
Queen Quiz: Encore (Part 14),,"On the original Sheer Heart Attack track list, what comes immediately after 'In the Lap of the Gods'?",,,,Bring Back That Leroy Brown,false
Queen Quiz: Encore (Part 14),,"On the original Sheer Heart Attack track list, what comes immediately after 'In the Lap of the Gods'?",,,,Dear Friends,false
Queen Quiz: Encore (Part 14),,"On the original Sheer Heart Attack track list, what comes immediately after 'In the Lap of the Gods'?",,,,Lily of the Valley,false
Queen Quiz: Encore (Part 14),,"On the original Mr. Bad Guy (Freddie Mercury) track list, what comes immediately before 'There Must Be More to Life Than This'?",Solo Projects,hard,4,I Was Born to Love You,false
Queen Quiz: Encore (Part 14),,"On the original Mr. Bad Guy (Freddie Mercury) track list, what comes immediately before 'There Must Be More to Life Than This'?",,,,Man Made Paradise,true
Queen Quiz: Encore (Part 14),,"On the original Mr. Bad Guy (Freddie Mercury) track list, what comes immediately before 'There Must Be More to Life Than This'?",,,,Made in Heaven,false
Queen Quiz: Encore (Part 14),,"On the original Mr. Bad Guy (Freddie Mercury) track list, what comes immediately before 'There Must Be More to Life Than This'?",,,,Mr. Bad Guy,false
Queen Quiz: Encore (Part 14),,Which lyricist contributed words to 'The Fallen Priest' and 'The Golden Boy'?,Solo Projects,hard,4,Bernie Taupin,false
Queen Quiz: Encore (Part 14),,Which lyricist contributed words to 'The Fallen Priest' and 'The Golden Boy'?,,,,Andrew Lloyd Webber,false
Queen Quiz: Encore (Part 14),,Which lyricist contributed words to 'The Fallen Priest' and 'The Golden Boy'?,,,,Tim Rice,true
Queen Quiz: Encore (Part 14),,Which lyricist contributed words to 'The Fallen Priest' and 'The Golden Boy'?,,,,Stephen Sondheim,false
Queen Quiz: Encore (Part 14),,Which Jimi Hendrix song did Brian May cover on 'Another World'?,Solo Projects,hard,4,Purple Haze,false
Queen Quiz: Encore (Part 14),,Which Jimi Hendrix song did Brian May cover on 'Another World'?,,,,Hey Joe,false
Queen Quiz: Encore (Part 14),,Which Jimi Hendrix song did Brian May cover on 'Another World'?,,,,Little Wing,false
Queen Quiz: Encore (Part 14),,Which Jimi Hendrix song did Brian May cover on 'Another World'?,,,,One Rainy Wish,true
Queen Quiz: Encore (Part 14),,Which Another World (Brian May) track sits between 'Wilderness' and 'One Rainy Wish'?,Solo Projects,hard,4,Slow Down,true
Queen Quiz: Encore (Part 14),,Which Another World (Brian May) track sits between 'Wilderness' and 'One Rainy Wish'?,,,,Another World,false
Queen Quiz: Encore (Part 14),,Which Another World (Brian May) track sits between 'Wilderness' and 'One Rainy Wish'?,,,,Space,false
Queen Quiz: Encore (Part 14),,Which Another World (Brian May) track sits between 'Wilderness' and 'One Rainy Wish'?,,,,Business,false
Queen Quiz: Encore (Part 15),"25 new Queen questions spanning the albums, solo projects, band members, and the years after Freddie.",Which Queen studio album has both 'Tear It Up' and 'It's a Hard Life' on its original track list?,Albums,easy,1,The Works,true
Queen Quiz: Encore (Part 15),,Which Queen studio album has both 'Tear It Up' and 'It's a Hard Life' on its original track list?,,,,Innuendo,false
Queen Quiz: Encore (Part 15),,Which Queen studio album has both 'Tear It Up' and 'It's a Hard Life' on its original track list?,,,,Sheer Heart Attack,false
Queen Quiz: Encore (Part 15),,Which Queen studio album has both 'Tear It Up' and 'It's a Hard Life' on its original track list?,,,,A Day at the Races,false
Queen Quiz: Encore (Part 15),,Which Queen studio album has both 'Mustapha' and 'Fat Bottomed Girls' on its original track list?,Albums,easy,1,Hot Space,false
Queen Quiz: Encore (Part 15),,Which Queen studio album has both 'Mustapha' and 'Fat Bottomed Girls' on its original track list?,,,,Jazz,true
Queen Quiz: Encore (Part 15),,Which Queen studio album has both 'Mustapha' and 'Fat Bottomed Girls' on its original track list?,,,,News of the World,false
Queen Quiz: Encore (Part 15),,Which Queen studio album has both 'Mustapha' and 'Fat Bottomed Girls' on its original track list?,,,,Innuendo,false
Queen Quiz: Encore (Part 15),,Which track opens the original A Night at the Opera album?,Albums,easy,1,Innuendo,false
Queen Quiz: Encore (Part 15),,Which track opens the original A Night at the Opera album?,,,,In the Lap of the Gods... Revisited,false
Queen Quiz: Encore (Part 15),,Which track opens the original A Night at the Opera album?,,,,Death on Two Legs,true
Queen Quiz: Encore (Part 15),,Which track opens the original A Night at the Opera album?,,,,Save Me,false
Queen Quiz: Encore (Part 15),,Which 1997 Queen song marked John Deacon's final studio work with Brian May and Roger Taylor?,Band Members,medium,2,The Show Must Go On,false
Queen Quiz: Encore (Part 15),,Which 1997 Queen song marked John Deacon's final studio work with Brian May and Roger Taylor?,,,,Let Me Live,false
Queen Quiz: Encore (Part 15),,Which 1997 Queen song marked John Deacon's final studio work with Brian May and Roger Taylor?,,,,Too Much Love Will Kill You,false
Queen Quiz: Encore (Part 15),,Which 1997 Queen song marked John Deacon's final studio work with Brian May and Roger Taylor?,,,,No-One But You (Only the Good Die Young),true
Queen Quiz: Encore (Part 15),,Which track opens the original The Works album?,Albums,medium,2,Radio Ga Ga,true
Queen Quiz: Encore (Part 15),,Which track opens the original The Works album?,,,,Play the Game,false
Queen Quiz: Encore (Part 15),,Which track opens the original The Works album?,,,,One Vision,false
Queen Quiz: Encore (Part 15),,Which track opens the original The Works album?,,,,Staying Power,false
Queen Quiz: Encore (Part 15),,"Which studio in Montreux did Brian May, Roger Taylor and John Deacon return to in 1993 to finish Freddie-era recordings?",After Freddie,medium,2,Trident Studios,false
Queen Quiz: Encore (Part 15),,"Which studio in Montreux did Brian May, Roger Taylor and John Deacon return to in 1993 to finish Freddie-era recordings?",,,,Mountain Studios,true
Queen Quiz: Encore (Part 15),,"Which studio in Montreux did Brian May, Roger Taylor and John Deacon return to in 1993 to finish Freddie-era recordings?",,,,Olympic Studios,false
Queen Quiz: Encore (Part 15),,"Which studio in Montreux did Brian May, Roger Taylor and John Deacon return to in 1993 to finish Freddie-era recordings?",,,,Musicland Studios,false
Queen Quiz: Encore (Part 15),,Which Queen studio album has both 'White Man' and 'Good Old-Fashioned Lover Boy' on its original track list?,Albums,medium,2,Jazz,false
Queen Quiz: Encore (Part 15),,Which Queen studio album has both 'White Man' and 'Good Old-Fashioned Lover Boy' on its original track list?,,,,Queen,false
Queen Quiz: Encore (Part 15),,Which Queen studio album has both 'White Man' and 'Good Old-Fashioned Lover Boy' on its original track list?,,,,A Day at the Races,true
Queen Quiz: Encore (Part 15),,Which Queen studio album has both 'White Man' and 'Good Old-Fashioned Lover Boy' on its original track list?,,,,The Game,false
Queen Quiz: Encore (Part 15),,"On the original Jazz track list, what comes immediately after 'Mustapha'?",Album Tracks,medium,2,Fun It,false
Queen Quiz: Encore (Part 15),,"On the original Jazz track list, what comes immediately after 'Mustapha'?",,,,Leaving Home Ain't Easy,false
Queen Quiz: Encore (Part 15),,"On the original Jazz track list, what comes immediately after 'Mustapha'?",,,,More of That Jazz,false
Queen Quiz: Encore (Part 15),,"On the original Jazz track list, what comes immediately after 'Mustapha'?",,,,Fat Bottomed Girls,true
Queen Quiz: Encore (Part 15),,On which Queen studio album is 'Delilah' found in the original track list?,Albums,medium,2,Innuendo,true
Queen Quiz: Encore (Part 15),,On which Queen studio album is 'Delilah' found in the original track list?,,,,Hot Space,false
Queen Quiz: Encore (Part 15),,On which Queen studio album is 'Delilah' found in the original track list?,,,,Sheer Heart Attack,false
Queen Quiz: Encore (Part 15),,On which Queen studio album is 'Delilah' found in the original track list?,,,,A Night at the Opera,false
Queen Quiz: Encore (Part 15),,"On the original Hot Space track list, what comes immediately after 'Body Language'?",Album Tracks,medium,2,Dancer,false
Queen Quiz: Encore (Part 15),,"On the original Hot Space track list, what comes immediately after 'Body Language'?",,,,Action This Day,true
Queen Quiz: Encore (Part 15),,"On the original Hot Space track list, what comes immediately after 'Body Language'?",,,,Put Out the Fire,false
Queen Quiz: Encore (Part 15),,"On the original Hot Space track list, what comes immediately after 'Body Language'?",,,,Back Chat,false
Queen Quiz: Encore (Part 15),,Who sang 'We Will Rock You' with Queen at the 1992 tribute concert?,After Freddie,medium,2,James Hetfield,false
Queen Quiz: Encore (Part 15),,Who sang 'We Will Rock You' with Queen at the 1992 tribute concert?,,,,Joe Elliott,false
Queen Quiz: Encore (Part 15),,Who sang 'We Will Rock You' with Queen at the 1992 tribute concert?,,,,Axl Rose,true
Queen Quiz: Encore (Part 15),,Who sang 'We Will Rock You' with Queen at the 1992 tribute concert?,,,,Gary Cherone,false
Queen Quiz: Encore (Part 15),,"On the original News of the World track list, what comes immediately after 'Fight from the Inside'?",Album Tracks,hard,3,Sleeping on the Sidewalk,false
Queen Quiz: Encore (Part 15),,"On the original News of the World track list, what comes immediately after 'Fight from the Inside'?",,,,It's Late,false
Queen Quiz: Encore (Part 15),,"On the original News of the World track list, what comes immediately after 'Fight from the Inside'?",,,,"All Dead, All Dead",false
Queen Quiz: Encore (Part 15),,"On the original News of the World track list, what comes immediately after 'Fight from the Inside'?",,,,"Get Down, Make Love",true
Queen Quiz: Encore (Part 15),,"On the original Queen II track list, what comes immediately before 'White Queen (As It Began)'?",Album Tracks,hard,3,Father to Son,true
Queen Quiz: Encore (Part 15),,"On the original Queen II track list, what comes immediately before 'White Queen (As It Began)'?",,,,Funny How Love Is,false
Queen Quiz: Encore (Part 15),,"On the original Queen II track list, what comes immediately before 'White Queen (As It Began)'?",,,,Ogre Battle,false
Queen Quiz: Encore (Part 15),,"On the original Queen II track list, what comes immediately before 'White Queen (As It Began)'?",,,,Nevermore,false
Queen Quiz: Encore (Part 15),,Which illustrated astronomy book did Brian May co-author with Patrick Moore and Chris Lintott?,Band Members,hard,3,A Brief History of Time,false
Queen Quiz: Encore (Part 15),,Which illustrated astronomy book did Brian May co-author with Patrick Moore and Chris Lintott?,,,,BANG! The Complete History of the Universe,true
Queen Quiz: Encore (Part 15),,Which illustrated astronomy book did Brian May co-author with Patrick Moore and Chris Lintott?,,,,Cosmos,false
Queen Quiz: Encore (Part 15),,Which illustrated astronomy book did Brian May co-author with Patrick Moore and Chris Lintott?,,,,The Planets,false
Queen Quiz: Encore (Part 15),,"On the original Jazz track list, what comes immediately before 'In Only Seven Days'?",Album Tracks,hard,3,Jealousy,false
Queen Quiz: Encore (Part 15),,"On the original Jazz track list, what comes immediately before 'In Only Seven Days'?",,,,Fat Bottomed Girls,false
Queen Quiz: Encore (Part 15),,"On the original Jazz track list, what comes immediately before 'In Only Seven Days'?",,,,Dead on Time,true
Queen Quiz: Encore (Part 15),,"On the original Jazz track list, what comes immediately before 'In Only Seven Days'?",,,,Dreamers Ball,false
Queen Quiz: Encore (Part 15),,"On the original Queen track list, what comes immediately before 'Liar'?",Album Tracks,hard,3,Son and Daughter,false
Queen Quiz: Encore (Part 15),,"On the original Queen track list, what comes immediately before 'Liar'?",,,,Modern Times Rock 'n' Roll,false
Queen Quiz: Encore (Part 15),,"On the original Queen track list, what comes immediately before 'Liar'?",,,,Keep Yourself Alive,false
Queen Quiz: Encore (Part 15),,"On the original Queen track list, what comes immediately before 'Liar'?",,,,My Fairy King,true
Queen Quiz: Encore (Part 15),,"On the original Sheer Heart Attack track list, what comes immediately after 'Bring Back That Leroy Brown'?",Album Tracks,hard,3,She Makes Me (Stormtrooper in Stilettoes),true
Queen Quiz: Encore (Part 15),,"On the original Sheer Heart Attack track list, what comes immediately after 'Bring Back That Leroy Brown'?",,,,Tenement Funster,false
Queen Quiz: Encore (Part 15),,"On the original Sheer Heart Attack track list, what comes immediately after 'Bring Back That Leroy Brown'?",,,,In the Lap of the Gods,false
Queen Quiz: Encore (Part 15),,"On the original Sheer Heart Attack track list, what comes immediately after 'Bring Back That Leroy Brown'?",,,,Misfire,false
Queen Quiz: Encore (Part 15),,"On the original News of the World track list, what comes immediately before 'Spread Your Wings'?",Album Tracks,hard,3,Sleeping on the Sidewalk,false
Queen Quiz: Encore (Part 15),,"On the original News of the World track list, what comes immediately before 'Spread Your Wings'?",,,,"All Dead, All Dead",true
Queen Quiz: Encore (Part 15),,"On the original News of the World track list, what comes immediately before 'Spread Your Wings'?",,,,We Are the Champions,false
Queen Quiz: Encore (Part 15),,"On the original News of the World track list, what comes immediately before 'Spread Your Wings'?",,,,We Will Rock You,false
Queen Quiz: Encore (Part 15),,Who sang 'Las Palabras de Amor' with Queen at the 1992 tribute concert?,After Freddie,hard,3,Seal,false
Queen Quiz: Encore (Part 15),,Who sang 'Las Palabras de Amor' with Queen at the 1992 tribute concert?,,,,Paul Young,false
Queen Quiz: Encore (Part 15),,Who sang 'Las Palabras de Amor' with Queen at the 1992 tribute concert?,,,,Zucchero,true
Queen Quiz: Encore (Part 15),,Who sang 'Las Palabras de Amor' with Queen at the 1992 tribute concert?,,,,Robert Plant,false
Queen Quiz: Encore (Part 15),,"On the original A Day at the Races track list, what comes immediately after 'Drowse'?",Album Tracks,hard,3,Tie Your Mother Down,false
Queen Quiz: Encore (Part 15),,"On the original A Day at the Races track list, what comes immediately after 'Drowse'?",,,,White Man,false
Queen Quiz: Encore (Part 15),,"On the original A Day at the Races track list, what comes immediately after 'Drowse'?",,,,You and I,false
Queen Quiz: Encore (Part 15),,"On the original A Day at the Races track list, what comes immediately after 'Drowse'?",,,,Teo Torriatte (Let Us Cling Together),true
Queen Quiz: Encore (Part 15),,"On the original Innuendo track list, what comes immediately before 'The Show Must Go On'?",Album Tracks,hard,3,Bijou,true
Queen Quiz: Encore (Part 15),,"On the original Innuendo track list, what comes immediately before 'The Show Must Go On'?",,,,These Are the Days of Our Lives,false
Queen Quiz: Encore (Part 15),,"On the original Innuendo track list, what comes immediately before 'The Show Must Go On'?",,,,Don't Try So Hard,false
Queen Quiz: Encore (Part 15),,"On the original Innuendo track list, what comes immediately before 'The Show Must Go On'?",,,,The Hitman,false
Queen Quiz: Encore (Part 15),,"On the original Strange Frontier (Roger Taylor) track list, what comes immediately after 'Racing in the Street'?",Solo Projects,hard,4,Beautiful Dreams,false
Queen Quiz: Encore (Part 15),,"On the original Strange Frontier (Roger Taylor) track list, what comes immediately after 'Racing in the Street'?",,,,Masters of War,true
Queen Quiz: Encore (Part 15),,"On the original Strange Frontier (Roger Taylor) track list, what comes immediately after 'Racing in the Street'?",,,,Killing Time,false
Queen Quiz: Encore (Part 15),,"On the original Strange Frontier (Roger Taylor) track list, what comes immediately after 'Racing in the Street'?",,,,Young Love,false
Queen Quiz: Encore (Part 15),,"On the original Happiness? (Roger Taylor) track list, what comes immediately after 'Dear Mr Murdoch'?",Solo Projects,hard,4,Revelations,false
Queen Quiz: Encore (Part 15),,"On the original Happiness? (Roger Taylor) track list, what comes immediately after 'Dear Mr Murdoch'?",,,,You Had to Be There,false
Queen Quiz: Encore (Part 15),,"On the original Happiness? (Roger Taylor) track list, what comes immediately after 'Dear Mr Murdoch'?",,,,Old Friends,true
Queen Quiz: Encore (Part 15),,"On the original Happiness? (Roger Taylor) track list, what comes immediately after 'Dear Mr Murdoch'?",,,,Everybody Hurts Sometime,false
Queen Quiz: Encore (Part 15),,"On the original Mr. Bad Guy (Freddie Mercury) track list, what comes immediately after 'Mr. Bad Guy'?",Solo Projects,hard,4,There Must Be More to Life Than This,false
Queen Quiz: Encore (Part 15),,"On the original Mr. Bad Guy (Freddie Mercury) track list, what comes immediately after 'Mr. Bad Guy'?",,,,My Love Is Dangerous,false
Queen Quiz: Encore (Part 15),,"On the original Mr. Bad Guy (Freddie Mercury) track list, what comes immediately after 'Mr. Bad Guy'?",,,,Foolin' Around,false
Queen Quiz: Encore (Part 15),,"On the original Mr. Bad Guy (Freddie Mercury) track list, what comes immediately after 'Mr. Bad Guy'?",,,,Man Made Paradise,true
Queen Quiz: Encore (Part 15),,"On the original Happiness? (Roger Taylor) track list, what comes immediately before 'Touch the Sky'?",Solo Projects,hard,4,Revelations,true
Queen Quiz: Encore (Part 15),,"On the original Happiness? (Roger Taylor) track list, what comes immediately before 'Touch the Sky'?",,,,Nazis 1994,false
Queen Quiz: Encore (Part 15),,"On the original Happiness? (Roger Taylor) track list, what comes immediately before 'Touch the Sky'?",,,,Freedom Train,false
Queen Quiz: Encore (Part 15),,"On the original Happiness? (Roger Taylor) track list, what comes immediately before 'Touch the Sky'?",,,,Dear Mr Murdoch,false
Queen Quiz: Encore (Part 16),"25 new Queen questions spanning the albums, solo projects, band members, and the years after Freddie.",Which track closes the original Queen album?,Albums,easy,1,Seven Seas of Rhye (instrumental),true
Queen Quiz: Encore (Part 16),,Which track closes the original Queen album?,,,,Innuendo,false
Queen Quiz: Encore (Part 16),,Which track closes the original Queen album?,,,,Princes of the Universe,false
Queen Quiz: Encore (Part 16),,Which track closes the original Queen album?,,,,In the Lap of the Gods... Revisited,false
Queen Quiz: Encore (Part 16),,Which Queen member was the youngest when the classic line-up formed?,Band Members,easy,1,Roger Taylor,false
Queen Quiz: Encore (Part 16),,Which Queen member was the youngest when the classic line-up formed?,,,,John Deacon,true
Queen Quiz: Encore (Part 16),,Which Queen member was the youngest when the classic line-up formed?,,,,Brian May,false
Queen Quiz: Encore (Part 16),,Which Queen member was the youngest when the classic line-up formed?,,,,Freddie Mercury,false
Queen Quiz: Encore (Part 16),,What was the title of Queen + Adam Lambert's 2020 lockdown charity single?,After Freddie,easy,1,We Are the World,false
Queen Quiz: Encore (Part 16),,What was the title of Queen + Adam Lambert's 2020 lockdown charity single?,,,,The Show Must Go On,false
Queen Quiz: Encore (Part 16),,What was the title of Queen + Adam Lambert's 2020 lockdown charity single?,,,,You Are the Champions,true
Queen Quiz: Encore (Part 16),,What was the title of Queen + Adam Lambert's 2020 lockdown charity single?,,,,Friends Will Be Friends,false
Queen Quiz: Encore (Part 16),,Which Queen studio album has both 'Liar' and 'The Night Comes Down' on its original track list?,Albums,medium,2,Hot Space,false
Queen Quiz: Encore (Part 16),,Which Queen studio album has both 'Liar' and 'The Night Comes Down' on its original track list?,,,,Queen II,false
Queen Quiz: Encore (Part 16),,Which Queen studio album has both 'Liar' and 'The Night Comes Down' on its original track list?,,,,The Miracle,false
Queen Quiz: Encore (Part 16),,Which Queen studio album has both 'Liar' and 'The Night Comes Down' on its original track list?,,,,Queen,true
Queen Quiz: Encore (Part 16),,Who wrote the Queen album track 'Killer Queen'?,Songwriting,medium,2,Freddie Mercury,true
Queen Quiz: Encore (Part 16),,Who wrote the Queen album track 'Killer Queen'?,,,,Brian May,false
Queen Quiz: Encore (Part 16),,Who wrote the Queen album track 'Killer Queen'?,,,,Roger Taylor,false
Queen Quiz: Encore (Part 16),,Who wrote the Queen album track 'Killer Queen'?,,,,John Deacon,false
Queen Quiz: Encore (Part 16),,"On the original A Night at the Opera track list, what comes immediately after 'Lazing on a Sunday Afternoon'?",Album Tracks,medium,2,Good Company,false
Queen Quiz: Encore (Part 16),,"On the original A Night at the Opera track list, what comes immediately after 'Lazing on a Sunday Afternoon'?",,,,I'm in Love with My Car,true
Queen Quiz: Encore (Part 16),,"On the original A Night at the Opera track list, what comes immediately after 'Lazing on a Sunday Afternoon'?",,,,Seaside Rendezvous,false
Queen Quiz: Encore (Part 16),,"On the original A Night at the Opera track list, what comes immediately after 'Lazing on a Sunday Afternoon'?",,,,The Prophet's Song,false
Queen Quiz: Encore (Part 16),,On which Queen studio album is 'Fun It' found in the original track list?,Albums,medium,2,The Works,false
Queen Quiz: Encore (Part 16),,On which Queen studio album is 'Fun It' found in the original track list?,,,,Sheer Heart Attack,false
Queen Quiz: Encore (Part 16),,On which Queen studio album is 'Fun It' found in the original track list?,,,,Jazz,true
Queen Quiz: Encore (Part 16),,On which Queen studio album is 'Fun It' found in the original track list?,,,,A Night at the Opera,false
Queen Quiz: Encore (Part 16),,"On the original A Night at the Opera track list, what comes immediately after 'Death on Two Legs'?",Album Tracks,medium,2,Good Company,false
Queen Quiz: Encore (Part 16),,"On the original A Night at the Opera track list, what comes immediately after 'Death on Two Legs'?",,,,Bohemian Rhapsody,false
Queen Quiz: Encore (Part 16),,"On the original A Night at the Opera track list, what comes immediately after 'Death on Two Legs'?",,,,God Save the Queen,false
Queen Quiz: Encore (Part 16),,"On the original A Night at the Opera track list, what comes immediately after 'Death on Two Legs'?",,,,Lazing on a Sunday Afternoon,true
Queen Quiz: Encore (Part 16),,"On the original Jazz track list, what comes immediately after 'If You Can't Beat Them'?",Album Tracks,medium,2,Let Me Entertain You,true
Queen Quiz: Encore (Part 16),,"On the original Jazz track list, what comes immediately after 'If You Can't Beat Them'?",,,,Bicycle Race,false
Queen Quiz: Encore (Part 16),,"On the original Jazz track list, what comes immediately after 'If You Can't Beat Them'?",,,,Mustapha,false
Queen Quiz: Encore (Part 16),,"On the original Jazz track list, what comes immediately after 'If You Can't Beat Them'?",,,,Leaving Home Ain't Easy,false
Queen Quiz: Encore (Part 16),,What was Freddie Mercury's father's first name?,Band Members,medium,2,Rustom,false
Queen Quiz: Encore (Part 16),,What was Freddie Mercury's father's first name?,,,,Bomi,true
Queen Quiz: Encore (Part 16),,What was Freddie Mercury's father's first name?,,,,Jim,false
Queen Quiz: Encore (Part 16),,What was Freddie Mercury's father's first name?,,,,Arthur,false
Queen Quiz: Encore (Part 16),,Which Queen studio album has both 'Don't Try So Hard' and 'Ride the Wild Wind' on its original track list?,Albums,medium,2,Sheer Heart Attack,false
Queen Quiz: Encore (Part 16),,Which Queen studio album has both 'Don't Try So Hard' and 'Ride the Wild Wind' on its original track list?,,,,The Works,false
Queen Quiz: Encore (Part 16),,Which Queen studio album has both 'Don't Try So Hard' and 'Ride the Wild Wind' on its original track list?,,,,Innuendo,true
Queen Quiz: Encore (Part 16),,Which Queen studio album has both 'Don't Try So Hard' and 'Ride the Wild Wind' on its original track list?,,,,A Day at the Races,false
Queen Quiz: Encore (Part 16),,What month saw the digital release of 'Face It Alone'?,After Freddie,hard,3,April 2022,false
Queen Quiz: Encore (Part 16),,What month saw the digital release of 'Face It Alone'?,,,,November 2021,false
Queen Quiz: Encore (Part 16),,What month saw the digital release of 'Face It Alone'?,,,,June 2023,false
Queen Quiz: Encore (Part 16),,What month saw the digital release of 'Face It Alone'?,,,,October 2022,true
Queen Quiz: Encore (Part 16),,Which track opens the original Back to the Light (Brian May) album?,Solo Projects,hard,3,The Dark,true
Queen Quiz: Encore (Part 16),,Which track opens the original Back to the Light (Brian May) album?,,,,Another World,false
Queen Quiz: Encore (Part 16),,Which track opens the original Back to the Light (Brian May) album?,,,,Strange Frontier,false
Queen Quiz: Encore (Part 16),,Which track opens the original Back to the Light (Brian May) album?,,,,Barcelona,false
Queen Quiz: Encore (Part 16),,Who wrote the Queen album track ''39'?,Songwriting,hard,3,Freddie Mercury,false
Queen Quiz: Encore (Part 16),,Who wrote the Queen album track ''39'?,,,,Brian May,true
Queen Quiz: Encore (Part 16),,Who wrote the Queen album track ''39'?,,,,Roger Taylor,false
Queen Quiz: Encore (Part 16),,Who wrote the Queen album track ''39'?,,,,John Deacon,false
Queen Quiz: Encore (Part 16),,"On the original The Works track list, what comes immediately before 'Tear It Up'?",Album Tracks,hard,3,Man on the Prowl,false
Queen Quiz: Encore (Part 16),,"On the original The Works track list, what comes immediately before 'Tear It Up'?",,,,Hammer to Fall,false
Queen Quiz: Encore (Part 16),,"On the original The Works track list, what comes immediately before 'Tear It Up'?",,,,Radio Ga Ga,true
Queen Quiz: Encore (Part 16),,"On the original The Works track list, what comes immediately before 'Tear It Up'?",,,,Keep Passing the Open Windows,false
Queen Quiz: Encore (Part 16),,Who sang 'These Are the Days of Our Lives' with Lisa Stansfield at the 1992 tribute?,After Freddie,hard,3,Elton John,false
Queen Quiz: Encore (Part 16),,Who sang 'These Are the Days of Our Lives' with Lisa Stansfield at the 1992 tribute?,,,,Paul Young,false
Queen Quiz: Encore (Part 16),,Who sang 'These Are the Days of Our Lives' with Lisa Stansfield at the 1992 tribute?,,,,Seal,false
Queen Quiz: Encore (Part 16),,Who sang 'These Are the Days of Our Lives' with Lisa Stansfield at the 1992 tribute?,,,,George Michael,true
Queen Quiz: Encore (Part 16),,"On the original The Works track list, what comes immediately before 'I Want to Break Free'?",Album Tracks,hard,3,Machines (or Back to Humans),true
Queen Quiz: Encore (Part 16),,"On the original The Works track list, what comes immediately before 'I Want to Break Free'?",,,,Hammer to Fall,false
Queen Quiz: Encore (Part 16),,"On the original The Works track list, what comes immediately before 'I Want to Break Free'?",,,,Man on the Prowl,false
Queen Quiz: Encore (Part 16),,"On the original The Works track list, what comes immediately before 'I Want to Break Free'?",,,,Radio Ga Ga,false
Queen Quiz: Encore (Part 16),,How was John Deacon's name printed in the credits of Queen's debut album?,Band Members,hard,3,John D.,false
Queen Quiz: Encore (Part 16),,How was John Deacon's name printed in the credits of Queen's debut album?,,,,Deacon John,true
Queen Quiz: Encore (Part 16),,How was John Deacon's name printed in the credits of Queen's debut album?,,,,Johnny Deacon,false
Queen Quiz: Encore (Part 16),,How was John Deacon's name printed in the credits of Queen's debut album?,,,,John Richard,false
Queen Quiz: Encore (Part 16),,Who wrote the Queen album track 'Sail Away Sweet Sister'?,Songwriting,hard,3,Freddie Mercury,false
Queen Quiz: Encore (Part 16),,Who wrote the Queen album track 'Sail Away Sweet Sister'?,,,,Roger Taylor,false
Queen Quiz: Encore (Part 16),,Who wrote the Queen album track 'Sail Away Sweet Sister'?,,,,Brian May,true
Queen Quiz: Encore (Part 16),,Who wrote the Queen album track 'Sail Away Sweet Sister'?,,,,John Deacon,false
Queen Quiz: Encore (Part 16),,Which performer was named on the toy guitar John Deacon received at age seven?,Band Members,hard,3,Cliff Richard,false
Queen Quiz: Encore (Part 16),,Which performer was named on the toy guitar John Deacon received at age seven?,,,,Elvis Presley,false
Queen Quiz: Encore (Part 16),,Which performer was named on the toy guitar John Deacon received at age seven?,,,,Buddy Holly,false
Queen Quiz: Encore (Part 16),,Which performer was named on the toy guitar John Deacon received at age seven?,,,,Tommy Steele,true
Queen Quiz: Encore (Part 16),,"On the original A Night at the Opera track list, what comes immediately after 'Bohemian Rhapsody'?",Album Tracks,hard,3,God Save the Queen,true
Queen Quiz: Encore (Part 16),,"On the original A Night at the Opera track list, what comes immediately after 'Bohemian Rhapsody'?",,,,I'm in Love with My Car,false
Queen Quiz: Encore (Part 16),,"On the original A Night at the Opera track list, what comes immediately after 'Bohemian Rhapsody'?",,,,Seaside Rendezvous,false
Queen Quiz: Encore (Part 16),,"On the original A Night at the Opera track list, what comes immediately after 'Bohemian Rhapsody'?",,,,Love of My Life,false
Queen Quiz: Encore (Part 16),,"On the original Barcelona (Freddie Mercury and Montserrat Caballé) track list, what comes immediately after 'The Fallen Priest'?",Solo Projects,hard,4,The Golden Boy,false
Queen Quiz: Encore (Part 16),,"On the original Barcelona (Freddie Mercury and Montserrat Caballé) track list, what comes immediately after 'The Fallen Priest'?",,,,Ensueño,true
Queen Quiz: Encore (Part 16),,"On the original Barcelona (Freddie Mercury and Montserrat Caballé) track list, what comes immediately after 'The Fallen Priest'?",,,,Overture Piccante,false
Queen Quiz: Encore (Part 16),,"On the original Barcelona (Freddie Mercury and Montserrat Caballé) track list, what comes immediately after 'The Fallen Priest'?",,,,La Japonaise,false
Queen Quiz: Encore (Part 16),,Which Jazz track sits between 'Jealousy' and 'If You Can't Beat Them'?,Album Tracks,hard,4,Fun It,false
Queen Quiz: Encore (Part 16),,Which Jazz track sits between 'Jealousy' and 'If You Can't Beat Them'?,,,,Fat Bottomed Girls,false
Queen Quiz: Encore (Part 16),,Which Jazz track sits between 'Jealousy' and 'If You Can't Beat Them'?,,,,Bicycle Race,true
Queen Quiz: Encore (Part 16),,Which Jazz track sits between 'Jealousy' and 'If You Can't Beat Them'?,,,,Dead on Time,false
Queen Quiz: Encore (Part 16),,"On the original Strange Frontier (Roger Taylor) track list, what comes immediately before 'Killing Time'?",Solo Projects,hard,4,Racing in the Street,false
Queen Quiz: Encore (Part 16),,"On the original Strange Frontier (Roger Taylor) track list, what comes immediately before 'Killing Time'?",,,,Masters of War,false
Queen Quiz: Encore (Part 16),,"On the original Strange Frontier (Roger Taylor) track list, what comes immediately before 'Killing Time'?",,,,It's an Illusion,false
Queen Quiz: Encore (Part 16),,"On the original Strange Frontier (Roger Taylor) track list, what comes immediately before 'Killing Time'?",,,,Abandonfire,true
Queen Quiz: Encore (Part 16),,"On the original Strange Frontier (Roger Taylor) track list, what comes immediately before 'Abandonfire'?",Solo Projects,hard,4,Masters of War,true
Queen Quiz: Encore (Part 16),,"On the original Strange Frontier (Roger Taylor) track list, what comes immediately before 'Abandonfire'?",,,,"I Cry for You (Love, Hope and Confusion)",false
Queen Quiz: Encore (Part 16),,"On the original Strange Frontier (Roger Taylor) track list, what comes immediately before 'Abandonfire'?",,,,Strange Frontier,false
Queen Quiz: Encore (Part 16),,"On the original Strange Frontier (Roger Taylor) track list, what comes immediately before 'Abandonfire'?",,,,Killing Time,false
Queen Quiz: Encore (Part 17),"25 new Queen questions spanning the albums, solo projects, band members, and the years after Freddie.",Which Queen studio album has both 'One Vision' and 'A Kind of Magic' on its original track list?,Albums,easy,1,A Kind of Magic,true
Queen Quiz: Encore (Part 17),,Which Queen studio album has both 'One Vision' and 'A Kind of Magic' on its original track list?,,,,The Works,false
Queen Quiz: Encore (Part 17),,Which Queen studio album has both 'One Vision' and 'A Kind of Magic' on its original track list?,,,,The Game,false
Queen Quiz: Encore (Part 17),,Which Queen studio album has both 'One Vision' and 'A Kind of Magic' on its original track list?,,,,A Day at the Races,false
Queen Quiz: Encore (Part 17),,What charity did Queen's surviving members establish after Freddie's death?,After Freddie,easy,1,Save-Me,false
Queen Quiz: Encore (Part 17),,What charity did Queen's surviving members establish after Freddie's death?,,,,Mercury Phoenix Trust,true
Queen Quiz: Encore (Part 17),,What charity did Queen's surviving members establish after Freddie's death?,,,,The Prince's Trust,false
Queen Quiz: Encore (Part 17),,What charity did Queen's surviving members establish after Freddie's death?,,,,Red Nose Day,false
Queen Quiz: Encore (Part 17),,Which track closes the original The Game album?,Albums,easy,1,My Melancholy Blues,false
Queen Quiz: Encore (Part 17),,Which track closes the original The Game album?,,,,Under Pressure,false
Queen Quiz: Encore (Part 17),,Which track closes the original The Game album?,,,,Save Me,true
Queen Quiz: Encore (Part 17),,Which track closes the original The Game album?,,,,Keep Yourself Alive,false
Queen Quiz: Encore (Part 17),,"On the original A Kind of Magic track list, what comes immediately after 'A Kind of Magic'?",Album Tracks,medium,2,Who Wants to Live Forever,false
Queen Quiz: Encore (Part 17),,"On the original A Kind of Magic track list, what comes immediately after 'A Kind of Magic'?",,,,Friends Will Be Friends,false
Queen Quiz: Encore (Part 17),,"On the original A Kind of Magic track list, what comes immediately after 'A Kind of Magic'?",,,,Gimme the Prize (Kurgan's Theme),false
Queen Quiz: Encore (Part 17),,"On the original A Kind of Magic track list, what comes immediately after 'A Kind of Magic'?",,,,One Year of Love,true
Queen Quiz: Encore (Part 17),,Which track closes the original The Miracle album?,Albums,medium,2,Was It All Worth It,true
Queen Quiz: Encore (Part 17),,Which track closes the original The Miracle album?,,,,Tie Your Mother Down,false
Queen Quiz: Encore (Part 17),,Which track closes the original The Miracle album?,,,,Radio Ga Ga,false
Queen Quiz: Encore (Part 17),,Which track closes the original The Miracle album?,,,,Staying Power,false
Queen Quiz: Encore (Part 17),,On which Queen studio album is 'Sweet Lady' found in the original track list?,Albums,medium,2,The Works,false
Queen Quiz: Encore (Part 17),,On which Queen studio album is 'Sweet Lady' found in the original track list?,,,,A Night at the Opera,true
Queen Quiz: Encore (Part 17),,On which Queen studio album is 'Sweet Lady' found in the original track list?,,,,Sheer Heart Attack,false
Queen Quiz: Encore (Part 17),,On which Queen studio album is 'Sweet Lady' found in the original track list?,,,,A Day at the Races,false
Queen Quiz: Encore (Part 17),,Which track closes the original A Kind of Magic album?,Albums,medium,2,Innuendo,false
Queen Quiz: Encore (Part 17),,Which track closes the original A Kind of Magic album?,,,,Is This the World We Created...?,false
Queen Quiz: Encore (Part 17),,Which track closes the original A Kind of Magic album?,,,,Princes of the Universe,true
Queen Quiz: Encore (Part 17),,Which track closes the original A Kind of Magic album?,,,,Seven Seas of Rhye,false
Queen Quiz: Encore (Part 17),,Which Queen studio album has both 'Who Wants to Live Forever' and 'Gimme the Prize (Kurgan's Theme)' on its original track list?,Albums,medium,2,A Night at the Opera,false
Queen Quiz: Encore (Part 17),,Which Queen studio album has both 'Who Wants to Live Forever' and 'Gimme the Prize (Kurgan's Theme)' on its original track list?,,,,Innuendo,false
Queen Quiz: Encore (Part 17),,Which Queen studio album has both 'Who Wants to Live Forever' and 'Gimme the Prize (Kurgan's Theme)' on its original track list?,,,,Jazz,false
Queen Quiz: Encore (Part 17),,Which Queen studio album has both 'Who Wants to Live Forever' and 'Gimme the Prize (Kurgan's Theme)' on its original track list?,,,,A Kind of Magic,true
Queen Quiz: Encore (Part 17),,Who sang 'Who Wants to Live Forever' with Queen at the 1992 tribute concert?,After Freddie,medium,2,Seal,true
Queen Quiz: Encore (Part 17),,Who sang 'Who Wants to Live Forever' with Queen at the 1992 tribute concert?,,,,Zucchero,false
Queen Quiz: Encore (Part 17),,Who sang 'Who Wants to Live Forever' with Queen at the 1992 tribute concert?,,,,Axl Rose,false
Queen Quiz: Encore (Part 17),,Who sang 'Who Wants to Live Forever' with Queen at the 1992 tribute concert?,,,,Roger Daltrey,false
Queen Quiz: Encore (Part 17),,Which track closes the original Jazz album?,Albums,medium,2,One Vision,false
Queen Quiz: Encore (Part 17),,Which track closes the original Jazz album?,,,,More of That Jazz,true
Queen Quiz: Encore (Part 17),,Which track closes the original Jazz album?,,,,Princes of the Universe,false
Queen Quiz: Encore (Part 17),,Which track closes the original Jazz album?,,,,Radio Ga Ga,false
Queen Quiz: Encore (Part 17),,"On the original A Kind of Magic track list, what comes immediately after 'One Vision'?",Album Tracks,medium,2,Who Wants to Live Forever,false
Queen Quiz: Encore (Part 17),,"On the original A Kind of Magic track list, what comes immediately after 'One Vision'?",,,,Gimme the Prize (Kurgan's Theme),false
Queen Quiz: Encore (Part 17),,"On the original A Kind of Magic track list, what comes immediately after 'One Vision'?",,,,A Kind of Magic,true
Queen Quiz: Encore (Part 17),,"On the original A Kind of Magic track list, what comes immediately after 'One Vision'?",,,,Princes of the Universe,false
Queen Quiz: Encore (Part 17),,"On 2024's 'Queen I', which song comes immediately before the restored 'Mad the Swine'?",After Freddie,hard,3,Doing All Right,false
Queen Quiz: Encore (Part 17),,"On 2024's 'Queen I', which song comes immediately before the restored 'Mad the Swine'?",,,,Liar,false
Queen Quiz: Encore (Part 17),,"On 2024's 'Queen I', which song comes immediately before the restored 'Mad the Swine'?",,,,My Fairy King,false
Queen Quiz: Encore (Part 17),,"On 2024's 'Queen I', which song comes immediately before the restored 'Mad the Swine'?",,,,Great King Rat,true
Queen Quiz: Encore (Part 17),,"On the original A Night at the Opera track list, what comes immediately after 'Sweet Lady'?",Album Tracks,hard,3,Seaside Rendezvous,true
Queen Quiz: Encore (Part 17),,"On the original A Night at the Opera track list, what comes immediately after 'Sweet Lady'?",,,,The Prophet's Song,false
Queen Quiz: Encore (Part 17),,"On the original A Night at the Opera track list, what comes immediately after 'Sweet Lady'?",,,,Good Company,false
Queen Quiz: Encore (Part 17),,"On the original A Night at the Opera track list, what comes immediately after 'Sweet Lady'?",,,,Bohemian Rhapsody,false
Queen Quiz: Encore (Part 17),,At which London venue did Roger Taylor's 2021 Outsider tour end?,Band Members,hard,3,Wembley Arena,false
Queen Quiz: Encore (Part 17),,At which London venue did Roger Taylor's 2021 Outsider tour end?,,,,O2 Shepherd's Bush Empire,true
Queen Quiz: Encore (Part 17),,At which London venue did Roger Taylor's 2021 Outsider tour end?,,,,Royal Albert Hall,false
Queen Quiz: Encore (Part 17),,At which London venue did Roger Taylor's 2021 Outsider tour end?,,,,Hammersmith Odeon,false
Queen Quiz: Encore (Part 17),,Which Queen studio album has both 'Bohemian Rhapsody' and 'God Save the Queen' on its original track list?,Albums,hard,3,Hot Space,false
Queen Quiz: Encore (Part 17),,Which Queen studio album has both 'Bohemian Rhapsody' and 'God Save the Queen' on its original track list?,,,,The Miracle,false
Queen Quiz: Encore (Part 17),,Which Queen studio album has both 'Bohemian Rhapsody' and 'God Save the Queen' on its original track list?,,,,A Night at the Opera,true
Queen Quiz: Encore (Part 17),,Which Queen studio album has both 'Bohemian Rhapsody' and 'God Save the Queen' on its original track list?,,,,The Works,false
Queen Quiz: Encore (Part 17),,Which track closes the original Back to the Light (Brian May) album?,Solo Projects,hard,3,Another World,false
Queen Quiz: Encore (Part 17),,Which track closes the original Back to the Light (Brian May) album?,,,,Pressure On,false
Queen Quiz: Encore (Part 17),,Which track closes the original Back to the Light (Brian May) album?,,,,Nazis 1994,false
Queen Quiz: Encore (Part 17),,Which track closes the original Back to the Light (Brian May) album?,,,,Rollin' Over,true
Queen Quiz: Encore (Part 17),,"On the original Queen track list, what comes immediately after 'Modern Times Rock 'n' Roll'?",Album Tracks,hard,3,Son and Daughter,true
Queen Quiz: Encore (Part 17),,"On the original Queen track list, what comes immediately after 'Modern Times Rock 'n' Roll'?",,,,Jesus,false
Queen Quiz: Encore (Part 17),,"On the original Queen track list, what comes immediately after 'Modern Times Rock 'n' Roll'?",,,,Seven Seas of Rhye (instrumental),false
Queen Quiz: Encore (Part 17),,"On the original Queen track list, what comes immediately after 'Modern Times Rock 'n' Roll'?",,,,Great King Rat,false
Queen Quiz: Encore (Part 17),,"On the original Sheer Heart Attack track list, what comes immediately before 'Now I'm Here'?",Album Tracks,hard,3,Misfire,false
Queen Quiz: Encore (Part 17),,"On the original Sheer Heart Attack track list, what comes immediately before 'Now I'm Here'?",,,,Lily of the Valley,true
Queen Quiz: Encore (Part 17),,"On the original Sheer Heart Attack track list, what comes immediately before 'Now I'm Here'?",,,,Brighton Rock,false
Queen Quiz: Encore (Part 17),,"On the original Sheer Heart Attack track list, what comes immediately before 'Now I'm Here'?",,,,Bring Back That Leroy Brown,false
Queen Quiz: Encore (Part 17),,"On the original News of the World track list, what comes immediately after 'Sleeping on the Sidewalk'?",Album Tracks,hard,3,Sheer Heart Attack,false
Queen Quiz: Encore (Part 17),,"On the original News of the World track list, what comes immediately after 'Sleeping on the Sidewalk'?",,,,We Are the Champions,false
Queen Quiz: Encore (Part 17),,"On the original News of the World track list, what comes immediately after 'Sleeping on the Sidewalk'?",,,,Who Needs You,true
Queen Quiz: Encore (Part 17),,"On the original News of the World track list, what comes immediately after 'Sleeping on the Sidewalk'?",,,,Fight from the Inside,false
Queen Quiz: Encore (Part 17),,Who led the ensemble finale of 'We Are the Champions' at the 1992 tribute concert?,After Freddie,hard,3,Annie Lennox,false
Queen Quiz: Encore (Part 17),,Who led the ensemble finale of 'We Are the Champions' at the 1992 tribute concert?,,,,Lisa Stansfield,false
Queen Quiz: Encore (Part 17),,Who led the ensemble finale of 'We Are the Champions' at the 1992 tribute concert?,,,,Elizabeth Taylor,false
Queen Quiz: Encore (Part 17),,Who led the ensemble finale of 'We Are the Champions' at the 1992 tribute concert?,,,,Liza Minnelli,true
Queen Quiz: Encore (Part 17),,"On 2024's 'Queen I', which song comes immediately after the restored 'Mad the Swine'?",After Freddie,hard,3,My Fairy King,true
Queen Quiz: Encore (Part 17),,"On 2024's 'Queen I', which song comes immediately after the restored 'Mad the Swine'?",,,,Liar,false
Queen Quiz: Encore (Part 17),,"On 2024's 'Queen I', which song comes immediately after the restored 'Mad the Swine'?",,,,The Night Comes Down,false
Queen Quiz: Encore (Part 17),,"On 2024's 'Queen I', which song comes immediately after the restored 'Mad the Swine'?",,,,Great King Rat,false
Queen Quiz: Encore (Part 17),,"On the original Fun in Space (Roger Taylor) track list, what comes immediately before 'Good Times Are Now'?",Solo Projects,hard,4,Fun in Space,false
Queen Quiz: Encore (Part 17),,"On the original Fun in Space (Roger Taylor) track list, what comes immediately before 'Good Times Are Now'?",,,,My Country I & II,true
Queen Quiz: Encore (Part 17),,"On the original Fun in Space (Roger Taylor) track list, what comes immediately before 'Good Times Are Now'?",,,,No Violins,false
Queen Quiz: Encore (Part 17),,"On the original Fun in Space (Roger Taylor) track list, what comes immediately before 'Good Times Are Now'?",,,,Magic Is Loose,false
Queen Quiz: Encore (Part 17),,"On the original Mr. Bad Guy (Freddie Mercury) track list, what comes immediately after 'Man Made Paradise'?",Solo Projects,hard,4,Love Me Like There's No Tomorrow,false
Queen Quiz: Encore (Part 17),,"On the original Mr. Bad Guy (Freddie Mercury) track list, what comes immediately after 'Man Made Paradise'?",,,,Living on My Own,false
Queen Quiz: Encore (Part 17),,"On the original Mr. Bad Guy (Freddie Mercury) track list, what comes immediately after 'Man Made Paradise'?",,,,There Must Be More to Life Than This,true
Queen Quiz: Encore (Part 17),,"On the original Mr. Bad Guy (Freddie Mercury) track list, what comes immediately after 'Man Made Paradise'?",,,,My Love Is Dangerous,false
Queen Quiz: Encore (Part 17),,Which Back to the Light (Brian May) track sits between 'I'm Scared' and 'Let Your Heart Rule Your Head'?,Solo Projects,hard,4,Rollin' Over,false
Queen Quiz: Encore (Part 17),,Which Back to the Light (Brian May) track sits between 'I'm Scared' and 'Let Your Heart Rule Your Head'?,,,,The Dark,false
Queen Quiz: Encore (Part 17),,Which Back to the Light (Brian May) track sits between 'I'm Scared' and 'Let Your Heart Rule Your Head'?,,,,Back to the Light,false
Queen Quiz: Encore (Part 17),,Which Back to the Light (Brian May) track sits between 'I'm Scared' and 'Let Your Heart Rule Your Head'?,,,,Last Horizon,true
Queen Quiz: Encore (Part 17),,"On the original Electric Fire (Roger Taylor) track list, what comes immediately before 'Surrender'?",Solo Projects,hard,4,Believe in Yourself,true
Queen Quiz: Encore (Part 17),,"On the original Electric Fire (Roger Taylor) track list, what comes immediately before 'Surrender'?",,,,Pressure On,false
Queen Quiz: Encore (Part 17),,"On the original Electric Fire (Roger Taylor) track list, what comes immediately before 'Surrender'?",,,,The Whisperers,false
Queen Quiz: Encore (Part 17),,"On the original Electric Fire (Roger Taylor) track list, what comes immediately before 'Surrender'?",,,,Working Class Hero,false
Queen Quiz: Encore (Part 18),"25 new Queen questions spanning the albums, solo projects, band members, and the years after Freddie.",On which Queen studio album is 'Man on the Prowl' found in the original track list?,Albums,easy,1,The Works,true
Queen Quiz: Encore (Part 18),,On which Queen studio album is 'Man on the Prowl' found in the original track list?,,,,Queen,false
Queen Quiz: Encore (Part 18),,On which Queen studio album is 'Man on the Prowl' found in the original track list?,,,,Hot Space,false
Queen Quiz: Encore (Part 18),,On which Queen studio album is 'Man on the Prowl' found in the original track list?,,,,News of the World,false
Queen Quiz: Encore (Part 18),,On which Queen studio album is 'Need Your Loving Tonight' found in the original track list?,Albums,easy,1,The Works,false
Queen Quiz: Encore (Part 18),,On which Queen studio album is 'Need Your Loving Tonight' found in the original track list?,,,,The Game,true
Queen Quiz: Encore (Part 18),,On which Queen studio album is 'Need Your Loving Tonight' found in the original track list?,,,,The Miracle,false
Queen Quiz: Encore (Part 18),,On which Queen studio album is 'Need Your Loving Tonight' found in the original track list?,,,,Innuendo,false
Queen Quiz: Encore (Part 18),,To whose spirit did Queen dedicate the 'Made in Heaven' sleeve?,After Freddie,easy,1,Jim Beach,false
Queen Quiz: Encore (Part 18),,To whose spirit did Queen dedicate the 'Made in Heaven' sleeve?,,,,John Deacon,false
Queen Quiz: Encore (Part 18),,To whose spirit did Queen dedicate the 'Made in Heaven' sleeve?,,,,Freddie Mercury,true
Queen Quiz: Encore (Part 18),,To whose spirit did Queen dedicate the 'Made in Heaven' sleeve?,,,,David Richards,false
Queen Quiz: Encore (Part 18),,How did young John Deacon save for his first proper guitar?,Band Members,medium,2,Washing cars,false
Queen Quiz: Encore (Part 18),,How did young John Deacon save for his first proper guitar?,,,,Delivering groceries,false
Queen Quiz: Encore (Part 18),,How did young John Deacon save for his first proper guitar?,,,,Busking,false
Queen Quiz: Encore (Part 18),,How did young John Deacon save for his first proper guitar?,,,,A paper round,true
Queen Quiz: Encore (Part 18),,Which Queen studio album has both 'Rain Must Fall' and 'Scandal' on its original track list?,Albums,medium,2,The Miracle,true
Queen Quiz: Encore (Part 18),,Which Queen studio album has both 'Rain Must Fall' and 'Scandal' on its original track list?,,,,News of the World,false
Queen Quiz: Encore (Part 18),,Which Queen studio album has both 'Rain Must Fall' and 'Scandal' on its original track list?,,,,Innuendo,false
Queen Quiz: Encore (Part 18),,Which Queen studio album has both 'Rain Must Fall' and 'Scandal' on its original track list?,,,,Jazz,false
Queen Quiz: Encore (Part 18),,On which Queen studio album is 'Who Needs You' found in the original track list?,Albums,medium,2,The Works,false
Queen Quiz: Encore (Part 18),,On which Queen studio album is 'Who Needs You' found in the original track list?,,,,News of the World,true
Queen Quiz: Encore (Part 18),,On which Queen studio album is 'Who Needs You' found in the original track list?,,,,Innuendo,false
Queen Quiz: Encore (Part 18),,On which Queen studio album is 'Who Needs You' found in the original track list?,,,,A Day at the Races,false
Queen Quiz: Encore (Part 18),,Which lake appears behind Freddie Mercury's statue on the 'Made in Heaven' cover?,After Freddie,medium,2,Lake Como,false
Queen Quiz: Encore (Part 18),,Which lake appears behind Freddie Mercury's statue on the 'Made in Heaven' cover?,,,,Lake Lucerne,false
Queen Quiz: Encore (Part 18),,Which lake appears behind Freddie Mercury's statue on the 'Made in Heaven' cover?,,,,Lake Geneva,true
Queen Quiz: Encore (Part 18),,Which lake appears behind Freddie Mercury's statue on the 'Made in Heaven' cover?,,,,Lake Garda,false
Queen Quiz: Encore (Part 18),,On which Queen studio album is 'Now I'm Here' found in the original track list?,Albums,medium,2,Hot Space,false
Queen Quiz: Encore (Part 18),,On which Queen studio album is 'Now I'm Here' found in the original track list?,,,,The Miracle,false
Queen Quiz: Encore (Part 18),,On which Queen studio album is 'Now I'm Here' found in the original track list?,,,,Jazz,false
Queen Quiz: Encore (Part 18),,On which Queen studio album is 'Now I'm Here' found in the original track list?,,,,Sheer Heart Attack,true
Queen Quiz: Encore (Part 18),,Who joined David Bowie and Queen on 'Under Pressure' at the 1992 tribute concert?,After Freddie,medium,2,Annie Lennox,true
Queen Quiz: Encore (Part 18),,Who joined David Bowie and Queen on 'Under Pressure' at the 1992 tribute concert?,,,,Lisa Stansfield,false
Queen Quiz: Encore (Part 18),,Who joined David Bowie and Queen on 'Under Pressure' at the 1992 tribute concert?,,,,Liza Minnelli,false
Queen Quiz: Encore (Part 18),,Who joined David Bowie and Queen on 'Under Pressure' at the 1992 tribute concert?,,,,Debbie Harry,false
Queen Quiz: Encore (Part 18),,On which Queen studio album is 'Seven Seas of Rhye (instrumental)' found in the original track list?,Albums,medium,2,Innuendo,false
Queen Quiz: Encore (Part 18),,On which Queen studio album is 'Seven Seas of Rhye (instrumental)' found in the original track list?,,,,Queen,true
Queen Quiz: Encore (Part 18),,On which Queen studio album is 'Seven Seas of Rhye (instrumental)' found in the original track list?,,,,A Night at the Opera,false
Queen Quiz: Encore (Part 18),,On which Queen studio album is 'Seven Seas of Rhye (instrumental)' found in the original track list?,,,,Queen II,false
Queen Quiz: Encore (Part 18),,In which year was Brian May appointed CBE?,Band Members,medium,2,1995,false
Queen Quiz: Encore (Part 18),,In which year was Brian May appointed CBE?,,,,2015,false
Queen Quiz: Encore (Part 18),,In which year was Brian May appointed CBE?,,,,2005,true
Queen Quiz: Encore (Part 18),,In which year was Brian May appointed CBE?,,,,2023,false
Queen Quiz: Encore (Part 18),,Who wrote the Queen album track 'One Year of Love'?,Songwriting,hard,3,Brian May,false
Queen Quiz: Encore (Part 18),,Who wrote the Queen album track 'One Year of Love'?,,,,Freddie Mercury,false
Queen Quiz: Encore (Part 18),,Who wrote the Queen album track 'One Year of Love'?,,,,Roger Taylor,false
Queen Quiz: Encore (Part 18),,Who wrote the Queen album track 'One Year of Love'?,,,,John Deacon,true
Queen Quiz: Encore (Part 18),,"On the original The Miracle track list, what comes immediately before 'Rain Must Fall'?",Album Tracks,hard,3,Breakthru,true
Queen Quiz: Encore (Part 18),,"On the original The Miracle track list, what comes immediately before 'Rain Must Fall'?",,,,I Want It All,false
Queen Quiz: Encore (Part 18),,"On the original The Miracle track list, what comes immediately before 'Rain Must Fall'?",,,,The Invisible Man,false
Queen Quiz: Encore (Part 18),,"On the original The Miracle track list, what comes immediately before 'Rain Must Fall'?",,,,My Baby Does Me,false
Queen Quiz: Encore (Part 18),,For which theatrical work did Brian May compose music at Riverside Studios in 1987?,Band Members,hard,3,Hamlet,false
Queen Quiz: Encore (Part 18),,For which theatrical work did Brian May compose music at Riverside Studios in 1987?,,,,Macbeth,true
Queen Quiz: Encore (Part 18),,For which theatrical work did Brian May compose music at Riverside Studios in 1987?,,,,The Tempest,false
Queen Quiz: Encore (Part 18),,For which theatrical work did Brian May compose music at Riverside Studios in 1987?,,,,A Midsummer Night's Dream,false
Queen Quiz: Encore (Part 18),,Who wrote the Queen album track 'More of That Jazz'?,Songwriting,hard,3,Brian May,false
Queen Quiz: Encore (Part 18),,Who wrote the Queen album track 'More of That Jazz'?,,,,Freddie Mercury,false
Queen Quiz: Encore (Part 18),,Who wrote the Queen album track 'More of That Jazz'?,,,,Roger Taylor,true
Queen Quiz: Encore (Part 18),,Who wrote the Queen album track 'More of That Jazz'?,,,,John Deacon,false
Queen Quiz: Encore (Part 18),,"On the original The Game track list, what comes immediately after 'Don't Try Suicide'?",Album Tracks,hard,3,Coming Soon,false
Queen Quiz: Encore (Part 18),,"On the original The Game track list, what comes immediately after 'Don't Try Suicide'?",,,,Save Me,false
Queen Quiz: Encore (Part 18),,"On the original The Game track list, what comes immediately after 'Don't Try Suicide'?",,,,Another One Bites the Dust,false
Queen Quiz: Encore (Part 18),,"On the original The Game track list, what comes immediately after 'Don't Try Suicide'?",,,,Sail Away Sweet Sister,true
Queen Quiz: Encore (Part 18),,Which track opens the original Happiness? (Roger Taylor) album?,Solo Projects,hard,3,Nazis 1994,true
Queen Quiz: Encore (Part 18),,Which track opens the original Happiness? (Roger Taylor) album?,,,,Fun in Space,false
Queen Quiz: Encore (Part 18),,Which track opens the original Happiness? (Roger Taylor) album?,,,,Let's Turn It On,false
Queen Quiz: Encore (Part 18),,Which track opens the original Happiness? (Roger Taylor) album?,,,,No Violins,false
Queen Quiz: Encore (Part 18),,Which track closes the original Mr. Bad Guy (Freddie Mercury) album?,Solo Projects,hard,3,The Dark,false
Queen Quiz: Encore (Part 18),,Which track closes the original Mr. Bad Guy (Freddie Mercury) album?,,,,Love Me Like There's No Tomorrow,true
Queen Quiz: Encore (Part 18),,Which track closes the original Mr. Bad Guy (Freddie Mercury) album?,,,,Strange Frontier,false
Queen Quiz: Encore (Part 18),,Which track closes the original Mr. Bad Guy (Freddie Mercury) album?,,,,Old Friends,false
Queen Quiz: Encore (Part 18),,Which 2009 solo single marked Roger Taylor's return to recording?,Band Members,hard,3,Radio Ga Ga,false
Queen Quiz: Encore (Part 18),,Which 2009 solo single marked Roger Taylor's return to recording?,,,,Pressure On,false
Queen Quiz: Encore (Part 18),,Which 2009 solo single marked Roger Taylor's return to recording?,,,,The Unblinking Eye,true
Queen Quiz: Encore (Part 18),,Which 2009 solo single marked Roger Taylor's return to recording?,,,,Nazis 1994,false
Queen Quiz: Encore (Part 18),,"On the original Sheer Heart Attack track list, what comes immediately after 'Stone Cold Crazy'?",Album Tracks,hard,3,Tenement Funster,false
Queen Quiz: Encore (Part 18),,"On the original Sheer Heart Attack track list, what comes immediately after 'Stone Cold Crazy'?",,,,Killer Queen,false
Queen Quiz: Encore (Part 18),,"On the original Sheer Heart Attack track list, what comes immediately after 'Stone Cold Crazy'?",,,,Misfire,false
Queen Quiz: Encore (Part 18),,"On the original Sheer Heart Attack track list, what comes immediately after 'Stone Cold Crazy'?",,,,Dear Friends,true
Queen Quiz: Encore (Part 18),,"On the original A Kind of Magic track list, what comes immediately before 'Who Wants to Live Forever'?",Album Tracks,hard,3,Friends Will Be Friends,true
Queen Quiz: Encore (Part 18),,"On the original A Kind of Magic track list, what comes immediately before 'Who Wants to Live Forever'?",,,,Don't Lose Your Head,false
Queen Quiz: Encore (Part 18),,"On the original A Kind of Magic track list, what comes immediately before 'Who Wants to Live Forever'?",,,,Pain Is So Close to Pleasure,false
Queen Quiz: Encore (Part 18),,"On the original A Kind of Magic track list, what comes immediately before 'Who Wants to Live Forever'?",,,,One Vision,false
Queen Quiz: Encore (Part 18),,"On the original Electric Fire (Roger Taylor) track list, what comes immediately after 'Believe in Yourself'?",Solo Projects,hard,4,Is It Me?,false
Queen Quiz: Encore (Part 18),,"On the original Electric Fire (Roger Taylor) track list, what comes immediately after 'Believe in Yourself'?",,,,Surrender,true
Queen Quiz: Encore (Part 18),,"On the original Electric Fire (Roger Taylor) track list, what comes immediately after 'Believe in Yourself'?",,,,"London Town, C'mon Down",false
Queen Quiz: Encore (Part 18),,"On the original Electric Fire (Roger Taylor) track list, what comes immediately after 'Believe in Yourself'?",,,,People on Streets,false
Queen Quiz: Encore (Part 18),,"On the original Fun in Space (Roger Taylor) track list, what comes immediately after 'Good Times Are Now'?",Solo Projects,hard,4,Interlude in Constantinople,false
Queen Quiz: Encore (Part 18),,"On the original Fun in Space (Roger Taylor) track list, what comes immediately after 'Good Times Are Now'?",,,,Let's Get Crazy,false
Queen Quiz: Encore (Part 18),,"On the original Fun in Space (Roger Taylor) track list, what comes immediately after 'Good Times Are Now'?",,,,Magic Is Loose,true
Queen Quiz: Encore (Part 18),,"On the original Fun in Space (Roger Taylor) track list, what comes immediately after 'Good Times Are Now'?",,,,Airheads,false
Queen Quiz: Encore (Part 18),,"On the original Happiness? (Roger Taylor) track list, what comes immediately after 'Revelations'?",Solo Projects,hard,4,You Had to Be There,false
Queen Quiz: Encore (Part 18),,"On the original Happiness? (Roger Taylor) track list, what comes immediately after 'Revelations'?",,,,Old Friends,false
Queen Quiz: Encore (Part 18),,"On the original Happiness? (Roger Taylor) track list, what comes immediately after 'Revelations'?",,,,Foreign Sand,false
Queen Quiz: Encore (Part 18),,"On the original Happiness? (Roger Taylor) track list, what comes immediately after 'Revelations'?",,,,Touch the Sky,true
Queen Quiz: Encore (Part 18),,"On the original Happiness? (Roger Taylor) track list, what comes immediately before 'Old Friends'?",Solo Projects,hard,4,Dear Mr Murdoch,true
Queen Quiz: Encore (Part 18),,"On the original Happiness? (Roger Taylor) track list, what comes immediately before 'Old Friends'?",,,,The Key,false
Queen Quiz: Encore (Part 18),,"On the original Happiness? (Roger Taylor) track list, what comes immediately before 'Old Friends'?",,,,Foreign Sand,false
Queen Quiz: Encore (Part 18),,"On the original Happiness? (Roger Taylor) track list, what comes immediately before 'Old Friends'?",,,,Loneliness...,false
Queen Quiz: Encore (Part 19),"25 new Queen questions spanning the albums, solo projects, band members, and the years after Freddie.",On which Queen studio album is 'A Kind of Magic' found in the original track list?,Albums,easy,1,A Kind of Magic,true
Queen Quiz: Encore (Part 19),,On which Queen studio album is 'A Kind of Magic' found in the original track list?,,,,The Works,false
Queen Quiz: Encore (Part 19),,On which Queen studio album is 'A Kind of Magic' found in the original track list?,,,,Sheer Heart Attack,false
Queen Quiz: Encore (Part 19),,On which Queen studio album is 'A Kind of Magic' found in the original track list?,,,,A Night at the Opera,false
Queen Quiz: Encore (Part 19),,Which track closes the original A Night at the Opera album?,Albums,easy,1,Innuendo,false
Queen Quiz: Encore (Part 19),,Which track closes the original A Night at the Opera album?,,,,God Save the Queen,true
Queen Quiz: Encore (Part 19),,Which track closes the original A Night at the Opera album?,,,,Princes of the Universe,false
Queen Quiz: Encore (Part 19),,Which track closes the original A Night at the Opera album?,,,,Seven Seas of Rhye,false
Queen Quiz: Encore (Part 19),,Which track opens the original News of the World album?,Albums,medium,2,Is This the World We Created...?,false
Queen Quiz: Encore (Part 19),,Which track opens the original News of the World album?,,,,Mustapha,false
Queen Quiz: Encore (Part 19),,Which track opens the original News of the World album?,,,,We Will Rock You,true
Queen Quiz: Encore (Part 19),,Which track opens the original News of the World album?,,,,Innuendo,false
Queen Quiz: Encore (Part 19),,Which track opens the original Sheer Heart Attack album?,Albums,medium,2,Innuendo,false
Queen Quiz: Encore (Part 19),,Which track opens the original Sheer Heart Attack album?,,,,Play the Game,false
Queen Quiz: Encore (Part 19),,Which track opens the original Sheer Heart Attack album?,,,,Seven Seas of Rhye (instrumental),false
Queen Quiz: Encore (Part 19),,Which track opens the original Sheer Heart Attack album?,,,,Brighton Rock,true
Queen Quiz: Encore (Part 19),,Which track closes the original The Works album?,Albums,medium,2,Is This the World We Created...?,true
Queen Quiz: Encore (Part 19),,Which track closes the original The Works album?,,,,Innuendo,false
Queen Quiz: Encore (Part 19),,Which track closes the original The Works album?,,,,Under Pressure,false
Queen Quiz: Encore (Part 19),,Which track closes the original The Works album?,,,,Tie Your Mother Down,false
Queen Quiz: Encore (Part 19),,In which month of 1995 was Queen's 'Made in Heaven' released?,After Freddie,medium,2,February,false
Queen Quiz: Encore (Part 19),,In which month of 1995 was Queen's 'Made in Heaven' released?,,,,November,true
Queen Quiz: Encore (Part 19),,In which month of 1995 was Queen's 'Made in Heaven' released?,,,,May,false
Queen Quiz: Encore (Part 19),,In which month of 1995 was Queen's 'Made in Heaven' released?,,,,August,false
Queen Quiz: Encore (Part 19),,In which London-area town was Brian May born?,Band Members,medium,2,Hounslow,false
Queen Quiz: Encore (Part 19),,In which London-area town was Brian May born?,,,,Ealing,false
Queen Quiz: Encore (Part 19),,In which London-area town was Brian May born?,,,,Twickenham,true
Queen Quiz: Encore (Part 19),,In which London-area town was Brian May born?,,,,Richmond,false
Queen Quiz: Encore (Part 19),,"On the original Queen track list, what comes immediately after 'Liar'?",Album Tracks,medium,2,My Fairy King,false
Queen Quiz: Encore (Part 19),,"On the original Queen track list, what comes immediately after 'Liar'?",,,,Keep Yourself Alive,false
Queen Quiz: Encore (Part 19),,"On the original Queen track list, what comes immediately after 'Liar'?",,,,Modern Times Rock 'n' Roll,false
Queen Quiz: Encore (Part 19),,"On the original Queen track list, what comes immediately after 'Liar'?",,,,The Night Comes Down,true
Queen Quiz: Encore (Part 19),,Which Queen studio album has both 'If You Can't Beat Them' and 'Let Me Entertain You' on its original track list?,Albums,medium,2,Jazz,true
Queen Quiz: Encore (Part 19),,Which Queen studio album has both 'If You Can't Beat Them' and 'Let Me Entertain You' on its original track list?,,,,The Works,false
Queen Quiz: Encore (Part 19),,Which Queen studio album has both 'If You Can't Beat Them' and 'Let Me Entertain You' on its original track list?,,,,Queen II,false
Queen Quiz: Encore (Part 19),,Which Queen studio album has both 'If You Can't Beat Them' and 'Let Me Entertain You' on its original track list?,,,,A Day at the Races,false
Queen Quiz: Encore (Part 19),,"On the original The Works track list, what comes immediately after 'Machines (or Back to Humans)'?",Album Tracks,medium,2,Tear It Up,false
Queen Quiz: Encore (Part 19),,"On the original The Works track list, what comes immediately after 'Machines (or Back to Humans)'?",,,,I Want to Break Free,true
Queen Quiz: Encore (Part 19),,"On the original The Works track list, what comes immediately after 'Machines (or Back to Humans)'?",,,,Radio Ga Ga,false
Queen Quiz: Encore (Part 19),,"On the original The Works track list, what comes immediately after 'Machines (or Back to Humans)'?",,,,Keep Passing the Open Windows,false
Queen Quiz: Encore (Part 19),,Which track closes the original News of the World album?,Albums,medium,2,Party,false
Queen Quiz: Encore (Part 19),,Which track closes the original News of the World album?,,,,Seven Seas of Rhye (instrumental),false
Queen Quiz: Encore (Part 19),,Which track closes the original News of the World album?,,,,My Melancholy Blues,true
Queen Quiz: Encore (Part 19),,Which track closes the original News of the World album?,,,,Brighton Rock,false
Queen Quiz: Encore (Part 19),,Which choreographer created Freddie Mercury's surprise 1977 charity ballet routine?,Band Members,hard,3,Maurice Béjart,false
Queen Quiz: Encore (Part 19),,Which choreographer created Freddie Mercury's surprise 1977 charity ballet routine?,,,,Kenneth MacMillan,false
Queen Quiz: Encore (Part 19),,Which choreographer created Freddie Mercury's surprise 1977 charity ballet routine?,,,,Matthew Bourne,false
Queen Quiz: Encore (Part 19),,Which choreographer created Freddie Mercury's surprise 1977 charity ballet routine?,,,,Wayne Eagling,true
Queen Quiz: Encore (Part 19),,Who wrote the Queen album track 'Fat Bottomed Girls'?,Songwriting,hard,3,Brian May,true
Queen Quiz: Encore (Part 19),,Who wrote the Queen album track 'Fat Bottomed Girls'?,,,,Freddie Mercury,false
Queen Quiz: Encore (Part 19),,Who wrote the Queen album track 'Fat Bottomed Girls'?,,,,Roger Taylor,false
Queen Quiz: Encore (Part 19),,Who wrote the Queen album track 'Fat Bottomed Girls'?,,,,John Deacon,false
Queen Quiz: Encore (Part 19),,"On the original The Miracle track list, what comes immediately before 'Scandal'?",Album Tracks,hard,3,The Miracle,false
Queen Quiz: Encore (Part 19),,"On the original The Miracle track list, what comes immediately before 'Scandal'?",,,,Rain Must Fall,true
Queen Quiz: Encore (Part 19),,"On the original The Miracle track list, what comes immediately before 'Scandal'?",,,,Breakthru,false
Queen Quiz: Encore (Part 19),,"On the original The Miracle track list, what comes immediately before 'Scandal'?",,,,Party,false
Queen Quiz: Encore (Part 19),,"On the original A Kind of Magic track list, what comes immediately before 'Gimme the Prize (Kurgan's Theme)'?",Album Tracks,hard,3,A Kind of Magic,false
Queen Quiz: Encore (Part 19),,"On the original A Kind of Magic track list, what comes immediately before 'Gimme the Prize (Kurgan's Theme)'?",,,,Friends Will Be Friends,false
Queen Quiz: Encore (Part 19),,"On the original A Kind of Magic track list, what comes immediately before 'Gimme the Prize (Kurgan's Theme)'?",,,,Who Wants to Live Forever,true
Queen Quiz: Encore (Part 19),,"On the original A Kind of Magic track list, what comes immediately before 'Gimme the Prize (Kurgan's Theme)'?",,,,Don't Lose Your Head,false
Queen Quiz: Encore (Part 19),,Which track opens the original Another World (Brian May) album?,Solo Projects,hard,3,Let's Turn It On,false
Queen Quiz: Encore (Part 19),,Which track opens the original Another World (Brian May) album?,,,,Rollin' Over,false
Queen Quiz: Encore (Part 19),,Which track opens the original Another World (Brian May) album?,,,,The Dark,false
Queen Quiz: Encore (Part 19),,Which track opens the original Another World (Brian May) album?,,,,Space,true
Queen Quiz: Encore (Part 19),,"On the original Hot Space track list, what comes immediately before 'Las Palabras de Amor (The Words of Love)'?",Album Tracks,hard,3,Calling All Girls,true
Queen Quiz: Encore (Part 19),,"On the original Hot Space track list, what comes immediately before 'Las Palabras de Amor (The Words of Love)'?",,,,Action This Day,false
Queen Quiz: Encore (Part 19),,"On the original Hot Space track list, what comes immediately before 'Las Palabras de Amor (The Words of Love)'?",,,,Body Language,false
Queen Quiz: Encore (Part 19),,"On the original Hot Space track list, what comes immediately before 'Las Palabras de Amor (The Words of Love)'?",,,,Cool Cat,false
Queen Quiz: Encore (Part 19),,"On the original Jazz track list, what comes immediately after 'Dead on Time'?",Album Tracks,hard,3,Leaving Home Ain't Easy,false
Queen Quiz: Encore (Part 19),,"On the original Jazz track list, what comes immediately after 'Dead on Time'?",,,,In Only Seven Days,true
Queen Quiz: Encore (Part 19),,"On the original Jazz track list, what comes immediately after 'Dead on Time'?",,,,Dreamers Ball,false
Queen Quiz: Encore (Part 19),,"On the original Jazz track list, what comes immediately after 'Dead on Time'?",,,,If You Can't Beat Them,false
Queen Quiz: Encore (Part 19),,Which Bob Dylan song appears on Roger Taylor's 'Strange Frontier'?,Solo Projects,hard,3,Blowin' in the Wind,false
Queen Quiz: Encore (Part 19),,Which Bob Dylan song appears on Roger Taylor's 'Strange Frontier'?,,,,Hurricane,false
Queen Quiz: Encore (Part 19),,Which Bob Dylan song appears on Roger Taylor's 'Strange Frontier'?,,,,Masters of War,true
Queen Quiz: Encore (Part 19),,Which Bob Dylan song appears on Roger Taylor's 'Strange Frontier'?,,,,Like a Rolling Stone,false
Queen Quiz: Encore (Part 19),,"On the original Innuendo track list, what comes immediately before 'I Can't Live with You'?",Album Tracks,hard,3,Innuendo,false
Queen Quiz: Encore (Part 19),,"On the original Innuendo track list, what comes immediately before 'I Can't Live with You'?",,,,Ride the Wild Wind,false
Queen Quiz: Encore (Part 19),,"On the original Innuendo track list, what comes immediately before 'I Can't Live with You'?",,,,Bijou,false
Queen Quiz: Encore (Part 19),,"On the original Innuendo track list, what comes immediately before 'I Can't Live with You'?",,,,Headlong,true
Queen Quiz: Encore (Part 19),,Who wrote the Queen album track 'Funny How Love Is'?,Songwriting,hard,3,Freddie Mercury,true
Queen Quiz: Encore (Part 19),,Who wrote the Queen album track 'Funny How Love Is'?,,,,Brian May,false
Queen Quiz: Encore (Part 19),,Who wrote the Queen album track 'Funny How Love Is'?,,,,Roger Taylor,false
Queen Quiz: Encore (Part 19),,Who wrote the Queen album track 'Funny How Love Is'?,,,,John Deacon,false
Queen Quiz: Encore (Part 19),,"On the original Barcelona (Freddie Mercury and Montserrat Caballé) track list, what comes immediately before 'The Golden Boy'?",Solo Projects,hard,4,How Can I Go On,false
Queen Quiz: Encore (Part 19),,"On the original Barcelona (Freddie Mercury and Montserrat Caballé) track list, what comes immediately before 'The Golden Boy'?",,,,Ensueño,true
Queen Quiz: Encore (Part 19),,"On the original Barcelona (Freddie Mercury and Montserrat Caballé) track list, what comes immediately before 'The Golden Boy'?",,,,The Fallen Priest,false
Queen Quiz: Encore (Part 19),,"On the original Barcelona (Freddie Mercury and Montserrat Caballé) track list, what comes immediately before 'The Golden Boy'?",,,,Barcelona,false
Queen Quiz: Encore (Part 19),,Which Barcelona (Freddie Mercury and Montserrat Caballé) track sits between 'Barcelona' and 'The Fallen Priest'?,Solo Projects,hard,4,How Can I Go On,false
Queen Quiz: Encore (Part 19),,Which Barcelona (Freddie Mercury and Montserrat Caballé) track sits between 'Barcelona' and 'The Fallen Priest'?,,,,Overture Piccante,false
Queen Quiz: Encore (Part 19),,Which Barcelona (Freddie Mercury and Montserrat Caballé) track sits between 'Barcelona' and 'The Fallen Priest'?,,,,La Japonaise,true
Queen Quiz: Encore (Part 19),,Which Barcelona (Freddie Mercury and Montserrat Caballé) track sits between 'Barcelona' and 'The Fallen Priest'?,,,,The Golden Boy,false
Queen Quiz: Encore (Part 19),,"On the original Strange Frontier (Roger Taylor) track list, what comes immediately after 'Killing Time'?",Solo Projects,hard,4,It's an Illusion,false
Queen Quiz: Encore (Part 19),,"On the original Strange Frontier (Roger Taylor) track list, what comes immediately after 'Killing Time'?",,,,"I Cry for You (Love, Hope and Confusion)",false
Queen Quiz: Encore (Part 19),,"On the original Strange Frontier (Roger Taylor) track list, what comes immediately after 'Killing Time'?",,,,Man on Fire,false
Queen Quiz: Encore (Part 19),,"On the original Strange Frontier (Roger Taylor) track list, what comes immediately after 'Killing Time'?",,,,Young Love,true
Queen Quiz: Encore (Part 19),,"On the original Electric Fire (Roger Taylor) track list, what comes immediately after 'People on Streets'?",Solo Projects,hard,4,The Whisperers,true
Queen Quiz: Encore (Part 19),,"On the original Electric Fire (Roger Taylor) track list, what comes immediately after 'People on Streets'?",,,,Surrender,false
Queen Quiz: Encore (Part 19),,"On the original Electric Fire (Roger Taylor) track list, what comes immediately after 'People on Streets'?",,,,Pressure On,false
Queen Quiz: Encore (Part 19),,"On the original Electric Fire (Roger Taylor) track list, what comes immediately after 'People on Streets'?",,,,Working Class Hero,false
Queen Quiz: Encore (Part 20),"25 new Queen questions spanning the albums, solo projects, band members, and the years after Freddie.",Which Queen studio album has both 'Body Language' and 'Action This Day' on its original track list?,Albums,easy,1,Hot Space,true
Queen Quiz: Encore (Part 20),,Which Queen studio album has both 'Body Language' and 'Action This Day' on its original track list?,,,,Sheer Heart Attack,false
Queen Quiz: Encore (Part 20),,Which Queen studio album has both 'Body Language' and 'Action This Day' on its original track list?,,,,A Kind of Magic,false
Queen Quiz: Encore (Part 20),,Which Queen studio album has both 'Body Language' and 'Action This Day' on its original track list?,,,,A Day at the Races,false
Queen Quiz: Encore (Part 20),,Which Queen studio album has both 'I'm in Love with My Car' and 'You're My Best Friend' on its original track list?,Albums,easy,1,Jazz,false
Queen Quiz: Encore (Part 20),,Which Queen studio album has both 'I'm in Love with My Car' and 'You're My Best Friend' on its original track list?,,,,A Night at the Opera,true
Queen Quiz: Encore (Part 20),,Which Queen studio album has both 'I'm in Love with My Car' and 'You're My Best Friend' on its original track list?,,,,Queen II,false
Queen Quiz: Encore (Part 20),,Which Queen studio album has both 'I'm in Love with My Car' and 'You're My Best Friend' on its original track list?,,,,News of the World,false
Queen Quiz: Encore (Part 20),,On which Queen studio album is 'The Loser in the End' found in the original track list?,Albums,medium,2,A Day at the Races,false
Queen Quiz: Encore (Part 20),,On which Queen studio album is 'The Loser in the End' found in the original track list?,,,,A Night at the Opera,false
Queen Quiz: Encore (Part 20),,On which Queen studio album is 'The Loser in the End' found in the original track list?,,,,Queen II,true
Queen Quiz: Encore (Part 20),,On which Queen studio album is 'The Loser in the End' found in the original track list?,,,,The Miracle,false
Queen Quiz: Encore (Part 20),,On which Queen studio album is 'Lily of the Valley' found in the original track list?,Albums,medium,2,The Game,false
Queen Quiz: Encore (Part 20),,On which Queen studio album is 'Lily of the Valley' found in the original track list?,,,,Innuendo,false
Queen Quiz: Encore (Part 20),,On which Queen studio album is 'Lily of the Valley' found in the original track list?,,,,The Works,false
Queen Quiz: Encore (Part 20),,On which Queen studio album is 'Lily of the Valley' found in the original track list?,,,,Sheer Heart Attack,true
Queen Quiz: Encore (Part 20),,What was the title of Roger Taylor's 2021 solo album?,Band Members,medium,2,Outsider,true
Queen Quiz: Encore (Part 20),,What was the title of Roger Taylor's 2021 solo album?,,,,Electric Fire,false
Queen Quiz: Encore (Part 20),,What was the title of Roger Taylor's 2021 solo album?,,,,Fun on Earth,false
Queen Quiz: Encore (Part 20),,What was the title of Roger Taylor's 2021 solo album?,,,,Strange Frontier,false
Queen Quiz: Encore (Part 20),,Which Queen studio album has both 'The Fairy Feller's Master-Stroke' and 'Nevermore' on its original track list?,Albums,medium,2,A Kind of Magic,false
Queen Quiz: Encore (Part 20),,Which Queen studio album has both 'The Fairy Feller's Master-Stroke' and 'Nevermore' on its original track list?,,,,Queen II,true
Queen Quiz: Encore (Part 20),,Which Queen studio album has both 'The Fairy Feller's Master-Stroke' and 'Nevermore' on its original track list?,,,,The Game,false
Queen Quiz: Encore (Part 20),,Which Queen studio album has both 'The Fairy Feller's Master-Stroke' and 'Nevermore' on its original track list?,,,,Innuendo,false
Queen Quiz: Encore (Part 20),,On which July day was Brian May born?,Band Members,medium,2,9 July,false
Queen Quiz: Encore (Part 20),,On which July day was Brian May born?,,,,26 July,false
Queen Quiz: Encore (Part 20),,On which July day was Brian May born?,,,,19 July,true
Queen Quiz: Encore (Part 20),,On which July day was Brian May born?,,,,29 July,false
Queen Quiz: Encore (Part 20),,"On the original Innuendo track list, what comes immediately after 'Headlong'?",Album Tracks,medium,2,All God's People,false
Queen Quiz: Encore (Part 20),,"On the original Innuendo track list, what comes immediately after 'Headlong'?",,,,The Show Must Go On,false
Queen Quiz: Encore (Part 20),,"On the original Innuendo track list, what comes immediately after 'Headlong'?",,,,Don't Try So Hard,false
Queen Quiz: Encore (Part 20),,"On the original Innuendo track list, what comes immediately after 'Headlong'?",,,,I Can't Live with You,true
Queen Quiz: Encore (Part 20),,On which Queen studio album is 'It's Late' found in the original track list?,Albums,medium,2,News of the World,true
Queen Quiz: Encore (Part 20),,On which Queen studio album is 'It's Late' found in the original track list?,,,,A Day at the Races,false
Queen Quiz: Encore (Part 20),,On which Queen studio album is 'It's Late' found in the original track list?,,,,The Game,false
Queen Quiz: Encore (Part 20),,On which Queen studio album is 'It's Late' found in the original track list?,,,,Hot Space,false
Queen Quiz: Encore (Part 20),,Which drummer played on Brian May's 'Back to the Light' album?,Solo Projects,medium,2,Roger Taylor,false
Queen Quiz: Encore (Part 20),,Which drummer played on Brian May's 'Back to the Light' album?,,,,Cozy Powell,true
Queen Quiz: Encore (Part 20),,Which drummer played on Brian May's 'Back to the Light' album?,,,,Phil Collins,false
Queen Quiz: Encore (Part 20),,Which drummer played on Brian May's 'Back to the Light' album?,,,,Ian Paice,false
Queen Quiz: Encore (Part 20),,Which Queen studio album has both 'Somebody to Love' and 'White Man' on its original track list?,Albums,medium,2,Hot Space,false
Queen Quiz: Encore (Part 20),,Which Queen studio album has both 'Somebody to Love' and 'White Man' on its original track list?,,,,Innuendo,false
Queen Quiz: Encore (Part 20),,Which Queen studio album has both 'Somebody to Love' and 'White Man' on its original track list?,,,,A Day at the Races,true
Queen Quiz: Encore (Part 20),,Which Queen studio album has both 'Somebody to Love' and 'White Man' on its original track list?,,,,Queen,false
Queen Quiz: Encore (Part 20),,Who wrote the Queen album track 'In the Lap of the Gods'?,Songwriting,hard,3,Brian May,false
Queen Quiz: Encore (Part 20),,Who wrote the Queen album track 'In the Lap of the Gods'?,,,,Roger Taylor,false
Queen Quiz: Encore (Part 20),,Who wrote the Queen album track 'In the Lap of the Gods'?,,,,John Deacon,false
Queen Quiz: Encore (Part 20),,Who wrote the Queen album track 'In the Lap of the Gods'?,,,,Freddie Mercury,true
Queen Quiz: Encore (Part 20),,Who wrote the Queen album track 'Nevermore'?,Songwriting,hard,3,Freddie Mercury,true
Queen Quiz: Encore (Part 20),,Who wrote the Queen album track 'Nevermore'?,,,,Brian May,false
Queen Quiz: Encore (Part 20),,Who wrote the Queen album track 'Nevermore'?,,,,Roger Taylor,false
Queen Quiz: Encore (Part 20),,Who wrote the Queen album track 'Nevermore'?,,,,John Deacon,false
Queen Quiz: Encore (Part 20),,"On the original A Kind of Magic track list, what comes immediately after 'Who Wants to Live Forever'?",Album Tracks,hard,3,One Year of Love,false
Queen Quiz: Encore (Part 20),,"On the original A Kind of Magic track list, what comes immediately after 'Who Wants to Live Forever'?",,,,Gimme the Prize (Kurgan's Theme),true
Queen Quiz: Encore (Part 20),,"On the original A Kind of Magic track list, what comes immediately after 'Who Wants to Live Forever'?",,,,Pain Is So Close to Pleasure,false
Queen Quiz: Encore (Part 20),,"On the original A Kind of Magic track list, what comes immediately after 'Who Wants to Live Forever'?",,,,Don't Lose Your Head,false
Queen Quiz: Encore (Part 20),,Who wrote the Queen album track 'Dreamers Ball'?,Songwriting,hard,3,Freddie Mercury,false
Queen Quiz: Encore (Part 20),,Who wrote the Queen album track 'Dreamers Ball'?,,,,Roger Taylor,false
Queen Quiz: Encore (Part 20),,Who wrote the Queen album track 'Dreamers Ball'?,,,,Brian May,true
Queen Quiz: Encore (Part 20),,Who wrote the Queen album track 'Dreamers Ball'?,,,,John Deacon,false
Queen Quiz: Encore (Part 20),,"On the original News of the World track list, what comes immediately before 'Sleeping on the Sidewalk'?",Album Tracks,hard,3,Sheer Heart Attack,false
Queen Quiz: Encore (Part 20),,"On the original News of the World track list, what comes immediately before 'Sleeping on the Sidewalk'?",,,,We Are the Champions,false
Queen Quiz: Encore (Part 20),,"On the original News of the World track list, what comes immediately before 'Sleeping on the Sidewalk'?",,,,Fight from the Inside,false
Queen Quiz: Encore (Part 20),,"On the original News of the World track list, what comes immediately before 'Sleeping on the Sidewalk'?",,,,"Get Down, Make Love",true
Queen Quiz: Encore (Part 20),,Who wrote the Queen album track 'If You Can't Beat Them'?,Songwriting,hard,3,John Deacon,true
Queen Quiz: Encore (Part 20),,Who wrote the Queen album track 'If You Can't Beat Them'?,,,,Brian May,false
Queen Quiz: Encore (Part 20),,Who wrote the Queen album track 'If You Can't Beat Them'?,,,,Freddie Mercury,false
Queen Quiz: Encore (Part 20),,Who wrote the Queen album track 'If You Can't Beat Them'?,,,,Roger Taylor,false
Queen Quiz: Encore (Part 20),,"On the original Queen track list, what comes immediately before 'Son and Daughter'?",Album Tracks,hard,3,Great King Rat,false
Queen Quiz: Encore (Part 20),,"On the original Queen track list, what comes immediately before 'Son and Daughter'?",,,,Modern Times Rock 'n' Roll,true
Queen Quiz: Encore (Part 20),,"On the original Queen track list, what comes immediately before 'Son and Daughter'?",,,,The Night Comes Down,false
Queen Quiz: Encore (Part 20),,"On the original Queen track list, what comes immediately before 'Son and Daughter'?",,,,Keep Yourself Alive,false
Queen Quiz: Encore (Part 20),,Who wrote the Queen album track 'Las Palabras de Amor (The Words of Love)'?,Songwriting,hard,3,Freddie Mercury,false
Queen Quiz: Encore (Part 20),,Who wrote the Queen album track 'Las Palabras de Amor (The Words of Love)'?,,,,Roger Taylor,false
Queen Quiz: Encore (Part 20),,Who wrote the Queen album track 'Las Palabras de Amor (The Words of Love)'?,,,,Brian May,true
Queen Quiz: Encore (Part 20),,Who wrote the Queen album track 'Las Palabras de Amor (The Words of Love)'?,,,,John Deacon,false
Queen Quiz: Encore (Part 20),,"On the original The Miracle track list, what comes immediately after 'Rain Must Fall'?",Album Tracks,hard,3,My Baby Does Me,false
Queen Quiz: Encore (Part 20),,"On the original The Miracle track list, what comes immediately after 'Rain Must Fall'?",,,,Was It All Worth It,false
Queen Quiz: Encore (Part 20),,"On the original The Miracle track list, what comes immediately after 'Rain Must Fall'?",,,,The Miracle,false
Queen Quiz: Encore (Part 20),,"On the original The Miracle track list, what comes immediately after 'Rain Must Fall'?",,,,Scandal,true
Queen Quiz: Encore (Part 20),,"On the original Back to the Light (Brian May) track list, what comes immediately before 'Resurrection'?",Solo Projects,hard,4,Love Token,true
Queen Quiz: Encore (Part 20),,"On the original Back to the Light (Brian May) track list, what comes immediately before 'Resurrection'?",,,,The Dark,false
Queen Quiz: Encore (Part 20),,"On the original Back to the Light (Brian May) track list, what comes immediately before 'Resurrection'?",,,,Driven by You,false
Queen Quiz: Encore (Part 20),,"On the original Back to the Light (Brian May) track list, what comes immediately before 'Resurrection'?",,,,Just One Life,false
Queen Quiz: Encore (Part 20),,"On the original Fun in Space (Roger Taylor) track list, what comes immediately after 'Let's Get Crazy'?",Solo Projects,hard,4,Laugh or Cry,false
Queen Quiz: Encore (Part 20),,"On the original Fun in Space (Roger Taylor) track list, what comes immediately after 'Let's Get Crazy'?",,,,My Country I & II,true
Queen Quiz: Encore (Part 20),,"On the original Fun in Space (Roger Taylor) track list, what comes immediately after 'Let's Get Crazy'?",,,,Magic Is Loose,false
Queen Quiz: Encore (Part 20),,"On the original Fun in Space (Roger Taylor) track list, what comes immediately after 'Let's Get Crazy'?",,,,Interlude in Constantinople,false
Queen Quiz: Encore (Part 20),,Which A Night at the Opera track sits between 'The Prophet's Song' and 'Good Company'?,Album Tracks,hard,4,God Save the Queen,false
Queen Quiz: Encore (Part 20),,Which A Night at the Opera track sits between 'The Prophet's Song' and 'Good Company'?,,,,Death on Two Legs,false
Queen Quiz: Encore (Part 20),,Which A Night at the Opera track sits between 'The Prophet's Song' and 'Good Company'?,,,,Love of My Life,true
Queen Quiz: Encore (Part 20),,Which A Night at the Opera track sits between 'The Prophet's Song' and 'Good Company'?,,,,Lazing on a Sunday Afternoon,false
Queen Quiz: Encore (Part 20),,Which Innuendo track sits between 'These Are the Days of Our Lives' and 'The Hitman'?,Album Tracks,hard,4,The Show Must Go On,false
Queen Quiz: Encore (Part 20),,Which Innuendo track sits between 'These Are the Days of Our Lives' and 'The Hitman'?,,,,Innuendo,false
Queen Quiz: Encore (Part 20),,Which Innuendo track sits between 'These Are the Days of Our Lives' and 'The Hitman'?,,,,I'm Going Slightly Mad,false
Queen Quiz: Encore (Part 20),,Which Innuendo track sits between 'These Are the Days of Our Lives' and 'The Hitman'?,,,,Delilah,true
Queen Quiz: Encore (Part 20),,"On the original Fun in Space (Roger Taylor) track list, what comes immediately after 'Laugh or Cry'?",Solo Projects,hard,4,Future Management (You Don't Need Nobody Else),true
Queen Quiz: Encore (Part 20),,"On the original Fun in Space (Roger Taylor) track list, what comes immediately after 'Laugh or Cry'?",,,,Fun in Space,false
Queen Quiz: Encore (Part 20),,"On the original Fun in Space (Roger Taylor) track list, what comes immediately after 'Laugh or Cry'?",,,,My Country I & II,false
Queen Quiz: Encore (Part 20),,"On the original Fun in Space (Roger Taylor) track list, what comes immediately after 'Laugh or Cry'?",,,,Interlude in Constantinople,false
