QuizTitle,QuestionText,EditorialDifficulty,Source
Queen Quiz: Archive Explorer (Part 1),In which decade did this happen: Queen play the Pavilion de Paris amid tight police crowd restrictions?,Easy,Queen: As It Began (user-supplied text); history key queen-play-the-pavilion-de-paris-amid-tight-police-crowd-restrictions-1978-04-23
Queen Quiz: Archive Explorer (Part 1),In which decade did this happen: Brian leaves Hampton Grammar School with ten O levels and four A levels?,Easy,Queen: As It Began (user-supplied text); history key brian-leaves-hampton-grammar-school-with-ten-o-levels-and-four-a-levels-1965
Queen Quiz: Archive Explorer (Part 1),What is the Mercury Phoenix Trust's annual dress-up fundraiser launched in 2010 called?,Easy,https://www.queenonline.com/freddie_mercury
Queen Quiz: Archive Explorer (Part 1),In which country did Queen play at Kokusai Kaikan on 23 April 1975?,Medium,https://www.queenconcerts.com/detail/live/180/queen-live-23-04-1975-kokusai-kaikan-kobe-japan.html
Queen Quiz: Archive Explorer (Part 1),In which country did Queen play at Yokohama Bunka Taikukan on 30 April 1975?,Medium,https://www.queenconcerts.com/detail/live/184/queen-live-30-04-1975-yokohama-bunka-taikukan-yokohama-japan.html
Queen Quiz: Archive Explorer (Part 1),In what year did this Queen-related event occur: Queen fly home to the UK for Christmas after their exhausting US tour?,Medium,Queen: As It Began (user-supplied text); history key queen-fly-home-to-the-uk-for-christmas-after-their-exhausting-us-tour-1977-12-24
Queen Quiz: Archive Explorer (Part 1),In which South African city was the first major 46664 concert held in 2003?,Medium,https://www.queenonline.com/brian_may
Queen Quiz: Archive Explorer (Part 1),In which country did Queen play at Auditorium Theater on 22 February 1976?,Medium,https://www.queenconcerts.com/detail/live/2049/queen-live-22-02-1976-auditorium-theater-chicago-il-usa.html
Queen Quiz: Archive Explorer (Part 1),In which country did Queen play at Veteran's Memorial Coliseum on 10 September 1982?,Medium,https://www.queenconcerts.com/detail/live/612/queen-live-10-09-1982-veterans-memorial-coliseum-phoenix-az-usa.html
Queen Quiz: Archive Explorer (Part 1),In what year did this Queen-related event occur: Freddie's single 'Time' (from the stage musical of the same name) is released; the video is filmed at 6am on the closed set of the Dominion Theatre?,Medium,Queen: As It Began (user-supplied text); history key freddie-s-single-time-from-the-stage-musical-of-the-same-name-is-released-the-video-is-filmed-at-6am-on-the-1986-05-06
Queen Quiz: Archive Explorer (Part 1),In which month of 1975 did this happen: Queen depart for their first headlining US tour?,Hard,Queen: As It Began (user-supplied text); history key queen-depart-for-their-first-headlining-us-tour-1975-01-31
Queen Quiz: Archive Explorer (Part 1),In what year did this Queen-related event occur: Queen perform (mimed) at the Golden Rose pop festival in Switzerland?,Hard,Queen: As It Began (user-supplied text); history key queen-perform-mimed-at-the-golden-rose-pop-festival-in-switzerland-1984-05-12
Queen Quiz: Archive Explorer (Part 1),"In which month of 1974 did this happen: Queen play their first-ever US gig, at Regis College, Denver?",Hard,Queen: As It Began (user-supplied text); history key queen-play-their-first-ever-us-gig-at-regis-college-denver-1974-04-16
Queen Quiz: Archive Explorer (Part 1),Which city hosted Queen's 25 November 1974 show at Helsingin Kulttuuritalo?,Hard,https://www.queenconcerts.com/detail/live/135/queen-live-25-11-1974-helsingin-kulttuuritalo-helsinki-finland.html
Queen Quiz: Archive Explorer (Part 1),"In which month of 1975 did this happen: EMI releases A Night at the Opera, titled after the band's favourite Marx Brothers film?",Hard,Queen: As It Began (user-supplied text); history key emi-releases-a-night-at-the-opera-titled-after-the-band-s-favourite-marx-brothers-film-1975-11-21
Queen Quiz: Archive Explorer (Part 1),Which city hosted Queen's 22 December 1979 show at Alexandra Palace?,Hard,https://www.queenconcerts.com/detail/live/469/queen-live-22-12-1979-alexandra-palace-london-uk.html
Queen Quiz: Archive Explorer (Part 1),Which city hosted Queen's 9 November 1978 show at Cobo Arena?,Hard,https://www.queenconcerts.com/detail/live/379/queen-live-09-11-1978-cobo-arena-detroit-mi-usa.html
Queen Quiz: Archive Explorer (Part 1),Which Queen member has the individual writing credit for 'Lazing on a Sunday Afternoon'?,Hard,"Queen: Complete Works (user-supplied text), Part Three: The Songs; Lazing on a Sunday Afternoon"
Queen Quiz: Archive Explorer (Part 1),At which venue did Queen perform in Cologne on 7 May 1982?,Hard,https://www.queenconcerts.com/detail/live/570/queen-live-07-05-1982-sporthalle-cologne-germany.html
Queen Quiz: Archive Explorer (Part 1),Which 1996 film received a mini-opera from Brian May?,Hard,https://www.queenonline.com/brian_may
Queen Quiz: Archive Explorer (Part 1),Which city hosted Queen's 10 April 1982 show at Ice Stadium?,Hard,https://www.queenconcerts.com/detail/live/554/queen-live-10-04-1982-ice-stadium-stockholm-sweden.html
Queen Quiz: Archive Explorer (Part 1),Which country inspired Roger Taylor's song 'People on Streets' through the inequality he saw there?,Hard,https://www.queenonline.com/roger_taylor
Queen Quiz: Archive Explorer (Part 1),What happened in Queen's story on 23 August 1969?,Very Hard,"Queen: As It Began (user-supplied text); history key ibex-with-freddie-on-lead-vocals-play-the-bolton-octagon-theatre-followed-by-an-open-air-festival-in-queens-park-1969-08-23; distractors: tim-staffell-brings-art-college-friend-freddie-bulsara-to-a-smile-rehearsal-for-the-first-time-1969, disillusioned-with-liverpool-freddie-and-mike-bersin-head-back-to-london-ending-freddie-s-time-in-ibex-1969-09, john-plays-his-final-gig-with-art-before-leaving-for-university-in-london-1969-08"
Queen Quiz: Archive Explorer (Part 1),How many tracks were included in the 2024 'Queen I' 6CD box set?,Very Hard,https://www.queenonline.com/news/queen-i-queen-remixed-remastered-and-expanded-out-now
Queen Quiz: Archive Explorer (Part 1),At which venue did Queen perform in Sydney on 29 April 1985?,Very Hard,https://www.queenconcerts.com/detail/live/665/queen-live-29-04-1985-entertainments-centre-sydney-australia.html
Queen Quiz: Archive Explorer (Part 2),"In which decade did this happen: Brian May marries longtime girlfriend Chrissy Mullen at St Osmund's Roman Catholic Church, Castlenau, Barnes?",Easy,Queen: As It Began (user-supplied text); history key brian-may-marries-longtime-girlfriend-chrissy-mullen-at-st-osmund-s-roman-catholic-church-castlenau-barnes-1976-05-29
Queen Quiz: Archive Explorer (Part 2),"In which decade did this happen: The Star Fleet Project mini-album is released in the UK, reaching number one on the UK Heavy Metal chart?",Easy,Queen: As It Began (user-supplied text); history key the-star-fleet-project-mini-album-is-released-in-the-uk-reaching-number-one-on-the-uk-heavy-metal-chart-1983-10-31
Queen Quiz: Archive Explorer (Part 2),"In which decade did this happen: The Crazy Tour reaches London's Lyceum Ballroom; Paul McCartney, booked to play the venue soon after, agrees to split the cost of roof modifications for the lighting rig?",Easy,Queen: As It Began (user-supplied text); history key the-crazy-tour-reaches-london-s-lyceum-ballroom-paul-mccartney-booked-to-play-the-venue-soon-after-agrees-to-1979-12-13
Queen Quiz: Archive Explorer (Part 2),In which country did Queen play at Palacio Municipal de Deportes on 13 December 1974?,Medium,https://www.queenconcerts.com/detail/live/144/queen-live-13-12-1974-palacio-municipal-de-deportes-barcelona-spain.html
Queen Quiz: Archive Explorer (Part 2),For how many consecutive weeks did 'Bohemian Rhapsody' top the UK chart on its original release?,Medium,https://www.queenonline.com/freddie_mercury
Queen Quiz: Archive Explorer (Part 2),In which country did Queen play at University on 28 March 1974?,Medium,https://www.queenconcerts.com/detail/live/91/queen-live-28-03-1974-university-aberystwyth-uk.html
Queen Quiz: Archive Explorer (Part 2),"In what year did this Queen-related event occur: Hot Space is released, marking a stylistic shift toward funk/disco that divides fans?",Medium,Queen: As It Began (user-supplied text); history key hot-space-is-released-marking-a-stylistic-shift-toward-funk-disco-that-divides-fans-1982-05-21
Queen Quiz: Archive Explorer (Part 2),In which country did Queen play at Musikhalle on 5 December 1974?,Medium,https://www.queenconcerts.com/detail/live/140/queen-live-05-12-1974-musikhalle-hamburg-germany.html
Queen Quiz: Archive Explorer (Part 2),In which country did Queen play at Estádio do Morumbi on 21 March 1981?,Medium,https://www.queenconcerts.com/detail/live/544/queen-live-21-03-1981-estádio-do-morumbi-sao-paulo-brazil.html
Queen Quiz: Archive Explorer (Part 2),"In what year did this Queen-related event occur: Greatest Flix, a compilation of Queen's promotional videos, is released in the UK?",Medium,Queen: As It Began (user-supplied text); history key greatest-flix-a-compilation-of-queen-s-promotional-videos-is-released-in-the-uk-1981-10-19
Queen Quiz: Archive Explorer (Part 2),In which month of 1969 did this happen: John plays his final gig with Art before leaving for university in London?,Hard,Queen: As It Began (user-supplied text); history key john-plays-his-final-gig-with-art-before-leaving-for-university-in-london-1969-08
Queen Quiz: Archive Explorer (Part 2),In what year did this Queen-related event occur: Roger joins local band Johnny Quale and the Reaction?,Hard,Queen: As It Began (user-supplied text); history key roger-joins-local-band-johnny-quale-and-the-reaction-1965
Queen Quiz: Archive Explorer (Part 2),Which city hosted Queen's 2 May 1979 show at Prefectural Athletic Association?,Hard,https://www.queenconcerts.com/detail/live/447/queen-live-02-05-1979-prefectural-athletic-association-yamaguchi-japan.html
Queen Quiz: Archive Explorer (Part 2),Which Queen member has the individual writing credit for 'Put Out the Fire'?,Hard,"Queen: Complete Works (user-supplied text), Part Three: The Songs; Put Out the Fire"
Queen Quiz: Archive Explorer (Part 2),Which Queen member has the individual writing credit for 'Tear It Up'?,Hard,"Queen: Complete Works (user-supplied text), Part Three: The Songs; Tear It Up"
Queen Quiz: Archive Explorer (Part 2),Which city hosted Queen's 21 August 1982 show at Reunion?,Hard,https://www.queenconcerts.com/detail/live/602/queen-live-21-08-1982-reunion-dallas-tx-usa.html
Queen Quiz: Archive Explorer (Part 2),In which month of 1972 did this happen: John organises a gig at Bedford College attended by just six people - one of his most embarrassing moments?,Hard,Queen: As It Began (user-supplied text); history key john-organises-a-gig-at-bedford-college-attended-by-just-six-people-one-of-his-most-embarrassing-moments-1972-01
Queen Quiz: Archive Explorer (Part 2),In what year did this Queen-related event occur: Queen begin a sold-out five-night run at Tokyo's Budokan Hall?,Hard,Queen: As It Began (user-supplied text); history key queen-begin-a-sold-out-five-night-run-at-tokyo-s-budokan-hall-1981-02-12
Queen Quiz: Archive Explorer (Part 2),In which month of 1973 did this happen: Queen's debut album is finished but still without a record deal?,Hard,Queen: As It Began (user-supplied text); history key queen-s-debut-album-is-finished-but-still-without-a-record-deal-1973-01
Queen Quiz: Archive Explorer (Part 2),At which venue did Queen perform in Manchester on 27 November 1979?,Hard,https://www.queenconcerts.com/detail/live/454/queen-live-27-11-1979-apollo-theatre-manchester-uk.html
Queen Quiz: Archive Explorer (Part 2),Which Hollywood actor took an early co-producing interest in the 'We Will Rock You' musical?,Hard,https://www.queenonline.com/news/queen-the-greatest-we-will-rock-you-episode-43
Queen Quiz: Archive Explorer (Part 2),At which venue did Queen perform in Toronto on 30 August 1980?,Very Hard,https://www.queenconcerts.com/detail/live/499/queen-live-30-08-1980-cne-toronto-canada.html
Queen Quiz: Archive Explorer (Part 2),At which venue did Queen perform in Caracas on 26 September 1981?,Very Hard,https://www.queenconcerts.com/detail/live/546/queen-live-26-09-1981-poliedro-de-caracas-caracas-venezuela.html
Queen Quiz: Archive Explorer (Part 2),On which May date in 2002 did the original 'We Will Rock You' musical open?,Very Hard,https://www.queenonline.com/news/queen-the-greatest-we-will-rock-you-episode-43
Queen Quiz: Archive Explorer (Part 2),At which venue did Queen perform in Kalamazoo on 11 November 1978?,Very Hard,https://www.queenconcerts.com/detail/live/381/queen-live-11-11-1978-wings-stadium-kalamazoo-mi-usa.html
Queen Quiz: Archive Explorer (Part 3),In which decade did this happen: Freddie celebrates his birthday by flying his closest friends to New York on Concorde for a five-day party at the Berkshire Hotel?,Easy,Queen: As It Began (user-supplied text); history key freddie-celebrates-his-birthday-by-flying-his-closest-friends-to-new-york-on-concorde-for-a-five-day-party-at-the-1981-09-05
Queen Quiz: Archive Explorer (Part 3),"In which decade did this happen: Tim Staffell leaves Brian and Roger, ending Smile?",Easy,Queen: As It Began (user-supplied text); history key tim-staffell-leaves-brian-and-roger-ending-smile-1970
Queen Quiz: Archive Explorer (Part 3),"In which decade did this happen: Queen II is released in the UK, marking the first Queen sleeve to feature a black side and a white side instead of A/B?",Easy,Queen: As It Began (user-supplied text); history key queen-ii-is-released-in-the-uk-marking-the-first-queen-sleeve-to-feature-a-black-side-and-a-white-side-instead-of-a-b-1974-03-08
Queen Quiz: Archive Explorer (Part 3),Who portrayed Roger Taylor in the 2018 film 'Bohemian Rhapsody'?,Medium,https://www.queenonline.com/news/bohemian-rhapsody-soundtrack-out-today; https://www.queenonline.com/news/press-release-bohemian-rhapsody-digital-dvd-and-blu-ray-release-details; https://www.queenonline.com/news/bohemian-rhapsody-wins-two-baftas
Queen Quiz: Archive Explorer (Part 3),"In what year did this Queen-related event occur: Queen play the opening night of the Concerts for the People of Kampuchea at Hammersmith Odeon, the only band to perform a full set that night?",Medium,Queen: As It Began (user-supplied text); history key queen-play-the-opening-night-of-the-concerts-for-the-people-of-kampuchea-at-hammersmith-odeon-the-only-band-to-1979-12-26
Queen Quiz: Archive Explorer (Part 3),"In what year did this Queen-related event occur: The Cilla Black show Goodbye To The Eighties airs, revealing Queen's Greatest Hits as the fourth best-selling album of all time?",Medium,Queen: As It Began (user-supplied text); history key the-cilla-black-show-goodbye-to-the-eighties-airs-revealing-queen-s-greatest-hits-as-the-fourth-best-selling-album-1989-12-31
Queen Quiz: Archive Explorer (Part 3),In which country did Queen play at Sports & Entertainments Centre on 16 April 1985?,Medium,https://www.queenconcerts.com/detail/live/658/queen-live-16-04-1985-sports-entertainments-centre-melbourne-australia.html
Queen Quiz: Archive Explorer (Part 3),In what year did Queen receive a star on the Hollywood Walk of Fame?,Medium,https://www.queenonline.com/brian_may
Queen Quiz: Archive Explorer (Part 3),"In what year did this Queen-related event occur: Freddie meets opera singer Montserrat Caballe for lunch in Barcelona, plays her 'Barcelona' and 'Exercises In Free Love', and she proposes they record a full album together?",Medium,Queen: As It Began (user-supplied text); history key freddie-meets-opera-singer-montserrat-caballe-for-lunch-in-barcelona-plays-her-barcelona-and-exercises-in-free-1987-03
Queen Quiz: Archive Explorer (Part 3),"In what year did this Queen-related event occur: The Cross play their first-ever live gig, filmed for Meltdown at Teddington Lock Studios?",Medium,Queen: As It Began (user-supplied text); history key the-cross-play-their-first-ever-live-gig-filmed-for-meltdown-at-teddington-lock-studios-1987-11-06
Queen Quiz: Archive Explorer (Part 3),Which city hosted Queen's 17 April 1974 show at Memorial Hall?,Hard,https://www.queenconcerts.com/detail/live/97/queen-live-17-04-1974-memorial-hall-kansas-city-ks-usa.html
Queen Quiz: Archive Explorer (Part 3),Which city hosted Queen's 12 April 1982 show at Drammenshallen?,Hard,https://www.queenconcerts.com/detail/live/555/queen-live-12-04-1982-drammenshallen-drammen-norway.html
Queen Quiz: Archive Explorer (Part 3),At which venue did Queen perform in Strasbourg on 16 December 1980?,Hard,https://www.queenconcerts.com/detail/live/531/queen-live-16-12-1980-hall-rhenus-strasbourg-france.html
Queen Quiz: Archive Explorer (Part 3),"In what year did this Queen-related event occur: Freddie tears knee ligaments in a drunken fall at Munich club Henderson's, spending three weeks in a cast?",Hard,Queen: As It Began (user-supplied text); history key freddie-tears-knee-ligaments-in-a-drunken-fall-at-munich-club-henderson-s-spending-three-weeks-in-a-cast-1984-05
Queen Quiz: Archive Explorer (Part 3),At which venue did Queen perform in London on 23 October 1970?,Hard,https://www.queenconcerts.com/detail/live/1980/queen-live-23-10-1970-potters-bar-youth-club-london-uk.html
Queen Quiz: Archive Explorer (Part 3),Which Queen member has the individual writing credit for 'A Kind of Magic'?,Hard,"Queen: Complete Works (user-supplied text), Part Three: The Songs; A Kind of Magic"
Queen Quiz: Archive Explorer (Part 3),At which venue did Queen perform in London on 16 October 1970?,Hard,https://www.queenconcerts.com/detail/live/6/queen-live-16-10-1970-college-of-estates-manag-london-uk.html
Queen Quiz: Archive Explorer (Part 3),Which Queen member has the individual writing credit for 'Sweet Lady'?,Hard,"Queen: Complete Works (user-supplied text), Part Three: The Songs; Sweet Lady"
Queen Quiz: Archive Explorer (Part 3),Which city hosted Queen's 20 April 1976 show at Festival Hall?,Hard,https://www.queenconcerts.com/detail/live/257/queen-live-20-04-1976-festival-hall-melbourne-australia.html
Queen Quiz: Archive Explorer (Part 3),Which city hosted Queen's 29 October 1982 show at Hokkaidoritso Sangyo Kyoshinajaijo?,Hard,https://www.queenconcerts.com/detail/live/621/queen-live-29-10-1982-hokkaidoritso-sangyo-kyoshinajaijo-sapporo-japan.html
Queen Quiz: Archive Explorer (Part 3),"In what year did this Queen-related event occur: The first International Queen Fan Club Convention is held at Great Yarmouth; over 1,000 fans attend from as far afield as Australia and South America?",Hard,Queen: A Visual Documentary (user-supplied text); history key first-international-queen-fan-club-convention-held-1986-04-25
Queen Quiz: Archive Explorer (Part 3),At which venue did Queen perform in Edinburgh on 2 June 1982?,Very Hard,https://www.queenconcerts.com/detail/live/581/queen-live-02-06-1982-ingliston-showground-edinburgh-uk.html
Queen Quiz: Archive Explorer (Part 3),At which venue did Queen perform in San Antonio on 20 March 1975?,Very Hard,https://www.queenconcerts.com/detail/live/170/queen-live-20-03-1975-municipal-hall-san-antonio-tx-usa.html
Queen Quiz: Archive Explorer (Part 3),At which venue did Queen perform in Wurzburg on 9 May 1982?,Very Hard,https://www.queenconcerts.com/detail/live/571/queen-live-09-05-1982-carl-diem-halle-wurzburg-germany.html
Queen Quiz: Archive Explorer (Part 3),What happened in Queen's story on 6 November 1972?,Very Hard,"Queen: As It Began (user-supplied text); history key queen-play-a-poorly-received-showcase-gig-at-the-pheasantry-pub-king-s-road-chelsea-for-record-company-guests-1972-11-06; distractors: trident-agrees-to-pay-each-member-of-queen-20-per-week-even-though-no-recording-deal-has-yet-been-signed-1972-09, queen-sign-a-legal-contract-with-trident-audio-productions-ltd-1972-11-01, trident-s-barry-sheffield-sees-queen-live-at-a-hospital-dance-in-forest-hill-and-offers-them-a-contract-with-trident-1972-03-24"
Queen Quiz: Archive Explorer (Part 4),In which decade did this happen: Tim Staffell brings art-college friend Freddie Bulsara to a Smile rehearsal for the first time?,Easy,Queen: As It Began (user-supplied text); history key tim-staffell-brings-art-college-friend-freddie-bulsara-to-a-smile-rehearsal-for-the-first-time-1969
Queen Quiz: Archive Explorer (Part 4),Which major 2002 event featured Brian May playing from Buckingham Palace's roof?,Easy,https://www.queenonline.com/brian_may
Queen Quiz: Archive Explorer (Part 4),"In which decade did this happen: Queen, Mott the Hoople and Aerosmith play the Harrisburg Farm Arena, a converted cowshed; Brian and Aerosmith's Joe Perry bond over Jack Daniel's while arguing over set order?",Easy,Queen: As It Began (user-supplied text); history key queen-mott-the-hoople-and-aerosmith-play-the-harrisburg-farm-arena-a-converted-cowshed-brian-and-aerosmith-s-joe-1974-05-01
Queen Quiz: Archive Explorer (Part 4),"In what year did this Queen-related event occur: Roger and John visit South Korea for the first time, doing live Korean television interviews via halting translation?",Medium,Queen: As It Began (user-supplied text); history key roger-and-john-visit-south-korea-for-the-first-time-doing-live-korean-television-interviews-via-halting-translation-1984-03-30
Queen Quiz: Archive Explorer (Part 4),In what year did this Queen-related event occur: Queen play an open-air gig at Slane Castle near Dublin in appalling weather?,Medium,Queen: As It Began (user-supplied text); history key queen-play-an-open-air-gig-at-slane-castle-near-dublin-in-appalling-weather-1986-07-05
Queen Quiz: Archive Explorer (Part 4),At which London theatre did 'We Will Rock You' open in May 2002?,Medium,https://www.queenonline.com/news/queen-the-greatest-we-will-rock-you-episode-43
Queen Quiz: Archive Explorer (Part 4),In what year did this Queen-related event occur: Queen's European tour opens in Brussels at the Forest Nationale?,Medium,Queen: As It Began (user-supplied text); history key queen-s-european-tour-opens-in-brussels-at-the-forest-nationale-1984-08-23
Queen Quiz: Archive Explorer (Part 4),"In what year did this Queen-related event occur: EMI releases a 13-album Queen box set for £70, including the otherwise-unavailable rarities compilation Complete Vision?",Medium,Queen: As It Began (user-supplied text); history key emi-releases-a-13-album-queen-box-set-for-70-including-the-otherwise-unavailable-rarities-compilation-complete-vision-1985-12-02
Queen Quiz: Archive Explorer (Part 4),In what year did this Queen-related event occur: Queen's European tour concludes in Vienna; they fly to South Africa days later?,Medium,Queen: As It Began (user-supplied text); history key queen-s-european-tour-concludes-in-vienna-they-fly-to-south-africa-days-later-1984-09-30
Queen Quiz: Archive Explorer (Part 4),"In what year did this Queen-related event occur: Freddie's single 'Made In Heaven' is released, with an elaborate video recreating Stravinsky's The Rite of Spring and Dante's Inferno?",Medium,Queen: As It Began (user-supplied text); history key freddie-s-single-made-in-heaven-is-released-with-an-elaborate-video-recreating-stravinsky-s-the-rite-of-spring-1985-07-01
Queen Quiz: Archive Explorer (Part 4),At which venue did Queen perform in Vancouver on 14 December 1978?,Hard,https://www.queenconcerts.com/detail/live/402/queen-live-14-12-1978-pne-coliseum-vancouver-canada.html
Queen Quiz: Archive Explorer (Part 4),Which Queen member has the individual writing credit for 'My Fairy King'?,Hard,"Queen: Complete Works (user-supplied text), Part Three: The Songs; My Fairy King"
Queen Quiz: Archive Explorer (Part 4),In which month of 1965 did this happen: Singer Johnny Quale leaves the band; Roger takes over lead vocals and the band is renamed simply Reaction?,Hard,Queen: As It Began (user-supplied text); history key singer-johnny-quale-leaves-the-band-roger-takes-over-lead-vocals-and-the-band-is-renamed-simply-reaction-1965-09
Queen Quiz: Archive Explorer (Part 4),At which venue did Queen perform in New York on 9 May 1974?,Hard,https://www.queenconcerts.com/detail/live/111/queen-live-09-05-1974-uris-theatre-new-york-ny-usa.html
Queen Quiz: Archive Explorer (Part 4),Which city hosted Queen's 17 January 1979 show at Ernst-Merck Halle?,Hard,https://www.queenconcerts.com/detail/live/407/queen-live-17-01-1979-ernst-merck-halle-hamburg-germany.html
Queen Quiz: Archive Explorer (Part 4),In which month of 1969 did this happen: John leaves Beauchamp Grammar School with eight O levels and three grade-A A levels?,Hard,Queen: As It Began (user-supplied text); history key john-leaves-beauchamp-grammar-school-with-eight-o-levels-and-three-grade-a-a-levels-1969-06
Queen Quiz: Archive Explorer (Part 4),"In what year did this Queen-related event occur: Brian joins Bad News on stage at the Reading Rock and Jazz Festival, dodging bottles thrown by unamused metal fans?",Hard,Queen: As It Began (user-supplied text); history key brian-joins-bad-news-on-stage-at-the-reading-rock-and-jazz-festival-dodging-bottles-thrown-by-unamused-metal-fans-1987-08-29
Queen Quiz: Archive Explorer (Part 4),Which Queen member has the individual writing credit for 'Man on the Prowl'?,Hard,"Queen: Complete Works (user-supplied text), Part Three: The Songs; Man on the Prowl"
Queen Quiz: Archive Explorer (Part 4),How many previously unheard songs were promoted for the 2022 'Miracle Sessions' disc?,Hard,https://www.queenonline.com/news/queen-the-miracle-collectors-edition-out-now
Queen Quiz: Archive Explorer (Part 4),Which city hosted Queen's 19 December 1970 show at Congregational Church Hall?,Hard,https://www.queenconcerts.com/detail/live/12/queen-live-19-12-1970-congregational-church-hall-st-helens-uk.html
Queen Quiz: Archive Explorer (Part 4),Which Queen member has the individual writing credit for 'Dragon Attack'?,Hard,"Queen: Complete Works (user-supplied text), Part Three: The Songs; Dragon Attack"
Queen Quiz: Archive Explorer (Part 4),What happened in Queen's story on 19 April 1969?,Very Hard,"Queen: As It Began (user-supplied text); history key smile-play-the-revolution-club-and-meet-mercury-records-lou-reizner-1969-04-19; distractors: john-leaves-beauchamp-grammar-school-with-eight-o-levels-and-three-grade-a-a-levels-1969-06, ibex-with-freddie-on-lead-vocals-play-the-bolton-octagon-theatre-followed-by-an-open-air-festival-in-queens-park-1969-08-23, freddie-joins-liverpool-band-ibex-as-lead-vocalist-and-also-takes-on-a-stall-in-kensington-market-with-roger-taylor-1969"
Queen Quiz: Archive Explorer (Part 4),What happened in Queen's story on 8 January 1971?,Very Hard,"Queen: As It Began (user-supplied text); history key barry-mitchell-plays-his-last-two-gigs-with-queen-at-the-marquee-and-ewell-technical-college-supporting-kevin-1971-01-08; distractors: roger-and-john-undertake-a-promotional-tour-of-japan-for-the-works-1984-03-24, elektra-records-releases-queen-s-debut-album-in-the-usa-it-eventually-climbs-to-number-83-on-the-billboard-chart-1973-09, live-in-rio-home-video-is-released-in-the-uk-going-straight-to-number-one-on-the-video-chart-1985-05-13"
Queen Quiz: Archive Explorer (Part 4),At which venue did Queen perform in Dallas on 25 February 1977?,Very Hard,https://www.queenconcerts.com/detail/live/294/queen-live-25-02-1977-smu-moody-coliseum-dallas-tx-usa.html
Queen Quiz: Archive Explorer (Part 4),At which venue did Queen perform in Marbella on 5 August 1986?,Very Hard,https://www.queenconcerts.com/detail/live/699/queen-live-05-08-1986-estadio-municipal-marbella-spain.html
Queen Quiz: Archive Explorer (Part 5),In which decade did this happen: Freddie's solo single 'Love Me Like There's No Tomorrow' is released but fails to chart?,Easy,Queen: As It Began (user-supplied text); history key freddie-s-solo-single-love-me-like-there-s-no-tomorrow-is-released-but-fails-to-chart-1985-11-18
Queen Quiz: Archive Explorer (Part 5),"In which decade did this happen: Queen fly to Los Angeles to begin rehearsals for their US tour, debuting the 'Fly Swatter' lighting rig?",Easy,Queen: As It Began (user-supplied text); history key queen-fly-to-los-angeles-to-begin-rehearsals-for-their-us-tour-debuting-the-fly-swatter-lighting-rig-1980-06-19
Queen Quiz: Archive Explorer (Part 5),In which decade did this happen: 'Bohemian Rhapsody' hits number one on the UK singles chart?,Easy,Queen: As It Began (user-supplied text); history key bohemian-rhapsody-hits-number-one-on-the-uk-singles-chart-1975-11-25
Queen Quiz: Archive Explorer (Part 5),In which country did Queen play at Mississippi Coast Coliseum on 19 August 1982?,Medium,https://www.queenconcerts.com/detail/live/600/queen-live-19-08-1982-mississippi-coast-coliseum-biloxi-ms-usa.html
Queen Quiz: Archive Explorer (Part 5),Which 2018 Queen film won the 2019 BAFTA for Best Sound?,Medium,https://www.queenonline.com/news/bohemian-rhapsody-soundtrack-out-today; https://www.queenonline.com/news/press-release-bohemian-rhapsody-digital-dvd-and-blu-ray-release-details; https://www.queenonline.com/news/bohemian-rhapsody-wins-two-baftas
Queen Quiz: Archive Explorer (Part 5),In which country did Queen play at Uptown Theatre on 7 March 1975?,Medium,https://www.queenconcerts.com/detail/live/162/queen-live-07-03-1975-uptown-theatre-milwaukee-wi-usa.html
Queen Quiz: Archive Explorer (Part 5),In which country did Queen play at Fairgrounds Appliance Building on 19 April 1974?,Medium,https://www.queenconcerts.com/detail/live/99/queen-live-19-04-1974-fairgrounds-appliance-building-oklahoma-city-ok-usa.html
Queen Quiz: Archive Explorer (Part 5),In which country did Queen play at Groenoordhallen on 11 June 1986?,Medium,https://www.queenconcerts.com/detail/live/675/queen-live-11-06-1986-groenoordhallen-leiden-the-netherlands.html
Queen Quiz: Archive Explorer (Part 5),In what year did this Queen-related event occur: Brian May begins producing the debut album for comedy band Bad News at Sarm Studios?,Medium,Queen: As It Began (user-supplied text); history key brian-may-begins-producing-the-debut-album-for-comedy-band-bad-news-at-sarm-studios-1987-05
Queen Quiz: Archive Explorer (Part 5),"In what year did this Queen-related event occur: Queen play a 20-minute set at Live Aid, Wembley Stadium, at 6pm, broadcast to over a billion people worldwide and widely credited as the day's standout performance?",Medium,Queen: As It Began (user-supplied text); history key queen-play-a-20-minute-set-at-live-aid-wembley-stadium-at-6pm-broadcast-to-over-a-billion-people-worldwide-and-1985-07-13
Queen Quiz: Archive Explorer (Part 5),"In which month of 1976 did this happen: A Day At The Races is released, going on to become Queen's second UK number one album?",Hard,Queen: As It Began (user-supplied text); history key a-day-at-the-races-is-released-going-on-to-become-queen-s-second-uk-number-one-album-1976-12-10
Queen Quiz: Archive Explorer (Part 5),"Which Queen member has the individual writing credit for 'All Dead, All Dead'?",Hard,"Queen: Complete Works (user-supplied text), Part Three: The Songs; All Dead, All Dead"
Queen Quiz: Archive Explorer (Part 5),At which venue did Queen perform in Sendai on 2 April 1976?,Hard,https://www.queenconcerts.com/detail/live/249/queen-live-02-04-1976-miyagi-ken-sports-centre-sendai-japan.html
Queen Quiz: Archive Explorer (Part 5),Which city hosted Queen's 24 October 1982 show at Hankyu Nishinomiya Stadium?,Hard,https://www.queenconcerts.com/detail/live/619/queen-live-24-10-1982-hankyu-nishinomiya-stadium-nishinomiya-japan.html
Queen Quiz: Archive Explorer (Part 5),Which city hosted Queen's 8 December 1975 show at Guildhall?,Hard,https://www.queenconcerts.com/detail/live/201/queen-live-08-12-1975-guildhall-preston-uk.html
Queen Quiz: Archive Explorer (Part 5),In which month of 1972 did this happen: Trident agrees to pay each member of Queen £20 per week even though no recording deal has yet been signed?,Hard,Queen: As It Began (user-supplied text); history key trident-agrees-to-pay-each-member-of-queen-20-per-week-even-though-no-recording-deal-has-yet-been-signed-1972-09
Queen Quiz: Archive Explorer (Part 5),In what year did this Queen-related event occur: Roger leaves the North London Polytechnic with his biology degree?,Hard,Queen: As It Began (user-supplied text); history key roger-leaves-the-north-london-polytechnic-with-his-biology-degree-1972
Queen Quiz: Archive Explorer (Part 5),Which city hosted Queen's 13 February 1979 show at Sporthalle?,Hard,https://www.queenconcerts.com/detail/live/424/queen-live-13-02-1979-sporthalle-boblingen-germany.html
Queen Quiz: Archive Explorer (Part 5),At which venue did Queen perform in Oakland on 13 July 1980?,Hard,https://www.queenconcerts.com/detail/live/480/queen-live-13-07-1980-oakland-coliseum-arena-oakland-ca-usa.html
Queen Quiz: Archive Explorer (Part 5),Which city hosted Queen's 27 January 1974 show at private farm?,Hard,https://www.queenconcerts.com/detail/live/73/queen-live-27-01-1974-private-farm-sunbury-australia.html
Queen Quiz: Archive Explorer (Part 5),"In what year did this Queen-related event occur: Queen fly out to Australia to headline the Sunbury open-air festival, a notoriously hostile experience with local crews and press?",Hard,Queen: As It Began (user-supplied text); history key queen-fly-out-to-australia-to-headline-the-sunbury-open-air-festival-a-notoriously-hostile-experience-with-local-1974-01-28
Queen Quiz: Archive Explorer (Part 5),At which venue did Queen perform in Copenhagen on 13 April 1978?,Very Hard,https://www.queenconcerts.com/detail/live/354/queen-live-13-04-1978-falkoner-theatre-copenhagen-denmark.html
Queen Quiz: Archive Explorer (Part 5),At which venue did Queen perform in Edmonton on 18 March 1977?,Very Hard,https://www.queenconcerts.com/detail/live/306/queen-live-18-03-1977-northlands-arena-edmonton-canada.html
Queen Quiz: Archive Explorer (Part 5),What happened in Queen's story on 7 July 1968?,Very Hard,"Queen: As It Began (user-supplied text); history key reaction-play-a-beach-marquee-dance-in-perranporth-to-celebrate-the-ladies-surf-championship-finals-1968-07-07; distractors: brian-collects-his-bsc-certificate-at-the-royal-albert-hall-presented-by-the-queen-mother-1968-10-24, roger-answers-brian-may-s-imperial-college-noticeboard-ad-for-a-drummer-smile-is-formed-with-brian-roger-and-tim-1968, roger-is-awarded-the-first-half-of-his-dental-degree-then-takes-a-year-off-to-focus-on-music-1968-08"
Queen Quiz: Archive Explorer (Part 5),What happened in Queen's story on 18 January 1975?,Very Hard,"Queen: As It Began (user-supplied text); history key john-deacon-marries-veronica-tetzlaff-at-the-carmelite-church-kensington-church-street-london-1975-01-18; distractors: emi-releases-a-night-at-the-opera-titled-after-the-band-s-favourite-marx-brothers-film-1975-11-21, queen-depart-for-their-first-headlining-us-tour-1975-01-31, queen-present-manager-john-reid-with-bohemian-rhapsody-he-is-incredulous-at-its-near-six-minute-length-but-the-1975-10"
Queen Quiz: Archive Explorer (Part 6),"In which decade did this happen: Queen are about to sign with Trident but insist on three separate agreements for publishing, recording and management?",Easy,Queen: As It Began (user-supplied text); history key queen-are-about-to-sign-with-trident-but-insist-on-three-separate-agreements-for-publishing-recording-and-management-1972-05
Queen Quiz: Archive Explorer (Part 6),Which group inspired young John Deacon after he bought its first two albums?,Easy,https://www.queenonline.com/john_deacon
Queen Quiz: Archive Explorer (Part 6),"In which decade did this happen: Roger's father gives him a bass drum and tom-tom, bought for £12, forming his first proper drum kit?",Easy,Queen: As It Began (user-supplied text); history key roger-s-father-gives-him-a-bass-drum-and-tom-tom-bought-for-12-forming-his-first-proper-drum-kit-1961
Queen Quiz: Archive Explorer (Part 6),"In what year did this Queen-related event occur: Queen play the first date of their first headlining UK tour, at Blackpool Winter Gardens?",Medium,Queen: As It Began (user-supplied text); history key queen-play-the-first-date-of-their-first-headlining-uk-tour-at-blackpool-winter-gardens-1974-03-01
Queen Quiz: Archive Explorer (Part 6),What instrument did Roger Taylor first learn as a child before guitar and drums?,Medium,https://www.queenonline.com/roger_taylor
Queen Quiz: Archive Explorer (Part 6),In which country did Queen play at Palmengarten on 4 December 1974?,Medium,https://www.queenconcerts.com/detail/live/139/queen-live-04-12-1974-palmengarten-frankfurt-germany.html
Queen Quiz: Archive Explorer (Part 6),"In what year did this Queen-related event occur: Queen's UK tour opens at the Palace Theatre, Manchester, with a new pyrotechnic-heavy stage show?",Medium,Queen: As It Began (user-supplied text); history key queen-s-uk-tour-opens-at-the-palace-theatre-manchester-with-a-new-pyrotechnic-heavy-stage-show-1974-10-30
Queen Quiz: Archive Explorer (Part 6),How many studio albums did Roger Taylor's band The Cross release?,Medium,https://www.queenonline.com/roger_taylor
Queen Quiz: Archive Explorer (Part 6),"In what year did this Queen-related event occur: Queen play two nights at Wembley Stadium to 72,000 fans each night; giant helium band-member balloons are released, with only the Freddie balloon escaping the stadium?",Medium,Queen: As It Began (user-supplied text); history key queen-play-two-nights-at-wembley-stadium-to-72-000-fans-each-night-giant-helium-band-member-balloons-are-released-1986-07-11
Queen Quiz: Archive Explorer (Part 6),Which Queen member has the individual writing credit for 'Somebody to Love'?,Hard,"Queen: Complete Works (user-supplied text), Part Three: The Songs; Somebody to Love"
Queen Quiz: Archive Explorer (Part 6),Which Queen member has the individual writing credit for 'Sleeping on the Sidewalk'?,Hard,"Queen: Complete Works (user-supplied text), Part Three: The Songs; Sleeping on the Sidewalk"
Queen Quiz: Archive Explorer (Part 6),At which venue did Queen perform in Toronto on 21 November 1977?,Hard,https://www.queenconcerts.com/detail/live/334/queen-live-21-11-1977-maple-leaf-gardens-toronto-canada.html
Queen Quiz: Archive Explorer (Part 6),Which Roger Taylor song for the 46664 project incorporated Nelson Mandela's spoken voice?,Hard,https://www.queenonline.com/roger_taylor
Queen Quiz: Archive Explorer (Part 6),Which city hosted Queen's 30 January 1976 show at Music Hall?,Hard,https://www.queenconcerts.com/detail/live/212/queen-live-30-01-1976-music-hall-boston-ma-usa.html
Queen Quiz: Archive Explorer (Part 6),"In what year did this Queen-related event occur: Freddie and Montserrat Caballe perform together at the La Nit pre-Olympic festival in Barcelona, watched by the King and Queen of Spain?",Hard,Queen: As It Began (user-supplied text); history key freddie-and-montserrat-caballe-perform-together-at-the-la-nit-pre-olympic-festival-in-barcelona-watched-by-the-king-1988-10-08
Queen Quiz: Archive Explorer (Part 6),At which venue did Queen perform in Hanover on 5 May 1982?,Hard,https://www.queenconcerts.com/detail/live/568/queen-live-05-05-1982-eilenriedehalle-hanover-germany.html
Queen Quiz: Archive Explorer (Part 6),At which venue did Queen perform in Nagoya on 28 April 1979?,Hard,https://www.queenconcerts.com/detail/live/444/queen-live-28-04-1979-international-display-nagoya-japan.html
Queen Quiz: Archive Explorer (Part 6),"In which month of 1976 did this happen: Recording of A Day At The Races wraps up; the band bet on and all back the same winning horse, Lanzarote, at a promotional race day at Kempton Park?",Hard,Queen: As It Began (user-supplied text); history key recording-of-a-day-at-the-races-wraps-up-the-band-bet-on-and-all-back-the-same-winning-horse-lanzarote-at-a-1976-10
Queen Quiz: Archive Explorer (Part 6),Which Queen member has the individual writing credit for 'Flick of the Wrist'?,Hard,"Queen: Complete Works (user-supplied text), Part Three: The Songs; Flick of the Wrist"
Queen Quiz: Archive Explorer (Part 6),At which venue did Queen perform in Rosario on 6 March 1981?,Hard,https://www.queenconcerts.com/detail/live/541/queen-live-06-03-1981-el-gigante-de-arroyito-estadio-rosario-central-rosario-argentina.html
Queen Quiz: Archive Explorer (Part 6),Which Queen member has the individual writing credit for 'Staying Power'?,Hard,"Queen: Complete Works (user-supplied text), Part Three: The Songs; Staying Power"
Queen Quiz: Archive Explorer (Part 6),At which venue did Queen perform in Worcester on 15 November 1973?,Very Hard,https://www.queenconcerts.com/detail/live/48/queen-live-15-11-1973-gaumont-worcester-uk.html
Queen Quiz: Archive Explorer (Part 6),At which venue did Queen perform in Hayle on 19 July 1971?,Very Hard,https://www.queenconcerts.com/detail/live/20/queen-live-19-07-1971-rugby-club-hayle-uk.html
Queen Quiz: Archive Explorer (Part 6),At which venue did Queen perform in Toledo on 30 January 1977?,Very Hard,https://www.queenconcerts.com/detail/live/275/queen-live-30-01-1977-sports-arena-toledo-oh-usa.html
Queen Quiz: Archive Explorer (Part 6),What happened in Queen's story on 31 March 1974?,Very Hard,"Queen: As It Began (user-supplied text); history key queen-play-what-was-meant-to-be-the-tour-s-final-date-at-london-s-rainbow-theatre-freddie-storms-off-mid-day-after-1974-03-31; distractors: queen-play-cheltenham-town-hall-after-which-the-tour-s-lighting-crew-quits-1974-03-14, queen-play-the-first-date-of-their-first-headlining-uk-tour-at-blackpool-winter-gardens-1974-03-01, brian-is-hospitalised-for-an-emergency-operation-for-a-duodenal-ulcer-forcing-cancellation-of-a-planned-september-1974-08"
Queen Quiz: Archive Explorer (Part 7),In which decade did this happen: Trident's Barry Sheffield sees Queen live at a hospital dance in Forest Hill and offers them a contract with Trident Audio Productions?,Easy,Queen: As It Began (user-supplied text); history key trident-s-barry-sheffield-sees-queen-live-at-a-hospital-dance-in-forest-hill-and-offers-them-a-contract-with-trident-1972-03-24
Queen Quiz: Archive Explorer (Part 7),"In which decade did this happen: Freddie takes his O Levels at St Peter's, then leaves school and rejoins his parents in Zanzibar?",Easy,Queen: As It Began (user-supplied text); history key freddie-takes-his-o-levels-at-st-peter-s-then-leaves-school-and-rejoins-his-parents-in-zanzibar-1962
Queen Quiz: Archive Explorer (Part 7),"In which decade did this happen: Queen begin tour rehearsals at the Metro Coliseum, New Haven; John Deacon shocks everyone by arriving with an almost shaved head?",Easy,Queen: As It Began (user-supplied text); history key queen-begin-tour-rehearsals-at-the-metro-coliseum-new-haven-john-deacon-shocks-everyone-by-arriving-with-an-almost-1977-11-07
Queen Quiz: Archive Explorer (Part 7),"In what year did this Queen-related event occur: Roger Taylor releases his second solo single, 'Future Management'?",Medium,Queen: As It Began (user-supplied text); history key roger-taylor-releases-his-second-solo-single-future-management-1981-03-30
Queen Quiz: Archive Explorer (Part 7),In what year did this Queen-related event occur: Elektra Records releases Queen's debut album in the USA; it eventually climbs to number 83 on the Billboard chart?,Medium,Queen: As It Began (user-supplied text); history key elektra-records-releases-queen-s-debut-album-in-the-usa-it-eventually-climbs-to-number-83-on-the-billboard-chart-1973-09
Queen Quiz: Archive Explorer (Part 7),In what year did this Queen-related event occur: Hollywood Records releases 'Headlong' as its debut Queen single in the USA?,Medium,Queen: As It Began (user-supplied text); history key hollywood-records-releases-headlong-as-its-debut-queen-single-in-the-usa-1991-01-17
Queen Quiz: Archive Explorer (Part 7),In what year did this Queen-related event occur: Queen give a rare full-band TV interview in which Freddie says he no longer wants to tour?,Medium,Queen: As It Began (user-supplied text); history key queen-give-a-rare-full-band-tv-interview-in-which-freddie-says-he-no-longer-wants-to-tour-1989-05-29
Queen Quiz: Archive Explorer (Part 7),In what year did this Queen-related event occur: The Cross's 'Power To Love' is released in Germany on the Electrola label?,Medium,Queen: As It Began (user-supplied text); history key the-cross-s-power-to-love-is-released-in-germany-on-the-electrola-label-1990-01-29
Queen Quiz: Archive Explorer (Part 7),In which country did Queen play at Deutschlandhalle on 30 November 1980?,Medium,https://www.queenconcerts.com/detail/live/521/queen-live-30-11-1980-deutschlandhalle-berlin-germany.html
Queen Quiz: Archive Explorer (Part 7),"In what year did this Queen-related event occur: Brian May acts as musical director for a rock guitar night at the Seville Expo '92 guitar festival, performing alongside Nuno Bettencourt, Joe Walsh, Steve Vai and Joe Satriani?",Hard,Queen: As It Began (user-supplied text); history key brian-may-acts-as-musical-director-for-a-rock-guitar-night-at-the-seville-expo-92-guitar-festival-performing-1991-10-19
Queen Quiz: Archive Explorer (Part 7),Which city hosted Queen's 18 May 1982 show at Eissporthalle?,Hard,https://www.queenconcerts.com/detail/live/577/queen-live-18-05-1982-eissporthalle-kassel-germany.html
Queen Quiz: Archive Explorer (Part 7),Which Queen member has the individual writing credit for 'Life Is Real (Song for Lennon)'?,Hard,"Queen: Complete Works (user-supplied text), Part Three: The Songs; Life Is Real (Song for Lennon)"
Queen Quiz: Archive Explorer (Part 7),Which Queen member has the individual writing credit for 'In the Lap of the Gods... Revisited'?,Hard,"Queen: Complete Works (user-supplied text), Part Three: The Songs; In the Lap of the Gods... Revisited"
Queen Quiz: Archive Explorer (Part 7),"In what year did this Queen-related event occur: Queen play Madison Square Garden, New York, for the first time?",Hard,Queen: As It Began (user-supplied text); history key queen-play-madison-square-garden-new-york-for-the-first-time-1977-02-05
Queen Quiz: Archive Explorer (Part 7),Which Queen member has the individual writing credit for 'Ogre Battle'?,Hard,"Queen: Complete Works (user-supplied text), Part Three: The Songs; Ogre Battle"
Queen Quiz: Archive Explorer (Part 7),At which venue did Queen perform in Adelaide on 15 April 1976?,Hard,https://www.queenconcerts.com/detail/live/253/queen-live-15-04-1976-apollo-stadium-adelaide-australia.html
Queen Quiz: Archive Explorer (Part 7),At which venue did Queen perform in Coventry on 16 November 1975?,Hard,https://www.queenconcerts.com/detail/live/188/queen-live-16-11-1975-theatre-coventry-uk.html
Queen Quiz: Archive Explorer (Part 7),At which venue did Queen perform in Milan on 15 September 1984?,Hard,https://www.queenconcerts.com/detail/live/637/queen-live-15-09-1984-sportspalace-milan-italy.html
Queen Quiz: Archive Explorer (Part 7),Which city hosted Queen's 25 April 1972 show at Queen Charlotte's Maternity Hospital?,Hard,https://www.queenconcerts.com/detail/live/2428/queen-live-25-04-1972-queen-charlottes-maternity-hospital-london-uk.html
Queen Quiz: Archive Explorer (Part 7),Which city hosted Queen's 22 April 1975 show at Aichi Taikukan?,Hard,https://www.queenconcerts.com/detail/live/179/queen-live-22-04-1975-aichi-taikukan-nagoya-japan.html
Queen Quiz: Archive Explorer (Part 7),In what year did this Queen-related event occur: A Night at the Opera reaches number one on the UK albums chart?,Hard,Queen: As It Began (user-supplied text); history key a-night-at-the-opera-reaches-number-one-on-the-uk-albums-chart-1975-12-27
Queen Quiz: Archive Explorer (Part 7),At which venue did Queen perform in Plymouth on 3 March 1974?,Very Hard,https://www.queenconcerts.com/detail/live/76/queen-live-03-03-1974-guildhall-plymouth-uk.html
Queen Quiz: Archive Explorer (Part 7),What happened in Queen's story on 20 February 1974?,Very Hard,"Queen: As It Began (user-supplied text); history key queen-record-a-special-backing-track-for-top-of-the-pops-using-time-loaned-by-pete-townshend-ahead-of-a-last-minute-1974-02-20; distractors: queen-play-what-was-meant-to-be-the-tour-s-final-date-at-london-s-rainbow-theatre-freddie-storms-off-mid-day-after-1974-03-31, queen-instruct-lawyer-jim-beach-to-begin-negotiations-to-break-free-of-their-trident-contracts-1974-12, queen-play-the-first-date-of-their-first-headlining-uk-tour-at-blackpool-winter-gardens-1974-03-01"
Queen Quiz: Archive Explorer (Part 7),At which venue did Queen perform in Perth on 11 April 1976?,Very Hard,https://www.queenconcerts.com/detail/live/251/queen-live-11-04-1976-entertainments-centre-perth-australia.html
Queen Quiz: Archive Explorer (Part 7),At which venue did Queen perform in Passaic on 21 February 1975?,Very Hard,https://www.queenconcerts.com/detail/live/156/queen-live-21-02-1975-capital-theater-passaic-nj-usa.html
Queen Quiz: Archive Explorer (Part 8),"In which decade did this happen: Queen appear on Top of the Pops for the first time in five years, performing 'Las Palabras de Amor'?",Easy,Queen: As It Began (user-supplied text); history key queen-appear-on-top-of-the-pops-for-the-first-time-in-five-years-performing-las-palabras-de-amor-1982-06-10
Queen Quiz: Archive Explorer (Part 8),"In which decade did this happen: Queen play their first-ever New Zealand concert, at Mount Smart Stadium, Auckland; Spandau Ballet's Tony Hadley joins them for 'Jailhouse Rock'?",Easy,Queen: As It Began (user-supplied text); history key queen-play-their-first-ever-new-zealand-concert-at-mount-smart-stadium-auckland-spandau-ballet-s-tony-hadley-1985-04-13
Queen Quiz: Archive Explorer (Part 8),In which decade did this happen: Queen sign a new six-album contract with EMI for the UK and Europe?,Easy,Queen: As It Began (user-supplied text); history key queen-sign-a-new-six-album-contract-with-emi-for-the-uk-and-europe-1982-04-01
Queen Quiz: Archive Explorer (Part 8),"In what year did this Queen-related event occur: Queen's European tour opens in Stockholm, Sweden?",Medium,Queen: As It Began (user-supplied text); history key queen-s-european-tour-opens-in-stockholm-sweden-1977-05-07
Queen Quiz: Archive Explorer (Part 8),"In what year did this Queen-related event occur: Roger releases 'My Country', his third solo single, from Fun In Space?",Medium,Queen: As It Began (user-supplied text); history key roger-releases-my-country-his-third-solo-single-from-fun-in-space-1981-06-29
Queen Quiz: Archive Explorer (Part 8),In which country did Queen play at Checkerdome on 23 November 1978?,Medium,https://www.queenconcerts.com/detail/live/389/queen-live-23-11-1978-checkerdome-st-louis-mo-usa.html
Queen Quiz: Archive Explorer (Part 8),In which country did Queen play at Woods Leisure Centre on 24 March 1974?,Medium,https://www.queenconcerts.com/detail/live/89/queen-live-24-03-1974-woods-leisure-centre-colchester-uk.html
Queen Quiz: Archive Explorer (Part 8),"In what year did this Queen-related event occur: Queen's 'Crazy Tour' of Britain opens at Birmingham NEC, drawing a record indoor attendance of 14,000?",Medium,Queen: As It Began (user-supplied text); history key queen-s-crazy-tour-of-britain-opens-at-birmingham-nec-drawing-a-record-indoor-attendance-of-14-000-1979-11-24
Queen Quiz: Archive Explorer (Part 8),In which country did Queen play at Civic on 13 September 1980?,Medium,https://www.queenconcerts.com/detail/live/503/queen-live-13-09-1980-civic-omaha-ne-usa.html
Queen Quiz: Archive Explorer (Part 8),Which city hosted Queen's 9 February 1975 show at Morris Civic Auditorium?,Hard,https://www.queenconcerts.com/detail/live/148/queen-live-09-02-1975-morris-civic-auditorium-south-bend-in-usa.html
Queen Quiz: Archive Explorer (Part 8),At which venue did Queen perform in Portland on 27 August 1980?,Hard,https://www.queenconcerts.com/detail/live/497/queen-live-27-08-1980-cumberland-county-civic-center-portland-me-usa.html
Queen Quiz: Archive Explorer (Part 8),At which venue did Queen perform in Truro on 12 August 1971?,Hard,https://www.queenconcerts.com/detail/live/26/queen-live-12-08-1971-tregye-hotel-truro-uk.html
Queen Quiz: Archive Explorer (Part 8),In which month of 1967 did this happen: Roger begins his dentistry degree at the London Hospital Medical School?,Hard,Queen: As It Began (user-supplied text); history key roger-begins-his-dentistry-degree-at-the-london-hospital-medical-school-1967-10
Queen Quiz: Archive Explorer (Part 8),Which city hosted Queen's 22 November 1973 show at City Hall?,Hard,https://www.queenconcerts.com/detail/live/55/queen-live-22-11-1973-city-hall-newcastle-uk.html
Queen Quiz: Archive Explorer (Part 8),Which city hosted Queen's 3 April 1975 show at Corral?,Hard,https://www.queenconcerts.com/detail/live/176/queen-live-03-04-1975-corral-calgary-canada.html
Queen Quiz: Archive Explorer (Part 8),Which city hosted Queen's 27 April 1974 show at Palace Theatre?,Hard,https://www.queenconcerts.com/detail/live/103/queen-live-27-04-1974-palace-theatre-providence-ri-usa.html
Queen Quiz: Archive Explorer (Part 8),Which city hosted Queen's 5 March 1975 show at Mary E Sawyer Auditorium?,Hard,https://www.queenconcerts.com/detail/live/160/queen-live-05-03-1975-mary-e-sawyer-auditorium-la-crosse-wi-usa.html
Queen Quiz: Archive Explorer (Part 8),In which month of 1974 did this happen: Elektra releases an edited version of 'Liar' as a US single; it fails to chart?,Hard,Queen: As It Began (user-supplied text); history key elektra-releases-an-edited-version-of-liar-as-a-us-single-it-fails-to-chart-1974-02-14
Queen Quiz: Archive Explorer (Part 8),In what year did this Queen-related event occur: Freddie Mercury dies at 7pm of AIDS-related bronchial pneumonia?,Hard,Queen: As It Began (user-supplied text); history key freddie-mercury-dies-at-7pm-of-aids-related-bronchial-pneumonia-1991-11-24
Queen Quiz: Archive Explorer (Part 8),"In which month of 1975 did this happen: Queen sign a severance agreement freeing them from their three Trident contracts, in exchange for a £100,000 payment and 1% royalties on their next six albums?",Hard,Queen: As It Began (user-supplied text); history key queen-sign-a-severance-agreement-freeing-them-from-their-three-trident-contracts-in-exchange-for-a-100-000-payment-1975-08
Queen Quiz: Archive Explorer (Part 8),In which month of 1966 did this happen: The Opposition rename themselves the New Opposition?,Hard,Queen: As It Began (user-supplied text); history key the-opposition-rename-themselves-the-new-opposition-1966-05
Queen Quiz: Archive Explorer (Part 8),At which venue did Queen perform in Glasgow on 16 December 1975?,Very Hard,https://www.queenconcerts.com/detail/live/208/queen-live-16-12-1975-apollo-theatre-glasgow-uk.html
Queen Quiz: Archive Explorer (Part 8),What happened in Queen's story on 20 May 1974?,Very Hard,"Queen: As It Began (user-supplied text); history key elektra-releases-seven-seas-of-rhye-as-a-us-single-it-fails-to-chart-1974-05-20; distractors: queen-play-the-first-date-of-their-first-headlining-uk-tour-at-blackpool-winter-gardens-1974-03-01, queen-record-a-special-backing-track-for-top-of-the-pops-using-time-loaned-by-pete-townshend-ahead-of-a-last-minute-1974-02-20, brian-is-hospitalised-for-an-emergency-operation-for-a-duodenal-ulcer-forcing-cancellation-of-a-planned-september-1974-08"
Queen Quiz: Archive Explorer (Part 8),What was the advertised 1974 ticket price for Queen's filmed Rainbow Theatre concerts?,Very Hard,https://www.queenonline.com/news/watch-queen-the-greatest-the-landmark-gig-live-at-the-rainbow-episode-2
Queen Quiz: Archive Explorer (Part 8),At which venue did Queen perform in Allentown on 2 May 1974?,Very Hard,https://www.queenconcerts.com/detail/live/106/queen-live-02-05-1974-agricultural-hall-allentown-pa-usa.html
Queen Quiz: Archive Explorer (Part 9),"In which decade did this happen: Queen play the University of Dayton arena despite an unheated hall and cancelled flights, chartering a private plane to get there?",Easy,Queen: As It Began (user-supplied text); history key queen-play-the-university-of-dayton-arena-despite-an-unheated-hall-and-cancelled-flights-chartering-a-private-plane-1977-12-04
Queen Quiz: Archive Explorer (Part 9),"In which decade did this happen: The Works is released in the UK, entering the chart at number 2, with cover photography by Hollywood photographer George Hurrell?",Easy,Queen: As It Began (user-supplied text); history key the-works-is-released-in-the-uk-entering-the-chart-at-number-2-with-cover-photography-by-hollywood-photographer-1984-02-27
Queen Quiz: Archive Explorer (Part 9),"In which decade did this happen: The Game is released, going straight to UK number one?",Easy,Queen: As It Began (user-supplied text); history key the-game-is-released-going-straight-to-uk-number-one-1980-06-30
Queen Quiz: Archive Explorer (Part 9),In what year did this Queen-related event occur: Queen perform a charity concert with the Royal Philharmonic Orchestra and Royal Choral Society at the Royal Albert Hall in aid of leukaemia research?,Medium,Queen: As It Began (user-supplied text); history key queen-perform-a-charity-concert-with-the-royal-philharmonic-orchestra-and-royal-choral-society-at-the-royal-albert-1981-12-08
Queen Quiz: Archive Explorer (Part 9),In which country did Queen play at Maimarktgelände on 21 June 1986?,Medium,https://www.queenconcerts.com/detail/live/680/queen-live-21-06-1986-maimarktgelande-mannheim-germany.html
Queen Quiz: Archive Explorer (Part 9),"In what year did this Queen-related event occur: John Deacon plays bass on 'Picking Up Sounds', a single by Man Friday and Jive Junior?",Medium,Queen: A Visual Documentary (user-supplied text); history key john-deacon-plays-bass-on-man-friday-and-jive-junior-s-picking-up-sounds-1983
Queen Quiz: Archive Explorer (Part 9),In what year did this Queen-related event occur: Roger and John undertake a promotional tour of Japan for The Works?,Medium,Queen: As It Began (user-supplied text); history key roger-and-john-undertake-a-promotional-tour-of-japan-for-the-works-1984-03-24
Queen Quiz: Archive Explorer (Part 9),Which pair executive-produced the 2026 'Queen II' Collector's Edition?,Medium,https://www.queenonline.com/news/queen-ii-out-now
Queen Quiz: Archive Explorer (Part 9),In which country did Queen play at Coliseum on 7 November 1978?,Medium,https://www.queenconcerts.com/detail/live/378/queen-live-07-11-1978-coliseum-new-haven-ct-usa.html
Queen Quiz: Archive Explorer (Part 9),Which Queen member has the individual writing credit for 'It's a Hard Life'?,Hard,"Queen: Complete Works (user-supplied text), Part Three: The Songs; It's a Hard Life"
Queen Quiz: Archive Explorer (Part 9),"In which month of 1974 did this happen: Fans rush the stage at the Liverpool Empire, forcing the safety curtain down?",Hard,Queen: As It Began (user-supplied text); history key fans-rush-the-stage-at-the-liverpool-empire-forcing-the-safety-curtain-down-1974-11-01
Queen Quiz: Archive Explorer (Part 9),At which venue did Queen perform in London on 20 February 1971?,Hard,https://www.queenconcerts.com/detail/live/16/queen-live-20-02-1971-kingston-polytechnic-london-uk.html
Queen Quiz: Archive Explorer (Part 9),Which city hosted Queen's 14 December 1975 show at Capitol?,Hard,https://www.queenconcerts.com/detail/live/206/queen-live-14-12-1975-capitol-aberdeen-uk.html
Queen Quiz: Archive Explorer (Part 9),"In which month of 1970 did this happen: John sees Queen play (without realising their significance) at the College of Estate Management, Kensington?",Hard,Queen: As It Began (user-supplied text); history key john-sees-queen-play-without-realising-their-significance-at-the-college-of-estate-management-kensington-1970-10
Queen Quiz: Archive Explorer (Part 9),Which city hosted Queen's 7 February 1979 show at Tivoli Halle?,Hard,https://www.queenconcerts.com/detail/live/421/queen-live-07-02-1979-tivoli-halle-ljubljana-yugoslavia.html
Queen Quiz: Archive Explorer (Part 9),In what year did this Queen-related event occur: Queen instruct lawyer Jim Beach to begin negotiations to break free of their Trident contracts?,Hard,Queen: As It Began (user-supplied text); history key queen-instruct-lawyer-jim-beach-to-begin-negotiations-to-break-free-of-their-trident-contracts-1974-12
Queen Quiz: Archive Explorer (Part 9),At which venue did Queen perform in Vienna on 12 May 1982?,Hard,https://www.queenconcerts.com/detail/live/573/queen-live-12-05-1982-stadthalle-vienna-austria.html
Queen Quiz: Archive Explorer (Part 9),Which city hosted Queen's 10 March 1972 show at King's College Medical School?,Hard,https://www.queenconcerts.com/detail/live/34/queen-live-10-03-1972-kings-college-medical-school-london-uk.html
Queen Quiz: Archive Explorer (Part 9),At which London college were two August 1970 live performances featured on the 2024 'Queen I Live' disc recorded?,Hard,https://www.queenonline.com/news/queen-i-queen-remixed-remastered-and-expanded-out-now
Queen Quiz: Archive Explorer (Part 9),"Which composer wrote the 2002 Winter Olympics opening music 'The Fire Within', featuring Brian May on guitar?",Hard,https://www.queenonline.com/brian_may
Queen Quiz: Archive Explorer (Part 9),Who engineered the original 'Queen II' album at Trident Studios?,Hard,https://www.queenonline.com/news/queen-ii-out-now
Queen Quiz: Archive Explorer (Part 9),At which venue did Queen perform in Buffalo on 28 November 1978?,Very Hard,https://www.queenconcerts.com/detail/live/392/queen-live-28-11-1978-war-memorial-auditorium-buffalo-ny-usa.html
Queen Quiz: Archive Explorer (Part 9),At which venue did Queen perform in Zagreb on 6 February 1979?,Very Hard,https://www.queenconcerts.com/detail/live/420/queen-live-06-02-1979-dom-sportova-zagreb-yugoslavia.html
Queen Quiz: Archive Explorer (Part 9),At which venue did Queen perform in Canvey Island on 22 March 1974?,Very Hard,https://www.queenconcerts.com/detail/live/87/queen-live-22-03-1974-the-paddocks-canvey-island-uk.html
Queen Quiz: Archive Explorer (Part 9),At which venue did Queen perform in Charlotte on 13 August 1980?,Very Hard,https://www.queenconcerts.com/detail/live/488/queen-live-13-08-1980-coliseum-charlotte-nc-usa.html
Queen Quiz: Archive Explorer (Part 10),"In which decade did this happen: Freddie slips and re-injures his knee ligaments on stage in Hannover during 'Hammer To Fall', finishing the show from a piano stool?",Easy,Queen: As It Began (user-supplied text); history key freddie-slips-and-re-injures-his-knee-ligaments-on-stage-in-hannover-during-hammer-to-fall-finishing-the-show-1984-09-22
Queen Quiz: Archive Explorer (Part 10),"In which decade did this happen: Queen's North American tour concludes at the Inglewood Forum, Los Angeles?",Easy,Queen: As It Began (user-supplied text); history key queen-s-north-american-tour-concludes-at-the-inglewood-forum-los-angeles-1982-09-15
Queen Quiz: Archive Explorer (Part 10),Which Queen concert appearance forms the climax of the film 'Bohemian Rhapsody'?,Easy,https://www.queenonline.com/news/bohemian-rhapsody-soundtrack-out-today; https://www.queenonline.com/news/press-release-bohemian-rhapsody-digital-dvd-and-blu-ray-release-details; https://www.queenonline.com/news/bohemian-rhapsody-wins-two-baftas
Queen Quiz: Archive Explorer (Part 10),"In what year did this Queen-related event occur: Live In Rio home video is released in the UK, going straight to number one on the video chart?",Medium,Queen: As It Began (user-supplied text); history key live-in-rio-home-video-is-released-in-the-uk-going-straight-to-number-one-on-the-video-chart-1985-05-13
Queen Quiz: Archive Explorer (Part 10),"In what year did this Queen-related event occur: Brian May's solo single 'Star Fleet', credited to Brian May and Friends, is released in the UK?",Medium,Queen: As It Began (user-supplied text); history key brian-may-s-solo-single-star-fleet-credited-to-brian-may-and-friends-is-released-in-the-uk-1983-10-24
Queen Quiz: Archive Explorer (Part 10),In which country did Queen play at Le Blow Up on 14 October 1973?,Medium,https://www.queenconcerts.com/detail/live/42/queen-live-14-10-1973-le-blow-up-luxembourg-luxembourg.html
Queen Quiz: Archive Explorer (Part 10),In which country did Queen play at Congresscentrum on 13 May 1977?,Medium,https://www.queenconcerts.com/detail/live/310/queen-live-13-05-1977-congresscentrum-hamburg-germany.html
Queen Quiz: Archive Explorer (Part 10),Which producer is credited alongside Queen on the original 'Queen II' album?,Medium,https://www.queenonline.com/news/queen-ii-out-now
Queen Quiz: Archive Explorer (Part 10),Who portrayed John Deacon in the 2018 film 'Bohemian Rhapsody'?,Medium,https://www.queenonline.com/news/bohemian-rhapsody-soundtrack-out-today; https://www.queenonline.com/news/press-release-bohemian-rhapsody-digital-dvd-and-blu-ray-release-details; https://www.queenonline.com/news/bohemian-rhapsody-wins-two-baftas
Queen Quiz: Archive Explorer (Part 10),Which city hosted Queen's 27 May 1977 show at Gaumont?,Hard,https://www.queenconcerts.com/detail/live/318/queen-live-27-05-1977-gaumont-southampton-uk.html
Queen Quiz: Archive Explorer (Part 10),Which Queen member has the individual writing credit for 'Gimme the Prize (Kurgan's Theme)'?,Hard,"Queen: Complete Works (user-supplied text), Part Three: The Songs; Gimme the Prize (Kurgan's Theme)"
Queen Quiz: Archive Explorer (Part 10),Which Queen member's 1989 'Breakthru' video-set interview is described as his last in the 2022 'Miracle' release notes?,Hard,https://www.queenonline.com/news/queen-the-miracle-collectors-edition-out-now
Queen Quiz: Archive Explorer (Part 10),Which Queen member has the individual writing credit for 'Tie Your Mother Down'?,Hard,"Queen: Complete Works (user-supplied text), Part Three: The Songs; Tie Your Mother Down"
Queen Quiz: Archive Explorer (Part 10),"In which month of 1977 did this happen: Queen close a three-night run at the Los Angeles Forum with an elaborate Christmas-themed encore featuring dancers, John Reid as an elf, and Father Christmas?",Hard,Queen: As It Began (user-supplied text); history key queen-close-a-three-night-run-at-the-los-angeles-forum-with-an-elaborate-christmas-themed-encore-featuring-dancers-1977-12-22
Queen Quiz: Archive Explorer (Part 10),"In which month of 1978 did this happen: EMI releases Jazz, Queen's seventh album, with its title and cover inspired by graffiti Roger spotted on the Berlin Wall?",Hard,Queen: As It Began (user-supplied text); history key emi-releases-jazz-queen-s-seventh-album-with-its-title-and-cover-inspired-by-graffiti-roger-spotted-on-the-berlin-wall-1978-11-10
Queen Quiz: Archive Explorer (Part 10),At which venue did Queen perform in Philadelphia on 31 January 1976?,Hard,https://www.queenconcerts.com/detail/live/213/queen-live-31-01-1976-tower-theatre-philadelphia-pa-usa.html
Queen Quiz: Archive Explorer (Part 10),Which city hosted Queen's 1 September 1976 show at Playhouse Theatre?,Hard,https://www.queenconcerts.com/detail/live/259/queen-live-01-09-1976-playhouse-theatre-edinburgh-uk.html
Queen Quiz: Archive Explorer (Part 10),Whose 'Hit Parade' radio programme did young John Deacon record on a reel-to-reel tape deck?,Hard,https://www.queenonline.com/john_deacon
Queen Quiz: Archive Explorer (Part 10),Which Queen member has the individual writing credit for 'The Fairy Feller's Master-Stroke'?,Hard,"Queen: Complete Works (user-supplied text), Part Three: The Songs; The Fairy Feller's Master-Stroke"
Queen Quiz: Archive Explorer (Part 10),At which venue did Queen perform in Munich on 18 December 1980?,Hard,https://www.queenconcerts.com/detail/live/532/queen-live-18-12-1980-olympiahalle-munich-germany.html
Queen Quiz: Archive Explorer (Part 10),In what year did this Queen-related event occur: Freddie leaves Wreckage after feeling the band wasn't progressing?,Hard,Queen: As It Began (user-supplied text); history key freddie-leaves-wreckage-after-feeling-the-band-wasn-t-progressing-1970-03
Queen Quiz: Archive Explorer (Part 10),What happened in Queen's story on 16 October 1970?,Very Hard,"Queen: As It Began (user-supplied text); history key queen-play-the-college-of-estate-management-kensington-to-a-friendly-audience-of-about-80-1970-10-16; distractors: freddie-brian-and-roger-agree-on-the-name-queen-and-begin-life-as-a-band-1970-04, tim-staffell-leaves-brian-and-roger-ending-smile-1970, freddie-leaves-wreckage-after-feeling-the-band-wasn-t-progressing-1970-03"
Queen Quiz: Archive Explorer (Part 10),At which venue did Queen perform in Penzance on 17 July 1971?,Very Hard,https://www.queenconcerts.com/detail/live/19/queen-live-17-07-1971-the-garden-penzance-uk.html
Queen Quiz: Archive Explorer (Part 10),At which venue did Queen perform in Cheltenham on 7 December 1973?,Very Hard,https://www.queenconcerts.com/detail/live/66/queen-live-07-12-1973-shaftesbury-hall-cheltenham-uk.html
Queen Quiz: Archive Explorer (Part 10),What happened in Queen's story on 13 July 1973?,Very Hard,"Queen: As It Began (user-supplied text); history key emi-releases-queen-s-self-titled-debut-album-in-the-uk-1973-07-13; distractors: queen-play-a-special-marquee-showcase-for-elektra-s-jack-holsten-who-is-won-over-despite-a-half-empty-room-1973-04-09, queen-sign-their-first-recording-contract-with-emi-records-ltd-covering-the-uk-and-europe-1973-03, queen-begin-recording-their-second-album-at-trident-studios-this-time-as-a-main-booked-act-1973-08"
Queen Quiz: Archive Explorer (Part 11),On which Queen studio song did Freddie Mercury play rhythm acoustic guitar?,Easy,"Queen: Complete Works (user-supplied text), Part Three: The Songs; Crazy Little Thing Called Love"
Queen Quiz: Archive Explorer (Part 11),"In which decade did this happen: Queen headline the Ludwigparkstadion festival in Saarbrucken, Germany, to a record crowd of 30,000; Roger's hair-bleaching mishap turns his hair green just before the show?",Easy,Queen: As It Began (user-supplied text); history key queen-headline-the-ludwigparkstadion-festival-in-saarbrucken-germany-to-a-record-crowd-of-30-000-roger-s-1979-08-18
Queen Quiz: Archive Explorer (Part 11),Who portrayed Freddie Mercury in the 2018 film 'Bohemian Rhapsody'?,Easy,https://www.queenonline.com/news/bohemian-rhapsody-soundtrack-out-today; https://www.queenonline.com/news/press-release-bohemian-rhapsody-digital-dvd-and-blu-ray-release-details; https://www.queenonline.com/news/bohemian-rhapsody-wins-two-baftas
Queen Quiz: Archive Explorer (Part 11),In which country did Queen play at Pabellon De Real Madrid on 22 February 1979?,Medium,https://www.queenconcerts.com/detail/live/429/queen-live-22-02-1979-pabellon-de-real-madrid-madrid-spain.html
Queen Quiz: Archive Explorer (Part 11),"In what year did this Queen-related event occur: Brian records a Rod Stewart 'Sailing' cover, released as 'Rock Against Repatriation', to aid Vietnamese boat people?",Medium,Queen: As It Began (user-supplied text); history key brian-records-a-rod-stewart-sailing-cover-released-as-rock-against-repatriation-to-aid-vietnamese-boat-people-1990-01-01
Queen Quiz: Archive Explorer (Part 11),In which country did Queen play at Kyuden Auditorium on 19 October 1982?,Medium,https://www.queenconcerts.com/detail/live/617/queen-live-19-10-1982-kyuden-auditorium-fukuoka-japan.html
Queen Quiz: Archive Explorer (Part 11),"In what year did this Queen-related event occur: Brian and John perform at the Prince's Trust Gala Concert at the Royal Albert Hall alongside Eric Clapton, Elton John, Joe Cocker and others?",Medium,Queen: As It Began (user-supplied text); history key brian-and-john-perform-at-the-prince-s-trust-gala-concert-at-the-royal-albert-hall-alongside-eric-clapton-elton-1988-06-06
Queen Quiz: Archive Explorer (Part 11),In what year did this Queen-related event occur: John Deacon records a song with Hot Chocolate singer Errol Brown?,Medium,Queen: A Visual Documentary (user-supplied text); history key john-deacon-records-a-song-with-errol-brown-1986-02
Queen Quiz: Archive Explorer (Part 11),In what year did this Queen-related event occur: A BBC poll seeks the 'Best British Queen Song'?,Medium,Queen: As It Began (user-supplied text); history key a-bbc-poll-seeks-the-best-british-queen-song-1989-01
Queen Quiz: Archive Explorer (Part 11),"In which month of 1971 did this happen: Queen play a poor-acoustic gig at a swimming baths in Epsom, supporting Arthur Brown's Kingdom Come?",Hard,Queen: As It Began (user-supplied text); history key queen-play-a-poor-acoustic-gig-at-a-swimming-baths-in-epsom-supporting-arthur-brown-s-kingdom-come-1971-12-09
Queen Quiz: Archive Explorer (Part 11),"In what year did this Queen-related event occur: Freddie charters a private plane (which lands on one engine after a mid-flight fault) to fly London friends to his 41st birthday party at Pykes Hotel, Ibiza?",Hard,Queen: As It Began (user-supplied text); history key freddie-charters-a-private-plane-which-lands-on-one-engine-after-a-mid-flight-fault-to-fly-london-friends-to-his-1987-09-05
Queen Quiz: Archive Explorer (Part 11),"In what year did this Queen-related event occur: Disillusioned with Liverpool, Freddie and Mike Bersin head back to London, ending Freddie's time in Ibex?",Hard,Queen: As It Began (user-supplied text); history key disillusioned-with-liverpool-freddie-and-mike-bersin-head-back-to-london-ending-freddie-s-time-in-ibex-1969-09
Queen Quiz: Archive Explorer (Part 11),Which Queen member has the individual writing credit for 'She Makes Me (Stormtrooper in Stilettoes)'?,Hard,"Queen: Complete Works (user-supplied text), Part Three: The Songs; She Makes Me (Stormtrooper in Stilettoes)"
Queen Quiz: Archive Explorer (Part 11),Which Queen member has the individual writing credit for 'Good Company'?,Hard,"Queen: Complete Works (user-supplied text), Part Three: The Songs; Good Company"
Queen Quiz: Archive Explorer (Part 11),Which city hosted Queen's 4 February 1979 show at Hallenstadium?,Hard,https://www.queenconcerts.com/detail/live/419/queen-live-04-02-1979-hallenstadium-zurich-switzerland.html
Queen Quiz: Archive Explorer (Part 11),"In which month of 1977 did this happen: 'Teo Torriatte', written by Brian with Japanese lyrics, is released as a single in Japan only?",Hard,Queen: As It Began (user-supplied text); history key teo-torriatte-written-by-brian-with-japanese-lyrics-is-released-as-a-single-in-japan-only-1977-03-25
Queen Quiz: Archive Explorer (Part 11),Which city hosted Queen's 21 April 1979 show at Practica Ethics Commemor. Hall?,Hard,https://www.queenconcerts.com/detail/live/439/queen-live-21-04-1979-practica-ethics-commemor-hall-kanazawa-japan.html
Queen Quiz: Archive Explorer (Part 11),Which city hosted Queen's 27 September 1984 show at Schleyerhalle?,Hard,https://www.queenconcerts.com/detail/live/645/queen-live-27-09-1984-schleyerhalle-stuttgart-germany.html
Queen Quiz: Archive Explorer (Part 11),Which city hosted Queen's 2 December 1973 show at Central?,Hard,https://www.queenconcerts.com/detail/live/64/queen-live-02-12-1973-central-chatham-uk.html
Queen Quiz: Archive Explorer (Part 11),At which venue did Queen perform in Providence on 10 February 1977?,Hard,https://www.queenconcerts.com/detail/live/283/queen-live-10-02-1977-civic-centre-providence-ri-usa.html
Queen Quiz: Archive Explorer (Part 11),Which city hosted Queen's 10 May 1977 show at Scandinavium?,Hard,https://www.queenconcerts.com/detail/live/308/queen-live-10-05-1977-scandinavium-gothenburg-sweden.html
Queen Quiz: Archive Explorer (Part 11),What happened in Queen's story on 19 November 1974?,Very Hard,"Queen: As It Began (user-supplied text); history key queen-s-sold-out-rainbow-theatre-london-date-is-filmed-in-full-over-two-nights-a-second-added-due-to-demand-1974-11-19; distractors: queen-mott-the-hoople-and-aerosmith-play-the-harrisburg-farm-arena-a-converted-cowshed-brian-and-aerosmith-s-joe-1974-05-01, queen-ii-is-released-in-the-uk-marking-the-first-queen-sleeve-to-feature-a-black-side-and-a-white-side-instead-of-a-b-1974-03-08, queen-record-a-special-backing-track-for-top-of-the-pops-using-time-loaned-by-pete-townshend-ahead-of-a-last-minute-1974-02-20"
Queen Quiz: Archive Explorer (Part 11),What happened in Queen's story on 7 March 1966?,Very Hard,"Queen: As It Began (user-supplied text); history key reaction-win-the-rock-and-rhythm-championship-with-roger-on-lead-vocals-1966-03-07; distractors: freddie-begins-a-graphic-illustrating-course-at-ealing-college-of-art-where-he-meets-fellow-student-tim-staffell-1966-09, john-buys-his-first-bass-guitar-an-eko-for-22-taking-over-from-departing-bassist-clive-castledine-1966-04, freddie-leaves-isleworth-with-a-grade-a-art-a-level-1966"
Queen Quiz: Archive Explorer (Part 11),Which song appears on the 2024 'Queen I Live' disc in a March 1976 San Diego performance?,Very Hard,https://www.queenonline.com/news/queen-i-queen-remixed-remastered-and-expanded-out-now
Queen Quiz: Archive Explorer (Part 11),At which venue did Queen perform in Copenhagen on 12 May 1977?,Very Hard,https://www.queenconcerts.com/detail/live/309/queen-live-12-05-1977-broendby-hall-copenhagen-denmark.html
Queen Quiz: Archive Explorer (Part 12),In which decade did this happen: Queen and Mott play six sold-out nights at New York's Uris Theater on Broadway - the venue's first-ever rock concerts?,Easy,Queen: As It Began (user-supplied text); history key queen-and-mott-play-six-sold-out-nights-at-new-york-s-uris-theater-on-broadway-the-venue-s-first-ever-rock-concerts-1974-05-07
Queen Quiz: Archive Explorer (Part 12),In which decade did this happen: Queen play their first London date of the tour at Wembley Arena; Freddie dons false breasts for the encore?,Easy,Queen: As It Began (user-supplied text); history key queen-play-their-first-london-date-of-the-tour-at-wembley-arena-freddie-dons-false-breasts-for-the-encore-1984-09-04
Queen Quiz: Archive Explorer (Part 12),In which decade did this happen: Queen depart for Rio de Janeiro to headline the first Rock in Rio festival?,Easy,Queen: As It Began (user-supplied text); history key queen-depart-for-rio-de-janeiro-to-headline-the-first-rock-in-rio-festival-1985-01-06
Queen Quiz: Archive Explorer (Part 12),Who portrayed Mary Austin in the 2018 film 'Bohemian Rhapsody'?,Medium,https://www.queenonline.com/news/bohemian-rhapsody-soundtrack-out-today; https://www.queenonline.com/news/press-release-bohemian-rhapsody-digital-dvd-and-blu-ray-release-details; https://www.queenonline.com/news/bohemian-rhapsody-wins-two-baftas
Queen Quiz: Archive Explorer (Part 12),In what year did this Queen-related event occur: Queen fly to Hamburg to begin their biggest European tour yet - 28 dates?,Medium,Queen: As It Began (user-supplied text); history key queen-fly-to-hamburg-to-begin-their-biggest-european-tour-yet-28-dates-1979-01-12
Queen Quiz: Archive Explorer (Part 12),Which previously omitted song was restored to the 1989 album's original planned LP sequence in the 2022 'Miracle' set?,Medium,https://www.queenonline.com/news/queen-the-miracle-collectors-edition-out-now
Queen Quiz: Archive Explorer (Part 12),"In what year did this Queen-related event occur: Freddie's single 'The Great Pretender' is released, reaching UK number 4 - his best solo chart position to date?",Medium,Queen: As It Began (user-supplied text); history key freddie-s-single-the-great-pretender-is-released-reaching-uk-number-4-his-best-solo-chart-position-to-date-1987-02-23
Queen Quiz: Archive Explorer (Part 12),Which vocal group originally recorded the song Freddie covered as 'The Great Pretender'?,Medium,https://www.queenonline.com/freddie_mercury
Queen Quiz: Archive Explorer (Part 12),Which Queen B-side was Roger Taylor's song 'I'm in Love with My Car'?,Medium,https://www.queenonline.com/roger_taylor
Queen Quiz: Archive Explorer (Part 12),In which month of 1972 did this happen: Roger moves into his own flat in Richmond as Freddie moves in with Mary Austin?,Hard,Queen: As It Began (user-supplied text); history key roger-moves-into-his-own-flat-in-richmond-as-freddie-moves-in-with-mary-austin-1972-11
Queen Quiz: Archive Explorer (Part 12),"In what year did this Queen-related event occur: At the Smash Hits Awards, a large Queen promotional banner is removed from view, prompting complaints from the band's camp?",Hard,Queen: As It Began (user-supplied text); history key at-the-smash-hits-awards-a-large-queen-promotional-banner-is-removed-from-view-prompting-complaints-from-the-1988-10-30
Queen Quiz: Archive Explorer (Part 12),How many discs make up the 2022 'The Miracle' Collector's Edition box?,Hard,https://www.queenonline.com/news/queen-the-miracle-collectors-edition-out-now
Queen Quiz: Archive Explorer (Part 12),At which venue did Queen perform in Kobe on 27 April 1979?,Hard,https://www.queenconcerts.com/detail/live/443/queen-live-27-04-1979-central-international-display-kobe-japan.html
Queen Quiz: Archive Explorer (Part 12),At which venue did Queen perform in Paris on 14 June 1986?,Hard,https://www.queenconcerts.com/detail/live/677/queen-live-14-06-1986-hippodrome-de-vincennes-paris-france.html
Queen Quiz: Archive Explorer (Part 12),At which venue did Queen perform in Brisbane on 23 April 1976?,Hard,https://www.queenconcerts.com/detail/live/258/queen-live-23-04-1976-festival-hall-brisbane-australia.html
Queen Quiz: Archive Explorer (Part 12),Which city hosted Queen's 18 January 1979 show at Ostseehalle?,Hard,https://www.queenconcerts.com/detail/live/408/queen-live-18-01-1979-ostseehalle-kiel-germany.html
Queen Quiz: Archive Explorer (Part 12),In which month of 1975 did this happen: Top of the Pops premieres the 'Bohemian Rhapsody' promo video?,Hard,Queen: As It Began (user-supplied text); history key top-of-the-pops-premieres-the-bohemian-rhapsody-promo-video-1975-11-20
Queen Quiz: Archive Explorer (Part 12),"In what year did this Queen-related event occur: During a Wembley Arena show, news breaks that John Lennon has been shot dead; Queen play an emotional tribute version of 'Imagine'?",Hard,Queen: As It Began (user-supplied text); history key during-a-wembley-arena-show-news-breaks-that-john-lennon-has-been-shot-dead-queen-play-an-emotional-tribute-1980-12-09
Queen Quiz: Archive Explorer (Part 12),Which city hosted Queen's 23 November 1980 show at Hallenstadion?,Hard,https://www.queenconcerts.com/detail/live/516/queen-live-23-11-1980-hallenstadion-zurich-switzerland.html
Queen Quiz: Archive Explorer (Part 12),"In which month of 1976 did this happen: Queen fly to New York to begin their third American tour, with new tour manager Gerry Stickells?",Hard,Queen: As It Began (user-supplied text); history key queen-fly-to-new-york-to-begin-their-third-american-tour-with-new-tour-manager-gerry-stickells-1976-01-20
Queen Quiz: Archive Explorer (Part 12),At which venue did Queen perform in Calgary on 17 March 1977?,Hard,https://www.queenconcerts.com/detail/live/305/queen-live-17-03-1977-jubilee-auditorium-calgary-canada.html
Queen Quiz: Archive Explorer (Part 12),How many pages are in the book included with the 2026 'Queen II' Collector's Edition?,Very Hard,https://www.queenonline.com/news/queen-ii-out-now
Queen Quiz: Archive Explorer (Part 12),At which venue did Queen perform in Puebla on 17 October 1981?,Very Hard,https://www.queenconcerts.com/detail/live/549/queen-live-17-10-1981-estadio-de-beisbol-ignacio-zaragoza-puebla-mexico.html
Queen Quiz: Archive Explorer (Part 12),At which venue did Queen perform in London on 17 December 1979?,Very Hard,https://www.queenconcerts.com/detail/live/466/queen-live-17-12-1979-purley-tiffanys-london-uk.html
Queen Quiz: Archive Explorer (Part 12),How many pages are in the book supplied with the 2024 'Queen I' Collector's Edition?,Very Hard,https://www.queenonline.com/news/queen-i-queen-remixed-remastered-and-expanded-out-now
Queen Quiz: Archive Explorer (Part 13),"In which decade did this happen: Greatest Hits is released in the UK, going on to become Queen's biggest-selling album; the following week it topped the album, singles and video charts simultaneously?",Easy,Queen: As It Began (user-supplied text); history key greatest-hits-is-released-in-the-uk-going-on-to-become-queen-s-biggest-selling-album-the-following-week-it-topped-1981-11-02
Queen Quiz: Archive Explorer (Part 13),In which decade did this happen: Roger leaves Truro School with seven O levels and three A levels?,Easy,Queen: As It Began (user-supplied text); history key roger-leaves-truro-school-with-seven-o-levels-and-three-a-levels-1967
Queen Quiz: Archive Explorer (Part 13),"In which decade did this happen: Queen's UK tour opens at the Liverpool Empire, with an elaborate new stage set including Roger's giant gong?",Easy,Queen: As It Began (user-supplied text); history key queen-s-uk-tour-opens-at-the-liverpool-empire-with-an-elaborate-new-stage-set-including-roger-s-giant-gong-1975-11-14
Queen Quiz: Archive Explorer (Part 13),In which country did Queen play at Theatre 140 on 10 December 1974?,Medium,https://www.queenconcerts.com/detail/live/137/queen-live-10-12-1974-theatre-140-brussels-belgium.html
Queen Quiz: Archive Explorer (Part 13),In which country did Queen play at St George's Hall on 6 November 1974?,Medium,https://www.queenconcerts.com/detail/live/121/queen-live-06-11-1974-st-georges-hall-bradford-uk.html
Queen Quiz: Archive Explorer (Part 13),In which country did Queen play at Palacio De Deportes on 19 February 1979?,Medium,https://www.queenconcerts.com/detail/live/427/queen-live-19-02-1979-palacio-de-deportes-barcelona-spain.html
Queen Quiz: Archive Explorer (Part 13),Which music hall of fame inducted Queen in June 2003?,Medium,https://www.queenonline.com/brian_may
Queen Quiz: Archive Explorer (Part 13),In what year did this Queen-related event occur: Queen play a one-off Hammersmith Odeon show broadcast live on The Old Grey Whistle Test and simulcast on Radio One?,Medium,Queen: As It Began (user-supplied text); history key queen-play-a-one-off-hammersmith-odeon-show-broadcast-live-on-the-old-grey-whistle-test-and-simulcast-on-radio-one-1975-12-24
Queen Quiz: Archive Explorer (Part 13),In which country did Queen play at Centre on 10 December 1979?,Medium,https://www.queenconcerts.com/detail/live/462/queen-live-10-12-1979-centre-brighton-uk.html
Queen Quiz: Archive Explorer (Part 13),"In what year did this Queen-related event occur: Brian May travels to Soweto, against Sun City's advice, to present awards at an annual Black African Awards Show honouring Black musicians?",Hard,Queen: As It Began (user-supplied text); history key brian-may-travels-to-soweto-against-sun-city-s-advice-to-present-awards-at-an-annual-black-african-awards-show-1984-10
Queen Quiz: Archive Explorer (Part 13),Which Queen member has the individual writing credit for 'White Queen (As It Began)'?,Hard,"Queen: Complete Works (user-supplied text), Part Three: The Songs; White Queen (As It Began)"
Queen Quiz: Archive Explorer (Part 13),Which Queen member has the individual writing credit for 'Leaving Home Ain't Easy'?,Hard,"Queen: Complete Works (user-supplied text), Part Three: The Songs; Leaving Home Ain't Easy"
Queen Quiz: Archive Explorer (Part 13),Which city hosted Queen's 7 May 1978 show at New Bingley Hall?,Hard,https://www.queenconcerts.com/detail/live/368/queen-live-07-05-1978-new-bingley-hall-stafford-uk.html
Queen Quiz: Archive Explorer (Part 13),"Which dancer, alongside Freddie Mercury, was honoured by the 1997 'Ballet for Life' production?",Hard,https://www.queenonline.com/john_deacon
Queen Quiz: Archive Explorer (Part 13),Which Roger Taylor song for 46664 addresses an HIV-positive diagnosis?,Hard,https://www.queenonline.com/roger_taylor
Queen Quiz: Archive Explorer (Part 13),"In what year did this Queen-related event occur: Freddie begins a graphic illustrating course at Ealing College of Art, where he meets fellow student Tim Staffell?",Hard,Queen: As It Began (user-supplied text); history key freddie-begins-a-graphic-illustrating-course-at-ealing-college-of-art-where-he-meets-fellow-student-tim-staffell-1966-09
Queen Quiz: Archive Explorer (Part 13),Which city hosted Queen's 20 April 1982 show at Palais Des Sports?,Hard,https://www.queenconcerts.com/detail/live/559/queen-live-20-04-1982-palais-des-sports-lyon-france.html
Queen Quiz: Archive Explorer (Part 13),"In what year did this Queen-related event occur: Roger Taylor's 40th birthday party, a 'schoolboys and schoolgirls' fancy-dress theme, features a Sky-Tracker searchlight that triggers a local UFO panic among residents and police?",Hard,Queen: As It Began (user-supplied text); history key roger-taylor-s-40th-birthday-party-a-schoolboys-and-schoolgirls-fancy-dress-theme-features-a-sky-tracker-1989
Queen Quiz: Archive Explorer (Part 13),Which Queen member has the individual writing credit for 'Great King Rat'?,Hard,"Queen: Complete Works (user-supplied text), Part Three: The Songs; Great King Rat"
Queen Quiz: Archive Explorer (Part 13),Which unusual instrument was Roy Thomas Baker credited with playing on 'Queen II'?,Hard,https://www.queenonline.com/news/queen-ii-out-now
Queen Quiz: Archive Explorer (Part 13),"Which Queen member has the individual writing credit for 'Get Down, Make Love'?",Hard,"Queen: Complete Works (user-supplied text), Part Three: The Songs; Get Down, Make Love"
Queen Quiz: Archive Explorer (Part 13),At which venue did Queen perform in Frankfurt on 2 February 1979?,Very Hard,https://www.queenconcerts.com/detail/live/418/queen-live-02-02-1979-festhalle-frankfurt-germany.html
Queen Quiz: Archive Explorer (Part 13),At which venue did Queen perform in Tokyo on 11 May 1985?,Very Hard,https://www.queenconcerts.com/detail/live/669/queen-live-11-05-1985-yoyogi-taiikukan-tokyo-japan.html
Queen Quiz: Archive Explorer (Part 13),At which venue did Queen perform in Kansas City on 12 September 1980?,Very Hard,https://www.queenconcerts.com/detail/live/1646/queen-live-12-09-1980-kemper-arena-kansas-city-mo-usa.html
Queen Quiz: Archive Explorer (Part 13),At which venue did Queen perform in Mar del Plata on 4 March 1981?,Very Hard,https://www.queenconcerts.com/detail/live/540/queen-live-04-03-1981-estadio-jose-maría-minella-mar-del-plata-argentina.html
Queen Quiz: Archive Explorer (Part 14),In which decade did this happen: Queen become the first band to play Birmingham's new purpose-built Exhibition Centre?,Easy,Queen: As It Began (user-supplied text); history key queen-become-the-first-band-to-play-birmingham-s-new-purpose-built-exhibition-centre-1980-12-05
Queen Quiz: Archive Explorer (Part 14),"In which decade did this happen: Aged eight, Roger Taylor gets his first ukulele and forms his first band, the Bubblingover Boys?",Easy,Queen: As It Began (user-supplied text); history key aged-eight-roger-taylor-gets-his-first-ukulele-and-forms-his-first-band-the-bubblingover-boys-1957
Queen Quiz: Archive Explorer (Part 14),Which 1986 fantasy film featured music developed by Queen after their 'Flash Gordon' score?,Easy,https://www.queenonline.com/brian_may
Queen Quiz: Archive Explorer (Part 14),In which country did Queen play at Olympen on 27 November 1974?,Medium,https://www.queenconcerts.com/detail/live/136/queen-live-27-11-1974-olympen-lund-sweden.html
Queen Quiz: Archive Explorer (Part 14),"In what year did this Queen-related event occur: Jim Beach previews the Freddie/Montserrat Barcelona songs to Polygram Records executives in Marbella, leading to a solo deal for Freddie?",Medium,Queen: As It Began (user-supplied text); history key jim-beach-previews-the-freddie-montserrat-barcelona-songs-to-polygram-records-executives-in-marbella-leading-to-a-1988-05-02
Queen Quiz: Archive Explorer (Part 14),In what year did this Queen-related event occur: The Cross begin a short German tour in Hannover?,Medium,Queen: As It Began (user-supplied text); history key the-cross-begin-a-short-german-tour-in-hannover-1990-05-11
Queen Quiz: Archive Explorer (Part 14),"In what year did this Queen-related event occur: Brian is hospitalised for an emergency operation for a duodenal ulcer, forcing cancellation of a planned September US tour?",Medium,Queen: As It Began (user-supplied text); history key brian-is-hospitalised-for-an-emergency-operation-for-a-duodenal-ulcer-forcing-cancellation-of-a-planned-september-1974-08
Queen Quiz: Archive Explorer (Part 14),"In what year did this Queen-related event occur: Queen signs with Hollywood Records (a Walt Disney company) for US representation, after Jim Beach buys back the Queen catalogue rights from Capitol?",Medium,Queen: As It Began (user-supplied text); history key queen-signs-with-hollywood-records-a-walt-disney-company-for-us-representation-after-jim-beach-buys-back-the-1990-11
Queen Quiz: Archive Explorer (Part 14),"In what year did this Queen-related event occur: Roger Taylor sings backing vocals on three tracks - 'Play The Game Tonight', 'Right Away' and 'Diamonds & Pearls' - on the American rock band Kansas's album Vinyl Confessions?",Medium,Queen: A Visual Documentary (user-supplied text); history key roger-taylor-sings-backing-vocals-on-kansas-s-vinyl-confessions-1982-08
Queen Quiz: Archive Explorer (Part 14),Which city hosted Queen's 1 December 1980 show at Stadthalle?,Hard,https://www.queenconcerts.com/detail/live/522/queen-live-01-12-1980-stadthalle-bremen-germany.html
Queen Quiz: Archive Explorer (Part 14),Which city hosted Queen's 28 April 1974 show at Exposition Hall?,Hard,https://www.queenconcerts.com/detail/live/104/queen-live-28-04-1974-exposition-hall-portland-me-usa.html
Queen Quiz: Archive Explorer (Part 14),At which venue did Queen perform in Cardiff on 10 September 1976?,Hard,https://www.queenconcerts.com/detail/live/261/queen-live-10-09-1976-castle-cardiff-uk.html
Queen Quiz: Archive Explorer (Part 14),Which city hosted Queen's 16 September 1980 show at Hilton Coliseum?,Hard,https://www.queenconcerts.com/detail/live/505/queen-live-16-09-1980-hilton-coliseum-ames-ia-usa.html
Queen Quiz: Archive Explorer (Part 14),Which city hosted Queen's 22 February 1977 show at Auditorium?,Hard,https://www.queenconcerts.com/detail/live/288/queen-live-22-02-1977-auditorium-birmingham-al-usa.html
Queen Quiz: Archive Explorer (Part 14),Which Queen member has the individual writing credit for 'Bring Back That Leroy Brown'?,Hard,"Queen: Complete Works (user-supplied text), Part Three: The Songs; Bring Back That Leroy Brown"
Queen Quiz: Archive Explorer (Part 14),Which studio's early Queen demos have their own disc in the 2024 'Queen I' set?,Hard,https://www.queenonline.com/news/queen-i-queen-remixed-remastered-and-expanded-out-now
Queen Quiz: Archive Explorer (Part 14),"In what year did this Queen-related event occur: Brian collects his BSc certificate at the Royal Albert Hall, presented by the Queen Mother?",Hard,Queen: As It Began (user-supplied text); history key brian-collects-his-bsc-certificate-at-the-royal-albert-hall-presented-by-the-queen-mother-1968-10-24
Queen Quiz: Archive Explorer (Part 14),Which city hosted Queen's 7 December 1975 show at Civic Hall?,Hard,https://www.queenconcerts.com/detail/live/200/queen-live-07-12-1975-civic-hall-wolverhampton-uk.html
Queen Quiz: Archive Explorer (Part 14),"In what year did this Queen-related event occur: Jack Nelson takes the Queen demo to EMI; EMI want Queen alone but Trident refuse to split the three-act package, so EMI turns them down?",Hard,Queen: As It Began (user-supplied text); history key jack-nelson-takes-the-queen-demo-to-emi-emi-want-queen-alone-but-trident-refuse-to-split-the-three-act-package-so-1972
Queen Quiz: Archive Explorer (Part 14),"In what year did this Queen-related event occur: Freddie appears at the Fashion Aid charity event at the Royal Albert Hall, escorting actress Jane Seymour in an Emmanuel-designed wedding dress?",Hard,Queen: As It Began (user-supplied text); history key freddie-appears-at-the-fashion-aid-charity-event-at-the-royal-albert-hall-escorting-actress-jane-seymour-in-an-1985-11-05
Queen Quiz: Archive Explorer (Part 14),Which city hosted Queen's 30 November 1978 show at Civic Centre?,Hard,https://www.queenconcerts.com/detail/live/393/queen-live-30-11-1978-civic-centre-ottawa-canada.html
Queen Quiz: Archive Explorer (Part 14),How many brand-new mixes were included in the 2024 'Queen I' box set?,Very Hard,https://www.queenonline.com/news/queen-i-queen-remixed-remastered-and-expanded-out-now
Queen Quiz: Archive Explorer (Part 14),What happened in Queen's story on 12 January 1964?,Very Hard,"Queen: As It Began (user-supplied text); history key britain-hands-rule-of-zanzibar-to-the-arab-sultan-a-revolution-follows-soon-after-forcing-the-bulsara-family-to-1964-01-12; distractors: john-leaves-beauchamp-grammar-school-with-eight-o-levels-and-three-grade-a-a-levels-1969-06, queen-play-the-first-date-of-their-first-headlining-uk-tour-at-blackpool-winter-gardens-1974-03-01, freddie-slips-and-re-injures-his-knee-ligaments-on-stage-in-hannover-during-hammer-to-fall-finishing-the-show-1984-09-22"
Queen Quiz: Archive Explorer (Part 14),At which venue did Queen perform in Liverpool on 7 December 1979?,Very Hard,https://www.queenconcerts.com/detail/live/460/queen-live-07-12-1979-empire-theatre-liverpool-uk.html
Queen Quiz: Archive Explorer (Part 14),At which venue did Queen perform in Brussels on 17 June 1986?,Very Hard,https://www.queenconcerts.com/detail/live/678/queen-live-17-06-1986-forest-national-brussels-belgium.html
Queen Quiz: Archive Explorer (Part 15),"In which decade did this happen: Freddie gives DJ Simon Bates a rare, freewheeling Radio One interview fuelled by a shared bottle of Stolichnaya vodka?",Easy,Queen: As It Began (user-supplied text); history key freddie-gives-dj-simon-bates-a-rare-freewheeling-radio-one-interview-fuelled-by-a-shared-bottle-of-stolichnaya-vodka-1985-06-22
Queen Quiz: Archive Explorer (Part 15),"In which decade did this happen: Queen play their first-ever gig in Mexico, at the University Stadium in Monterrey?",Easy,Queen: As It Began (user-supplied text); history key queen-play-their-first-ever-gig-in-mexico-at-the-university-stadium-in-monterrey-1981-10-09
Queen Quiz: Archive Explorer (Part 15),"In which decade did this happen: Brian May co-produces (with Mack) the debut album by Scottish rock band Heavy Pettin', 'Letting Loose', recorded in London and Munich?",Easy,Queen: A Visual Documentary (user-supplied text); history key brian-may-co-produces-heavy-pettin-s-debut-album-letting-loose-1983-07
Queen Quiz: Archive Explorer (Part 15),"In what year did this Queen-related event occur: Queen fly to Japan to begin a tour; an unauthorized Smile compilation, Gettin' Smile, is released there around the same time?",Medium,Queen: As It Began (user-supplied text); history key queen-fly-to-japan-to-begin-a-tour-an-unauthorized-smile-compilation-gettin-smile-is-released-there-around-the-1982-10-15
Queen Quiz: Archive Explorer (Part 15),"In what year did this Queen-related event occur: Queen play to 131,000 people at Morumbi Stadium, Sao Paulo - then the largest paying audience for a single band anywhere in the world?",Medium,Queen: As It Began (user-supplied text); history key queen-play-to-131-000-people-at-morumbi-stadium-sao-paulo-then-the-largest-paying-audience-for-a-single-band-1981-03-20
Queen Quiz: Archive Explorer (Part 15),In what year did this Queen-related event occur: 'Princes Of The Universe' is released in North America but fails to chart?,Medium,Queen: As It Began (user-supplied text); history key princes-of-the-universe-is-released-in-north-america-but-fails-to-chart-1986-04-07
Queen Quiz: Archive Explorer (Part 15),In which country did Queen play at Capitol on 19 November 1975?,Medium,https://www.queenconcerts.com/detail/live/191/queen-live-19-11-1975-capitol-cardiff-uk.html
Queen Quiz: Archive Explorer (Part 15),In what year did this Queen-related event occur: Brian May guests with comedy band Bad News (played by cast of The Young Ones) alongside Led Zeppelin's Jimmy Page at Hammersmith Odeon?,Medium,Queen: As It Began (user-supplied text); history key brian-may-guests-with-comedy-band-bad-news-played-by-cast-of-the-young-ones-alongside-led-zeppelin-s-jimmy-page-at-1986-11-09
Queen Quiz: Archive Explorer (Part 15),In which country did Queen play at Sartory Saal on 6 December 1974?,Medium,https://www.queenconcerts.com/detail/live/141/queen-live-06-12-1974-sartory-saal-cologne-germany.html
Queen Quiz: Archive Explorer (Part 15),Which Queen member has the individual writing credit for 'Mustapha'?,Hard,"Queen: Complete Works (user-supplied text), Part Three: The Songs; Mustapha"
Queen Quiz: Archive Explorer (Part 15),Which city hosted Queen's 2 April 1975 show at Kinsmen Field House?,Hard,https://www.queenconcerts.com/detail/live/175/queen-live-02-04-1975-kinsmen-field-house-edmonton-canada.html
Queen Quiz: Archive Explorer (Part 15),In which month of 1970 did this happen: Mike Grose amicably leaves Queen; the band recruits bass player Barry Mitchell?,Hard,Queen: As It Began (user-supplied text); history key mike-grose-amicably-leaves-queen-the-band-recruits-bass-player-barry-mitchell-1970-08
Queen Quiz: Archive Explorer (Part 15),At which venue did Queen perform in Chicago on 5 December 1977?,Hard,https://www.queenconcerts.com/detail/live/343/queen-live-05-12-1977-stadium-chicago-il-usa.html
Queen Quiz: Archive Explorer (Part 15),At which venue did Queen perform in Okayama on 28 April 1975?,Hard,https://www.queenconcerts.com/detail/live/182/queen-live-28-04-1975-okayama-kenritsu-taikukan-okayama-japan.html
Queen Quiz: Archive Explorer (Part 15),At which venue did Queen perform in Pittsburgh on 20 February 1976?,Hard,https://www.queenconcerts.com/detail/live/227/queen-live-20-02-1976-stanley-theater-pittsburgh-pa-usa.html
Queen Quiz: Archive Explorer (Part 15),Which city hosted Queen's 30 August 1982 show at McNichols Arena?,Hard,https://www.queenconcerts.com/detail/live/607/queen-live-30-08-1982-mcnichols-arena-denver-co-usa.html
Queen Quiz: Archive Explorer (Part 15),Which city hosted Queen's 9 August 1982 show at Brendan Byrne Arena?,Hard,https://www.queenconcerts.com/detail/live/595/queen-live-09-08-1982-brendan-byrne-arena-east-rutherford-nj-usa.html
Queen Quiz: Archive Explorer (Part 15),Which city hosted Queen's 22 November 1978 show at Auditorium?,Hard,https://www.queenconcerts.com/detail/live/388/queen-live-22-11-1978-auditorium-nashville-tn-usa.html
Queen Quiz: Archive Explorer (Part 15),Which Queen member has the individual writing credit for 'Who Wants to Live Forever'?,Hard,"Queen: Complete Works (user-supplied text), Part Three: The Songs; Who Wants to Live Forever"
Queen Quiz: Archive Explorer (Part 15),Which designer explained the creation of 'The Miracle' album cover for the 2022 box set?,Hard,https://www.queenonline.com/news/queen-the-miracle-collectors-edition-out-now
Queen Quiz: Archive Explorer (Part 15),"In what year did this Queen-related event occur: John buys his first bass guitar, an EKO, for £22, taking over from departing bassist Clive Castledine?",Hard,Queen: As It Began (user-supplied text); history key john-buys-his-first-bass-guitar-an-eko-for-22-taking-over-from-departing-bassist-clive-castledine-1966-04
Queen Quiz: Archive Explorer (Part 15),At which venue did Queen perform in College Park on 4 February 1977?,Very Hard,https://www.queenconcerts.com/detail/live/278/queen-live-04-02-1977-cole-field-house-university-of-maryland-college-park-md-usa.html
Queen Quiz: Archive Explorer (Part 15),What happened in Queen's story on 15 March 1965?,Very Hard,"Queen: As It Began (user-supplied text); history key johnny-quale-and-the-reaction-place-fourth-in-the-rock-and-rhythm-championship-in-truro-city-hall-1965-03-15; distractors: brian-leaves-hampton-grammar-school-with-ten-o-levels-and-four-a-levels-1965, roger-joins-local-band-johnny-quale-and-the-reaction-1965, singer-johnny-quale-leaves-the-band-roger-takes-over-lead-vocals-and-the-band-is-renamed-simply-reaction-1965-09"
Queen Quiz: Archive Explorer (Part 15),What happened in Queen's story on 13 September 1973?,Very Hard,"Queen: As It Began (user-supplied text); history key queen-record-a-bbc-in-concert-session-at-the-golders-green-hippodrome-opening-with-the-taped-intro-procession-1973-09-13; distractors: queen-begin-recording-their-second-album-at-trident-studios-this-time-as-a-main-booked-act-1973-08, elektra-records-releases-queen-s-debut-album-in-the-usa-it-eventually-climbs-to-number-83-on-the-billboard-chart-1973-09, queen-play-a-special-marquee-showcase-for-elektra-s-jack-holsten-who-is-won-over-despite-a-half-empty-room-1973-04-09"
Queen Quiz: Archive Explorer (Part 15),Who provided additional production on the original 'Queen II' album?,Very Hard,https://www.queenonline.com/news/queen-ii-out-now
Queen Quiz: Archive Explorer (Part 16),"In which decade did this happen: Queen play St James' Park, Newcastle, donating all proceeds to the Save The Children Fund (with promoter Harvey Goldsmith waiving his cut too)?",Easy,Queen: As It Began (user-supplied text); history key queen-play-st-james-park-newcastle-donating-all-proceeds-to-the-save-the-children-fund-with-promoter-harvey-1986-07-09
Queen Quiz: Archive Explorer (Part 16),"In which decade did this happen: Queen begin recording their second album at Trident Studios, this time as a main booked act?",Easy,Queen: As It Began (user-supplied text); history key queen-begin-recording-their-second-album-at-trident-studios-this-time-as-a-main-booked-act-1973-08
Queen Quiz: Archive Explorer (Part 16),"In which decade did this happen: Queen play the tiny Mayfair club in Tottenham, too small to fit a lighting rig?",Easy,Queen: As It Began (user-supplied text); history key queen-play-the-tiny-mayfair-club-in-tottenham-too-small-to-fit-a-lighting-rig-1979-12-19
Queen Quiz: Archive Explorer (Part 16),In what year did this Queen-related event occur: The band rehearses new material for their third album at Rockfield Studios in Wales; Brian is repeatedly ill?,Medium,Queen: As It Began (user-supplied text); history key the-band-rehearses-new-material-for-their-third-album-at-rockfield-studios-in-wales-brian-is-repeatedly-ill-1974-06
Queen Quiz: Archive Explorer (Part 16),In which country did Queen play at Byam Shaw School of Art on 10 December 1970?,Medium,https://www.queenconcerts.com/detail/live/2295/queen-live-10-12-1970-byam-shaw-school-of-art-london-uk.html
Queen Quiz: Archive Explorer (Part 16),"In what year did this Queen-related event occur: Queen play two shows at Bingley Hall, Stafford; Freddie debuts a PVC jacket-and-trousers look, followed by a sequinned hot-pant jumpsuit for the encore?",Medium,Queen: As It Began (user-supplied text); history key queen-play-two-shows-at-bingley-hall-stafford-freddie-debuts-a-pvc-jacket-and-trousers-look-followed-by-a-1978-05-06
Queen Quiz: Archive Explorer (Part 16),"In what year did this Queen-related event occur: The Cross's first tour opens at a Leeds University student ball, then Glasgow's Queen Margaret Union?",Medium,Queen: As It Began (user-supplied text); history key the-cross-s-first-tour-opens-at-a-leeds-university-student-ball-then-glasgow-s-queen-margaret-union-1988-02-20
Queen Quiz: Archive Explorer (Part 16),"In what year did this Queen-related event occur: The Cross play a one-off gig at Hammersmith Palais, reuniting three-quarters of Queen on one stage?",Medium,Queen: As It Began (user-supplied text); history key the-cross-play-a-one-off-gig-at-hammersmith-palais-reuniting-three-quarters-of-queen-on-one-stage-1988-12-04
Queen Quiz: Archive Explorer (Part 16),In which country did Queen play at Ahoy Hall on 29 January 1979?,Medium,https://www.queenconcerts.com/detail/live/415/queen-live-29-01-1979-ahoy-hall-rotterdam-the-netherlands.html
Queen Quiz: Archive Explorer (Part 16),In which month of 1978 did this happen: Brian celebrates his birthday in Toronto during his 'year out'?,Hard,Queen: As It Began (user-supplied text); history key brian-celebrates-his-birthday-in-toronto-during-his-year-out-1978-07-19
Queen Quiz: Archive Explorer (Part 16),In what year did this Queen-related event occur: Queen attend the Japanese premiere of Flash Gordon as guests of honour?,Hard,Queen: As It Began (user-supplied text); history key queen-attend-the-japanese-premiere-of-flash-gordon-as-guests-of-honour-1981-02-10
Queen Quiz: Archive Explorer (Part 16),"In what year did this Queen-related event occur: Queen close out the Rock in Rio festival, playing at 2am after eight days of near-constant rain turned the site to mud?",Hard,Queen: As It Began (user-supplied text); history key queen-close-out-the-rock-in-rio-festival-playing-at-2am-after-eight-days-of-near-constant-rain-turned-the-site-to-mud-1985-01-19
Queen Quiz: Archive Explorer (Part 16),Which Queen member has the individual writing credit for 'Lily of the Valley'?,Hard,"Queen: Complete Works (user-supplied text), Part Three: The Songs; Lily of the Valley"
Queen Quiz: Archive Explorer (Part 16),"In what year did this Queen-related event occur: Brian May sits in with Bon Jovi, playing Ritchie Sambora's guitar?",Hard,Queen: As It Began (user-supplied text); history key brian-may-sits-in-with-bon-jovi-playing-ritchie-sambora-s-guitar-1988-12
Queen Quiz: Archive Explorer (Part 16),"In which month of 1968 did this happen: Roger is awarded the first half of his dental degree, then takes a year off to focus on music?",Hard,Queen: As It Began (user-supplied text); history key roger-is-awarded-the-first-half-of-his-dental-degree-then-takes-a-year-off-to-focus-on-music-1968-08
Queen Quiz: Archive Explorer (Part 16),Which city hosted Queen's 23 April 1978 show at Pavillon?,Hard,https://www.queenconcerts.com/detail/live/361/queen-live-23-04-1978-pavillon-paris-france.html
Queen Quiz: Archive Explorer (Part 16),Which Queen member has the individual writing credit for 'Save Me'?,Hard,"Queen: Complete Works (user-supplied text), Part Three: The Songs; Save Me"
Queen Quiz: Archive Explorer (Part 16),Which Queen member has the individual writing credit for 'Jealousy'?,Hard,"Queen: Complete Works (user-supplied text), Part Three: The Songs; Jealousy"
Queen Quiz: Archive Explorer (Part 16),Which city hosted Queen's 29 November 1980 show at Grugahalle?,Hard,https://www.queenconcerts.com/detail/live/520/queen-live-29-11-1980-grugahalle-essen-germany.html
Queen Quiz: Archive Explorer (Part 16),What is the title of the disc of demos and unreleased recordings in the 2022 'Miracle' set?,Hard,https://www.queenonline.com/news/queen-the-miracle-collectors-edition-out-now
Queen Quiz: Archive Explorer (Part 16),Which city hosted Queen's 12 May 1978 show at Empire Pool?,Hard,https://www.queenconcerts.com/detail/live/370/queen-live-12-05-1978-empire-pool-london-uk.html
Queen Quiz: Archive Explorer (Part 16),At which venue did Queen perform in Munich on 10 February 1979?,Very Hard,https://www.queenconcerts.com/detail/live/422/queen-live-10-02-1979-rudi-sedlmayer-halle-munich-germany.html
Queen Quiz: Archive Explorer (Part 16),At which venue did Queen perform in St. Agnes on 9 August 1971?,Very Hard,https://www.queenconcerts.com/detail/live/25/queen-live-09-08-1971-driftwood-spars-st-agnes-uk.html
Queen Quiz: Archive Explorer (Part 16),What happened in Queen's story on 1 November 1972?,Very Hard,"Queen: As It Began (user-supplied text); history key queen-sign-a-legal-contract-with-trident-audio-productions-ltd-1972-11-01; distractors: trident-agrees-to-pay-each-member-of-queen-20-per-week-even-though-no-recording-deal-has-yet-been-signed-1972-09, roger-leaves-the-north-london-polytechnic-with-his-biology-degree-1972, jack-nelson-takes-the-queen-demo-to-emi-emi-want-queen-alone-but-trident-refuse-to-split-the-three-act-package-so-1972"
Queen Quiz: Archive Explorer (Part 16),What happened in Queen's story on 9 April 1973?,Very Hard,"Queen: As It Began (user-supplied text); history key queen-play-a-special-marquee-showcase-for-elektra-s-jack-holsten-who-is-won-over-despite-a-half-empty-room-1973-04-09; distractors: queen-begin-recording-their-second-album-at-trident-studios-this-time-as-a-main-booked-act-1973-08, queen-record-a-bbc-in-concert-session-at-the-golders-green-hippodrome-opening-with-the-taped-intro-procession-1973-09-13, elektra-records-releases-queen-s-debut-album-in-the-usa-it-eventually-climbs-to-number-83-on-the-billboard-chart-1973-09"
Queen Quiz: Archive Explorer (Part 17),In which decade did this happen: Queen perform 'Radio Ga Ga' at the San Remo song festival in Italy - their first time ever playing in the country?,Easy,Queen: As It Began (user-supplied text); history key queen-perform-radio-ga-ga-at-the-san-remo-song-festival-in-italy-their-first-time-ever-playing-in-the-country-1984-02-03
Queen Quiz: Archive Explorer (Part 17),"In which decade did this happen: Queen release the first-ever Queen video single, entering the video chart at number one - a new format for the industry?",Easy,Queen: As It Began (user-supplied text); history key queen-release-the-first-ever-queen-video-single-entering-the-video-chart-at-number-one-a-new-format-for-the-industry-1986-10-20
Queen Quiz: Archive Explorer (Part 17),"In which decade did this happen: Queen fly out to begin a European tour, opening in Stockholm on 12 April?",Easy,Queen: As It Began (user-supplied text); history key queen-fly-out-to-begin-a-european-tour-opening-in-stockholm-on-12-april-1978-04-09
Queen Quiz: Archive Explorer (Part 17),"In what year did this Queen-related event occur: EMI releases A Kind Of Magic, the Highlander-inspired album, straight to UK number one?",Medium,Queen: As It Began (user-supplied text); history key emi-releases-a-kind-of-magic-the-highlander-inspired-album-straight-to-uk-number-one-1986-06-02
Queen Quiz: Archive Explorer (Part 17),"In what year did this Queen-related event occur: Queen play the Milton Keynes Bowl, filmed for TV by Tyne Tees Television?",Medium,Queen: As It Began (user-supplied text); history key queen-play-the-milton-keynes-bowl-filmed-for-tv-by-tyne-tees-television-1982-06-05
Queen Quiz: Archive Explorer (Part 17),In what year did this Queen-related event occur: The Miracle album is released and goes platinum in its first week?,Medium,Queen: As It Began (user-supplied text); history key the-miracle-album-is-released-and-goes-platinum-in-its-first-week-1989-05-22
Queen Quiz: Archive Explorer (Part 17),"In what year did this Queen-related event occur: Queen play Elland Road football ground in Leeds to 38,000 fans - a show Brian later called one of the band's best ever?",Medium,Queen: As It Began (user-supplied text); history key queen-play-elland-road-football-ground-in-leeds-to-38-000-fans-a-show-brian-later-called-one-of-the-band-s-best-ever-1982-05-29
Queen Quiz: Archive Explorer (Part 17),"In what year did this Queen-related event occur: The album Innuendo is released, entering the UK chart at number one with first-week shipments over 200,000?",Medium,Queen: As It Began (user-supplied text); history key the-album-innuendo-is-released-entering-the-uk-chart-at-number-one-with-first-week-shipments-over-200-000-1991-02-04
Queen Quiz: Archive Explorer (Part 17),In which country did Queen play at Les Arenes on 25 February 1979?,Medium,https://www.queenconcerts.com/detail/live/431/queen-live-25-02-1979-les-arenes-poitiers-france.html
Queen Quiz: Archive Explorer (Part 17),Which song was added to the film's extended Live Aid sequence alongside 'Crazy Little Thing Called Love'?,Hard,https://www.queenonline.com/news/bohemian-rhapsody-soundtrack-out-today; https://www.queenonline.com/news/press-release-bohemian-rhapsody-digital-dvd-and-blu-ray-release-details; https://www.queenonline.com/news/bohemian-rhapsody-wins-two-baftas
Queen Quiz: Archive Explorer (Part 17),In what year did this Queen-related event occur: Freddie joins Liverpool band Ibex as lead vocalist and also takes on a stall in Kensington Market with Roger Taylor?,Hard,Queen: As It Began (user-supplied text); history key freddie-joins-liverpool-band-ibex-as-lead-vocalist-and-also-takes-on-a-stall-in-kensington-market-with-roger-taylor-1969
Queen Quiz: Archive Explorer (Part 17),In what year did this Queen-related event occur: Roger Taylor holds a charity banger race at Wimbledon Stadium?,Hard,Queen: As It Began (user-supplied text); history key roger-taylor-holds-a-charity-banger-race-at-wimbledon-stadium-1989-03-19
Queen Quiz: Archive Explorer (Part 17),In what year did Freddie Mercury make a one-night stage appearance in the musical 'Time'?,Hard,https://www.queenonline.com/freddie_mercury
Queen Quiz: Archive Explorer (Part 17),Which city hosted Queen's 28 January 1972 show at Bedford College?,Hard,https://www.queenconcerts.com/detail/live/33/queen-live-28-01-1972-bedford-college-london-uk.html
Queen Quiz: Archive Explorer (Part 17),At which venue did Queen perform in Indianapolis on 27 February 1976?,Hard,https://www.queenconcerts.com/detail/live/231/queen-live-27-02-1976-convention-centre-indianapolis-in-usa.html
Queen Quiz: Archive Explorer (Part 17),At which venue did Queen perform in Toledo on 11 February 1975?,Hard,https://www.queenconcerts.com/detail/live/150/queen-live-11-02-1975-student-union-auditorium-toledo-oh-usa.html
Queen Quiz: Archive Explorer (Part 17),Which city hosted Queen's 20 April 1979 show at Festival Hall?,Hard,https://www.queenconcerts.com/detail/live/438/queen-live-20-04-1979-festival-hall-osaka-japan.html
Queen Quiz: Archive Explorer (Part 17),Which city hosted Queen's 26 October 1982 show at Kosusai Tenjijo?,Hard,https://www.queenconcerts.com/detail/live/620/queen-live-26-10-1982-kosusai-tenjijo-nagoya-japan.html
Queen Quiz: Archive Explorer (Part 17),Supporters of which football club did Roger Taylor help during a takeover fight?,Hard,https://www.queenonline.com/roger_taylor
Queen Quiz: Archive Explorer (Part 17),Which Queen member has the individual writing credit for 'Dead on Time'?,Hard,"Queen: Complete Works (user-supplied text), Part Three: The Songs; Dead on Time"
Queen Quiz: Archive Explorer (Part 17),Which city hosted Queen's 23 May 1977 show at Hippodrome?,Hard,https://www.queenconcerts.com/detail/live/315/queen-live-23-05-1977-hippodrome-bristol-uk.html
Queen Quiz: Archive Explorer (Part 17),At which venue did Queen perform in Springfield on 13 November 1977?,Very Hard,https://www.queenconcerts.com/detail/live/329/queen-live-13-11-1977-civic-centre-springfield-ma-usa.html
Queen Quiz: Archive Explorer (Part 17),Who is credited for the typography of the original 'Queen II' sleeve?,Very Hard,https://www.queenonline.com/news/queen-ii-out-now
Queen Quiz: Archive Explorer (Part 17),What happened in Queen's story on 24 February 1975?,Very Hard,"Queen: As It Began (user-supplied text); history key freddie-performs-in-washington-dc-despite-severe-vocal-strain-in-what-turns-out-to-be-one-of-the-tour-s-best-shows-1975-02-24; distractors: the-scheduled-final-us-tour-date-in-portland-is-cancelled-amid-freddie-s-ongoing-throat-problems-1975-04-07, freddie-receives-an-ivor-novello-award-from-the-songwriters-guild-of-great-britain-for-killer-queen-1975-05-22, bohemian-rhapsody-hits-number-one-on-the-uk-singles-chart-1975-11-25"
Queen Quiz: Archive Explorer (Part 17),At which venue did Queen perform in Nagoya on 13 May 1985?,Very Hard,https://www.queenconcerts.com/detail/live/670/queen-live-13-05-1985-aichi-auditorium-nagoya-japan.html
Queen Quiz: Archive Explorer (Part 18),Which original Queen studio album received a new 2026 mix in a 5CD+2LP Collector's Edition?,Easy,https://www.queenonline.com/news/queen-ii-out-now
Queen Quiz: Archive Explorer (Part 18),In which decade did this happen: Elektra releases an edited 'It's Late' as a US single; it peaks at only number 74 on Billboard?,Easy,Queen: As It Began (user-supplied text); history key elektra-releases-an-edited-it-s-late-as-a-us-single-it-peaks-at-only-number-74-on-billboard-1978-04-25
Queen Quiz: Archive Explorer (Part 18),In which decade did this happen: Freddie leaves Isleworth with a grade A Art A level?,Easy,Queen: As It Began (user-supplied text); history key freddie-leaves-isleworth-with-a-grade-a-art-a-level-1966
Queen Quiz: Archive Explorer (Part 18),Who portrayed Brian May in the 2018 film 'Bohemian Rhapsody'?,Medium,https://www.queenonline.com/news/bohemian-rhapsody-soundtrack-out-today; https://www.queenonline.com/news/press-release-bohemian-rhapsody-digital-dvd-and-blu-ray-release-details; https://www.queenonline.com/news/bohemian-rhapsody-wins-two-baftas
Queen Quiz: Archive Explorer (Part 18),Which ballet marked John Deacon's final onstage appearance with Queen in 1997?,Medium,https://www.queenonline.com/john_deacon
Queen Quiz: Archive Explorer (Part 18),How many CDs are in the 2024 'Queen I' Collector's Edition box?,Medium,https://www.queenonline.com/news/queen-i-queen-remixed-remastered-and-expanded-out-now
Queen Quiz: Archive Explorer (Part 18),How many CDs are in the 2026 'Queen II' Collector's Edition?,Medium,https://www.queenonline.com/news/queen-ii-out-now
Queen Quiz: Archive Explorer (Part 18),In what year did this Queen-related event occur: Queen sign a new record deal with Capitol Records in the US?,Medium,Queen: As It Began (user-supplied text); history key queen-sign-a-new-record-deal-with-capitol-records-in-the-us-1983-10-26
Queen Quiz: Archive Explorer (Part 18),In what year did this Queen-related event occur: Queen close their UK tour at the Empire Pool with a standout performance of 'White Queen'?,Medium,Queen: As It Began (user-supplied text); history key queen-close-their-uk-tour-at-the-empire-pool-with-a-standout-performance-of-white-queen-1978-05-13
Queen Quiz: Archive Explorer (Part 18),"In what year did this Queen-related event occur: Freddie, Brian and Roger agree on the name Queen and begin life as a band?",Hard,Queen: As It Began (user-supplied text); history key freddie-brian-and-roger-agree-on-the-name-queen-and-begin-life-as-a-band-1970-04
Queen Quiz: Archive Explorer (Part 18),"In which month of 1973 did this happen: Queen sign their first recording contract, with EMI Records Ltd, covering the UK and Europe?",Hard,Queen: As It Began (user-supplied text); history key queen-sign-their-first-recording-contract-with-emi-records-ltd-covering-the-uk-and-europe-1973-03
Queen Quiz: Archive Explorer (Part 18),Which Queen member has the individual writing credit for 'Seaside Rendezvous'?,Hard,"Queen: Complete Works (user-supplied text), Part Three: The Songs; Seaside Rendezvous"
Queen Quiz: Archive Explorer (Part 18),Which city hosted Queen's 15 May 1982 show at Waldbühne?,Hard,https://www.queenconcerts.com/detail/live/575/queen-live-15-05-1982-waldbuhne-berlin-germany.html
Queen Quiz: Archive Explorer (Part 18),Which Queen member has the individual writing credit for 'Dancer'?,Hard,"Queen: Complete Works (user-supplied text), Part Three: The Songs; Dancer"
Queen Quiz: Archive Explorer (Part 18),At which venue did Queen perform in Dusseldorf on 16 May 1977?,Hard,https://www.queenconcerts.com/detail/live/312/queen-live-16-05-1977-phillipshalle-dusseldorf-germany.html
Queen Quiz: Archive Explorer (Part 18),In which month of 1975 did this happen: Freddie receives an Ivor Novello Award from the Songwriters Guild of Great Britain for 'Killer Queen'?,Hard,Queen: As It Began (user-supplied text); history key freddie-receives-an-ivor-novello-award-from-the-songwriters-guild-of-great-britain-for-killer-queen-1975-05-22
Queen Quiz: Archive Explorer (Part 18),Which city hosted Queen's 23 November 1974 show at Konserthuset?,Hard,https://www.queenconcerts.com/detail/live/134/queen-live-23-11-1974-konserthuset-gothenburg-sweden.html
Queen Quiz: Archive Explorer (Part 18),Which city hosted Queen's 4 April 1976 show at Nichidai Kodo?,Hard,https://www.queenconcerts.com/detail/live/250/queen-live-04-04-1976-nichidai-kodo-tokyo-japan.html
Queen Quiz: Archive Explorer (Part 18),"In which month of 1977 did this happen: Queen open their extensive North American tour at the Milwaukee Auditorium, on the coldest night in Milwaukee in a hundred years?",Hard,Queen: As It Began (user-supplied text); history key queen-open-their-extensive-north-american-tour-at-the-milwaukee-auditorium-on-the-coldest-night-in-milwaukee-in-a-1977-01-13
Queen Quiz: Archive Explorer (Part 18),Which city hosted Queen's 3 September 1982 show at Coliseum?,Hard,https://www.queenconcerts.com/detail/live/609/queen-live-03-09-1982-coliseum-seattle-wa-usa.html
Queen Quiz: Archive Explorer (Part 18),Which choir did Roger Taylor join while at school in Cornwall?,Hard,https://www.queenonline.com/roger_taylor
Queen Quiz: Archive Explorer (Part 18),At which venue did Queen perform in Blackburn on 13 November 1973?,Very Hard,https://www.queenconcerts.com/detail/live/47/queen-live-13-11-1973-king-georges-hall-blackburn-uk.html
Queen Quiz: Archive Explorer (Part 18),At which venue did Queen perform in London on 20 December 1979?,Very Hard,https://www.queenconcerts.com/detail/live/468/queen-live-20-12-1979-lewisham-odeon-london-uk.html
Queen Quiz: Archive Explorer (Part 18),At which venue did Queen perform in Cincinnati on 13 February 1976?,Very Hard,https://www.queenconcerts.com/detail/live/222/queen-live-13-02-1976-riverfront-coliseum-cincinnati-oh-usa.html
Queen Quiz: Archive Explorer (Part 18),At which venue did Queen perform in Paris on 25 November 1980?,Very Hard,https://www.queenconcerts.com/detail/live/517/queen-live-25-11-1980-le-bourget-la-rotonde-paris-france.html
Queen Quiz: Archive Explorer (Part 19),"In which decade did this happen: The city of Boston declares an official 'Queen Day', presenting the band with the keys to the city?",Easy,Queen: As It Began (user-supplied text); history key the-city-of-boston-declares-an-official-queen-day-presenting-the-band-with-the-keys-to-the-city-1982-07-23
Queen Quiz: Archive Explorer (Part 19),"In which decade did this happen: 500 fan club volunteers spend a full day filming the elaborate 'Radio Ga Ga' video at Shepperton Studios, costing over £110,000?",Easy,Queen: As It Began (user-supplied text); history key 500-fan-club-volunteers-spend-a-full-day-filming-the-elaborate-radio-ga-ga-video-at-shepperton-studios-costing-1983-11-23
Queen Quiz: Archive Explorer (Part 19),In which country did Queen play at Palais Des Sports on 3 May 1982?,Medium,https://www.queenconcerts.com/detail/live/567/queen-live-03-05-1982-palais-des-sports-paris-france.html
Queen Quiz: Archive Explorer (Part 19),In which country did Queen play at Europahalle on 22 September 1984?,Medium,https://www.queenconcerts.com/detail/live/642/queen-live-22-09-1984-europahalle-hanover-germany.html
Queen Quiz: Archive Explorer (Part 19),"In what year did this Queen-related event occur: Queen play two shows at Ingliston Agricultural Hall, Edinburgh?",Medium,Queen: As It Began (user-supplied text); history key queen-play-two-shows-at-ingliston-agricultural-hall-edinburgh-1982-06-01
Queen Quiz: Archive Explorer (Part 19),In which country did Queen play at Opera House on 26 November 1973?,Medium,https://www.queenconcerts.com/detail/live/58/queen-live-26-11-1973-opera-house-manchester-uk.html
Queen Quiz: Archive Explorer (Part 19),In what year did this Queen-related event occur: The scheduled final US tour date in Portland is cancelled amid Freddie's ongoing throat problems?,Medium,Queen: As It Began (user-supplied text); history key the-scheduled-final-us-tour-date-in-portland-is-cancelled-amid-freddie-s-ongoing-throat-problems-1975-04-07
Queen Quiz: Archive Explorer (Part 19),In which country did Queen play at Civic Centre on 18 February 1976?,Medium,https://www.queenconcerts.com/detail/live/225/queen-live-18-02-1976-civic-centre-saginaw-mi-usa.html
Queen Quiz: Archive Explorer (Part 19),"In what year did this Queen-related event occur: Queen play their first South American concert, at Velez Sarsfield stadium, Buenos Aires, to 54,000 fans?",Medium,Queen: As It Began (user-supplied text); history key queen-play-their-first-south-american-concert-at-velez-sarsfield-stadium-buenos-aires-to-54-000-fans-1981-02-28
Queen Quiz: Archive Explorer (Part 19),Which city hosted Queen's 12 November 1974 show at Colston Hall?,Hard,https://www.queenconcerts.com/detail/live/126/queen-live-12-11-1974-colston-hall-bristol-uk.html
Queen Quiz: Archive Explorer (Part 19),Which city hosted Queen's 24 March 1972 show at Forest Hill Hospital?,Hard,https://www.queenconcerts.com/detail/live/35/queen-live-24-03-1972-forest-hill-hospital-london-uk.html
Queen Quiz: Archive Explorer (Part 19),In what year did this Queen-related event occur: Freddie Mercury issues a public statement confirming he has AIDS?,Hard,Queen: As It Began (user-supplied text); history key freddie-mercury-issues-a-public-statement-confirming-he-has-aids-1991-11-23
Queen Quiz: Archive Explorer (Part 19),At which venue did Queen perform in Wadebridge on 24 July 1971?,Hard,https://www.queenconcerts.com/detail/live/21/queen-live-24-07-1971-town-hall-wadebridge-uk.html
Queen Quiz: Archive Explorer (Part 19),Which city hosted Queen's 24 March 1976 show at Kosei Kaikan?,Hard,https://www.queenconcerts.com/detail/live/244/queen-live-24-03-1976-kosei-kaikan-himeji-japan.html
Queen Quiz: Archive Explorer (Part 19),Which Queen member has the individual writing credit for 'Brighton Rock'?,Hard,"Queen: Complete Works (user-supplied text), Part Three: The Songs; Brighton Rock"
Queen Quiz: Archive Explorer (Part 19),Which city hosted Queen's 23 March 1974 show at Links Pavilion?,Hard,https://www.queenconcerts.com/detail/live/88/queen-live-23-03-1974-links-pavilion-cromer-uk.html
Queen Quiz: Archive Explorer (Part 19),Which city hosted Queen's 4 September 1970 show at Swiss Cottage Private School?,Hard,https://www.queenconcerts.com/detail/live/5/queen-live-04-09-1970-swiss-cottage-private-school-london-uk.html
Queen Quiz: Archive Explorer (Part 19),At which venue did Queen perform in Madrid on 3 August 1986?,Hard,https://www.queenconcerts.com/detail/live/698/queen-live-03-08-1986-rayo-vallecano-madrid-spain.html
Queen Quiz: Archive Explorer (Part 19),Which Queen member has the individual writing credit for 'Misfire'?,Hard,"Queen: Complete Works (user-supplied text), Part Three: The Songs; Misfire"
Queen Quiz: Archive Explorer (Part 19),Which Queen member has the individual writing credit for 'Son and Daughter'?,Hard,"Queen: Complete Works (user-supplied text), Part Three: The Songs; Son and Daughter"
Queen Quiz: Archive Explorer (Part 19),Which city hosted Queen's 19 May 1977 show at Sporthalle?,Hard,https://www.queenconcerts.com/detail/live/314/queen-live-19-05-1977-sporthalle-basel-switzerland.html
Queen Quiz: Archive Explorer (Part 19),At which venue did Queen perform in Montreal on 1 December 1978?,Very Hard,https://www.queenconcerts.com/detail/live/394/queen-live-01-12-1978-forum-montreal-canada.html
Queen Quiz: Archive Explorer (Part 19),At which venue did Queen perform in Osaka on 15 May 1985?,Very Hard,https://www.queenconcerts.com/detail/live/671/queen-live-15-05-1985-castle-hall-osaka-japan.html
Queen Quiz: Archive Explorer (Part 19),What happened in Queen's story on 18 September 1970?,Very Hard,"Queen: As It Began (user-supplied text); history key jimi-hendrix-dies-freddie-and-roger-close-their-kensington-market-stall-for-the-day-in-mourning-and-play-voodoo-1970-09-18; distractors: mike-grose-amicably-leaves-queen-the-band-recruits-bass-player-barry-mitchell-1970-08, john-sees-queen-play-without-realising-their-significance-at-the-college-of-estate-management-kensington-1970-10, tim-staffell-leaves-brian-and-roger-ending-smile-1970"
Queen Quiz: Archive Explorer (Part 19),At which venue did Queen perform in Paris on 18 September 1984?,Very Hard,https://www.queenconcerts.com/detail/live/639/queen-live-18-09-1984-palais-omnisports-de-bercy-paris-france.html
Queen Quiz: Archive Explorer (Part 20),"In which decade did this happen: The Real Magic Wembley concert film airs on Channel 4 simulcast with 48 independent radio stations, drawing 3.5 million viewers?",Easy,Queen: As It Began (user-supplied text); history key the-real-magic-wembley-concert-film-airs-on-channel-4-simulcast-with-48-independent-radio-stations-drawing-3-5-1986-10-25
Queen Quiz: Archive Explorer (Part 20),"In which decade did this happen: Roger answers Brian May's Imperial College noticeboard ad for a drummer; Smile is formed with Brian, Roger and Tim Staffell?",Easy,Queen: As It Began (user-supplied text); history key roger-answers-brian-may-s-imperial-college-noticeboard-ad-for-a-drummer-smile-is-formed-with-brian-roger-and-tim-1968
Queen Quiz: Archive Explorer (Part 20),Which Swiss town hosts the official fan party held in Freddie Mercury's honour on his birthday?,Medium,https://www.queenonline.com/freddie_mercury
Queen Quiz: Archive Explorer (Part 20),In which country did Queen play at Wembley Arena on 9 December 1980?,Medium,https://www.queenconcerts.com/detail/live/526/queen-live-09-12-1980-wembley-arena-london-uk.html
Queen Quiz: Archive Explorer (Part 20),"In what year did this Queen-related event occur: Queen's US tour opens at the Dallas Convention Centre, debuting the huge new 'Pizza Oven' lighting rig?",Medium,Queen: As It Began (user-supplied text); history key queen-s-us-tour-opens-at-the-dallas-convention-centre-debuting-the-huge-new-pizza-oven-lighting-rig-1978-10-28
Queen Quiz: Archive Explorer (Part 20),Which comedian and writer wrote the story for Queen's 'We Will Rock You' musical?,Medium,https://www.queenonline.com/news/queen-the-greatest-we-will-rock-you-episode-43
Queen Quiz: Archive Explorer (Part 20),In which country did Queen play at Baths Hall on 9 December 1972?,Medium,https://www.queenconcerts.com/detail/live/2379/queen-live-09-12-1972-baths-hall-epsom-uk.html
Queen Quiz: Archive Explorer (Part 20),"In what year did this Queen-related event occur: Queen play the Budokan in Tokyo to 10,000 fans; the crowd surge is so severe Freddie stops the show to calm the audience?",Medium,Queen: As It Began (user-supplied text); history key queen-play-the-budokan-in-tokyo-to-10-000-fans-the-crowd-surge-is-so-severe-freddie-stops-the-show-to-calm-the-audience-1975-04-19
Queen Quiz: Archive Explorer (Part 20),"In what year did this Queen-related event occur: The Barcelona album is released, launched with an extravagant billboard and limousine event; the Live In Budapest CD-video is released the same day?",Medium,Queen: As It Began (user-supplied text); history key the-barcelona-album-is-released-launched-with-an-extravagant-billboard-and-limousine-event-the-live-in-budapest-1988-10-10
Queen Quiz: Archive Explorer (Part 20),At which venue did Queen perform in Dortmund on 11 September 1984?,Hard,https://www.queenconcerts.com/detail/live/635/queen-live-11-09-1984-westallenhalle-dortmund-germany.html
Queen Quiz: Archive Explorer (Part 20),Which city hosted Queen's 28 February 1979 show at Pavillon De Paris?,Hard,https://www.queenconcerts.com/detail/live/433/queen-live-28-02-1979-pavillon-de-paris-paris-france.html
Queen Quiz: Archive Explorer (Part 20),In what year did this Queen-related event occur: Queen present manager John Reid with 'Bohemian Rhapsody'; he is incredulous at its near-six-minute length but the band refuse to edit it?,Hard,Queen: As It Began (user-supplied text); history key queen-present-manager-john-reid-with-bohemian-rhapsody-he-is-incredulous-at-its-near-six-minute-length-but-the-1975-10
Queen Quiz: Archive Explorer (Part 20),Which Queen member has the individual writing credit for 'Jesus'?,Hard,"Queen: Complete Works (user-supplied text), Part Three: The Songs; Jesus"
Queen Quiz: Archive Explorer (Part 20),At which venue did Queen perform in The Hague on 8 December 1974?,Hard,https://www.queenconcerts.com/detail/live/143/queen-live-08-12-1974-congres-gebouw-the-hague-the-netherlands.html
Queen Quiz: Archive Explorer (Part 20),Which city hosted Queen's 27 November 1970 show at Cavern Club?,Hard,https://www.queenconcerts.com/detail/live/8/queen-live-27-11-1970-cavern-club-liverpool-uk.html
Queen Quiz: Archive Explorer (Part 20),At which venue did Queen perform in Sapporo on 5 May 1979?,Hard,https://www.queenconcerts.com/detail/live/448/queen-live-05-05-1979-makomani-ice-arena-sapporo-japan.html
Queen Quiz: Archive Explorer (Part 20),Which Queen member has the individual writing credit for 'Some Day One Day'?,Hard,"Queen: Complete Works (user-supplied text), Part Three: The Songs; Some Day One Day"
Queen Quiz: Archive Explorer (Part 20),At which venue did Queen perform in Buenos Aires on 1 March 1981?,Hard,https://www.queenconcerts.com/detail/live/539/queen-live-01-03-1981-estadio-jose-amalfitani-de-velez-sarsfield-buenos-aires-argentina.html
Queen Quiz: Archive Explorer (Part 20),"In what year did this Queen-related event occur: Queen land in Tokyo to over 3,000 screaming fans, their first visit to Japan?",Hard,Queen: As It Began (user-supplied text); history key queen-land-in-tokyo-to-over-3-000-screaming-fans-their-first-visit-to-japan-1975-04-18
Queen Quiz: Archive Explorer (Part 20),Which city hosted Queen's 29 April 1975 show at Yamaha Tsumagoi Hall?,Hard,https://www.queenconcerts.com/detail/live/183/queen-live-29-04-1975-yamaha-tsumagoi-hall-shizuoka-japan.html
Queen Quiz: Archive Explorer (Part 20),Which city hosted Queen's 22 November 1979 show at RDS Simmons Hall?,Hard,https://www.queenconcerts.com/detail/live/451/queen-live-22-11-1979-rds-simmons-hall-dublin-ireland.html
Queen Quiz: Archive Explorer (Part 20),At which venue did Queen perform in Fukuoka on 30 April 1979?,Very Hard,https://www.queenconcerts.com/detail/live/445/queen-live-30-04-1979-kyuden-kinen-taikukan-fukuoka-japan.html
Queen Quiz: Archive Explorer (Part 20),At which venue did Queen perform in Bonn on 11 October 1973?,Very Hard,https://www.queenconcerts.com/detail/live/41/queen-live-11-10-1973-underground-bonn-germany.html
Queen Quiz: Archive Explorer (Part 20),At which venue did Queen perform in Sydney on 17 April 1976?,Very Hard,https://www.queenconcerts.com/detail/live/254/queen-live-17-04-1976-hordern-pavilion-sydney-australia.html
Queen Quiz: Archive Explorer (Part 20),At which venue did Queen perform in Dortmund on 21 January 1979?,Very Hard,https://www.queenconcerts.com/detail/live/410/queen-live-21-01-1979-westfallenhalle-dortmund-germany.html
