QuizTitle,QuestionText,EditorialDifficulty,Source
Queen Quiz: Encore (Part 1),On which Queen studio album is 'Long Away' found in the original track list?,Easy,"Queen: Complete Works (user-supplied text), Part One: The Albums; A Day at the Races track list"
Queen Quiz: Encore (Part 1),Which Queen studio album has both 'Some Day One Day' and 'The Loser in the End' on its original track list?,Easy,"Queen: Complete Works (user-supplied text), Part One: The Albums; Queen II track list"
Queen Quiz: Encore (Part 1),On which TV competition's 2009 final did Brian May and Roger Taylor first perform with Adam Lambert?,Easy,https://www.queenonline.com/news/queen-the-greatest-queen-adam-lambert-the-first-gig-episode-46; https://www.queenonline.com/news/out-now-queen-adam-lambert-live-around-the-world; https://www.queenonline.com/news/press-release-queen-adam-lambert-release-you-are-the-champions-for-the-world-health-organization
Queen Quiz: Encore (Part 1),Which Queen studio album has both 'Lily of the Valley' and 'Now I'm Here' on its original track list?,Medium,"Queen: Complete Works (user-supplied text), Part One: The Albums; Sheer Heart Attack track list"
Queen Quiz: Encore (Part 1),On which Queen studio album is 'Modern Times Rock 'n' Roll' found in the original track list?,Medium,"Queen: Complete Works (user-supplied text), Part One: The Albums; Queen track list"
Queen Quiz: Encore (Part 1),Which Queen studio album has both 'I Want to Break Free' and 'Keep Passing the Open Windows' on its original track list?,Medium,"Queen: Complete Works (user-supplied text), Part One: The Albums; The Works track list"
Queen Quiz: Encore (Part 1),Which band did Freddie Mercury sing in while studying at Ealing College of Art?,Medium,https://www.queenonline.com/freddie_mercury
Queen Quiz: Encore (Part 1),On which Queen studio album is 'The Fairy Feller's Master-Stroke' found in the original track list?,Medium,"Queen: Complete Works (user-supplied text), Part One: The Albums; Queen II track list"
Queen Quiz: Encore (Part 1),Who sang 'Too Much Love Will Kill You' alone during Queen's main tribute set in 1992?,Medium,https://www.queenonline.com/news/press-release-the-freddie-mercury-tribute-concert-the-definitive-edition
Queen Quiz: Encore (Part 1),Which late Freddie vocal was inspired by the scenery around Montreux?,Medium,https://www.queenonline.com/news/made-in-heaven30-years-on
Queen Quiz: Encore (Part 1),On which Queen studio album is 'Rock It (Prime Jive)' found in the original track list?,Medium,"Queen: Complete Works (user-supplied text), Part One: The Albums; The Game track list"
Queen Quiz: Encore (Part 1),Which 2011 awards show featured an early Queen performance with Adam Lambert?,Medium,https://www.queenonline.com/news/queen-the-greatest-queen-adam-lambert-the-first-gig-episode-46; https://www.queenonline.com/news/out-now-queen-adam-lambert-live-around-the-world; https://www.queenonline.com/news/press-release-queen-adam-lambert-release-you-are-the-champions-for-the-world-health-organization
Queen Quiz: Encore (Part 1),Who wrote the Queen album track 'My Melancholy Blues'?,Hard,"Queen: Complete Works (user-supplied text), Part Three: The Songs; My Melancholy Blues"
Queen Quiz: Encore (Part 1),Who wrote the Queen album track 'It's Late'?,Hard,"Queen: Complete Works (user-supplied text), Part Three: The Songs; It's Late"
Queen Quiz: Encore (Part 1),"On the original A Day at the Races track list, what comes immediately before 'White Man'?",Hard,"Queen: Complete Works (user-supplied text), Part One: The Albums; A Day at the Races track list"
Queen Quiz: Encore (Part 1),What time of day does the front cover of 'Made in Heaven' depict?,Hard,https://www.queenonline.com/news/made-in-heaven30-years-on
Queen Quiz: Encore (Part 1),Which track closes the original Happiness? (Roger Taylor) album?,Hard,"Queen: Complete Works (user-supplied text), Part One: B. Solo Albums; Happiness? (Roger Taylor) track list"
Queen Quiz: Encore (Part 1),Who wrote the Queen album track 'Teo Torriatte (Let Us Cling Together)'?,Hard,"Queen: Complete Works (user-supplied text), Part Three: The Songs; Teo Torriatte (Let Us Cling Together)"
Queen Quiz: Encore (Part 1),Which John Lennon song appears on Roger Taylor's 'Electric Fire'?,Hard,"Queen: Complete Works (user-supplied text), Part One: B. Solo Albums"
Queen Quiz: Encore (Part 1),Which previously unreleased Miracle-era song was listed alongside 'Face It Alone' in the 2022 box set?,Hard,https://www.queenonline.com/news/watch-queen-release-newly-created-video-for-face-it-alone
Queen Quiz: Encore (Part 1),"On the original Jazz track list, what comes immediately after 'In Only Seven Days'?",Hard,"Queen: Complete Works (user-supplied text), Part One: The Albums; Jazz track list"
Queen Quiz: Encore (Part 1),"On the original Happiness? (Roger Taylor) track list, what comes immediately after 'Foreign Sand'?",Very Hard,"Queen: Complete Works (user-supplied text), Part One: B. Solo Albums; Happiness? (Roger Taylor) track list"
Queen Quiz: Encore (Part 1),"On the original Electric Fire (Roger Taylor) track list, what comes immediately after 'Working Class Hero'?",Very Hard,"Queen: Complete Works (user-supplied text), Part One: B. Solo Albums; Electric Fire (Roger Taylor) track list"
Queen Quiz: Encore (Part 1),"On the original Another World (Brian May) track list, what comes immediately after 'Business'?",Very Hard,"Queen: Complete Works (user-supplied text), Part One: B. Solo Albums; Another World (Brian May) track list"
Queen Quiz: Encore (Part 1),"On the original Back to the Light (Brian May) track list, what comes immediately after 'Love Token'?",Very Hard,"Queen: Complete Works (user-supplied text), Part One: B. Solo Albums; Back to the Light (Brian May) track list"
Queen Quiz: Encore (Part 2),Which Queen studio album has both 'Radio Ga Ga' and 'Tear It Up' on its original track list?,Easy,"Queen: Complete Works (user-supplied text), Part One: The Albums; The Works track list"
Queen Quiz: Encore (Part 2),Which Queen studio album has both 'Doing All Right' and 'Great King Rat' on its original track list?,Easy,"Queen: Complete Works (user-supplied text), Part One: The Albums; Queen track list"
Queen Quiz: Encore (Part 2),On which Queen studio album is 'Innuendo' found in the original track list?,Easy,"Queen: Complete Works (user-supplied text), Part One: The Albums; Innuendo track list"
Queen Quiz: Encore (Part 2),On which Queen studio album is 'All God's People' found in the original track list?,Medium,"Queen: Complete Works (user-supplied text), Part One: The Albums; Innuendo track list"
Queen Quiz: Encore (Part 2),"Which Queen studio album has both 'Get Down, Make Love' and 'Sleeping on the Sidewalk' on its original track list?",Medium,"Queen: Complete Works (user-supplied text), Part One: The Albums; News of the World track list"
Queen Quiz: Encore (Part 2),"On the original The Miracle track list, what comes immediately after 'I Want It All'?",Medium,"Queen: Complete Works (user-supplied text), Part One: The Albums; The Miracle track list"
Queen Quiz: Encore (Part 2),Which Queen studio album has both 'Modern Times Rock 'n' Roll' and 'Son and Daughter' on its original track list?,Medium,"Queen: Complete Works (user-supplied text), Part One: The Albums; Queen track list"
Queen Quiz: Encore (Part 2),On which Queen studio album is 'Don't Lose Your Head' found in the original track list?,Medium,"Queen: Complete Works (user-supplied text), Part One: The Albums; A Kind of Magic track list"
Queen Quiz: Encore (Part 2),Which organisation's COVID-19 response fund benefited from 'You Are the Champions'?,Medium,https://www.queenonline.com/news/queen-the-greatest-queen-adam-lambert-the-first-gig-episode-46; https://www.queenonline.com/news/out-now-queen-adam-lambert-live-around-the-world; https://www.queenonline.com/news/press-release-queen-adam-lambert-release-you-are-the-champions-for-the-world-health-organization
Queen Quiz: Encore (Part 2),Who wrote the Queen album track 'Don't Stop Me Now'?,Medium,"Queen: Complete Works (user-supplied text), Part Three: The Songs; Don't Stop Me Now"
Queen Quiz: Encore (Part 2),"On the original The Miracle track list, what comes immediately after 'The Invisible Man'?",Medium,"Queen: Complete Works (user-supplied text), Part One: The Albums; The Miracle track list"
Queen Quiz: Encore (Part 2),Who sang 'Radio Ga Ga' with Queen at the 1992 tribute concert?,Medium,https://www.queenonline.com/news/press-release-the-freddie-mercury-tribute-concert-the-definitive-edition
Queen Quiz: Encore (Part 2),Which track opens the original Barcelona (Freddie Mercury and Montserrat Caballé) album?,Hard,"Queen: Complete Works (user-supplied text), Part One: B. Solo Albums; Barcelona (Freddie Mercury and Montserrat Caballé) track list"
Queen Quiz: Encore (Part 2),"On the original Queen II track list, what comes immediately after 'Ogre Battle'?",Hard,"Queen: Complete Works (user-supplied text), Part One: The Albums; Queen II track list"
Queen Quiz: Encore (Part 2),"On the original A Night at the Opera track list, what comes immediately before 'Sweet Lady'?",Hard,"Queen: Complete Works (user-supplied text), Part One: The Albums; A Night at the Opera track list"
Queen Quiz: Encore (Part 2),Which Queen studio album has both 'Bijou' and 'The Show Must Go On' on its original track list?,Hard,"Queen: Complete Works (user-supplied text), Part One: The Albums; Innuendo track list"
Queen Quiz: Encore (Part 2),Who sang Queen's '39' at the 1992 tribute concert?,Hard,https://www.queenonline.com/news/press-release-the-freddie-mercury-tribute-concert-the-definitive-edition
Queen Quiz: Encore (Part 2),"On the original A Night at the Opera track list, what comes immediately before 'You're My Best Friend'?",Hard,"Queen: Complete Works (user-supplied text), Part One: The Albums; A Night at the Opera track list"
Queen Quiz: Encore (Part 2),"On the original The Works track list, what comes immediately after 'Hammer to Fall'?",Hard,"Queen: Complete Works (user-supplied text), Part One: The Albums; The Works track list"
Queen Quiz: Encore (Part 2),"On the original Jazz track list, what comes immediately before 'Fat Bottomed Girls'?",Hard,"Queen: Complete Works (user-supplied text), Part One: The Albums; Jazz track list"
Queen Quiz: Encore (Part 2),"On the original Jazz track list, what comes immediately before 'Let Me Entertain You'?",Hard,"Queen: Complete Works (user-supplied text), Part One: The Albums; Jazz track list"
Queen Quiz: Encore (Part 2),Which The Game track sits between 'Crazy Little Thing Called Love' and 'Don't Try Suicide'?,Very Hard,"Queen: Complete Works (user-supplied text), Part One: The Albums; The Game track list"
Queen Quiz: Encore (Part 2),"On the original Another World (Brian May) track list, what comes immediately after 'China Belle'?",Very Hard,"Queen: Complete Works (user-supplied text), Part One: B. Solo Albums; Another World (Brian May) track list"
Queen Quiz: Encore (Part 2),Which Queen track sits between 'Liar' and 'Modern Times Rock 'n' Roll'?,Very Hard,"Queen: Complete Works (user-supplied text), Part One: The Albums; Queen track list"
Queen Quiz: Encore (Part 2),"On the original Back to the Light (Brian May) track list, what comes immediately after 'Back to the Light'?",Very Hard,"Queen: Complete Works (user-supplied text), Part One: B. Solo Albums; Back to the Light (Brian May) track list"
Queen Quiz: Encore (Part 3),On which Queen studio album is 'Procession' found in the original track list?,Easy,"Queen: Complete Works (user-supplied text), Part One: The Albums; Queen II track list"
Queen Quiz: Encore (Part 3),On which Queen studio album is 'Lazing on a Sunday Afternoon' found in the original track list?,Easy,"Queen: Complete Works (user-supplied text), Part One: The Albums; A Night at the Opera track list"
Queen Quiz: Encore (Part 3),Which track closes the original Queen II album?,Easy,"Queen: Complete Works (user-supplied text), Part One: The Albums; Queen II track list"
Queen Quiz: Encore (Part 3),Which Queen studio album has both 'Don't Try Suicide' and 'Sail Away Sweet Sister' on its original track list?,Medium,"Queen: Complete Works (user-supplied text), Part One: The Albums; The Game track list"
Queen Quiz: Encore (Part 3),"On the original News of the World track list, what comes immediately after 'Sheer Heart Attack'?",Medium,"Queen: Complete Works (user-supplied text), Part One: The Albums; News of the World track list"
Queen Quiz: Encore (Part 3),"On the original Hot Space track list, what comes immediately after 'Back Chat'?",Medium,"Queen: Complete Works (user-supplied text), Part One: The Albums; Hot Space track list"
Queen Quiz: Encore (Part 3),On which Queen studio album is 'Life Is Real (Song for Lennon)' found in the original track list?,Medium,"Queen: Complete Works (user-supplied text), Part One: The Albums; Hot Space track list"
Queen Quiz: Encore (Part 3),How old was John Deacon when he joined Queen?,Medium,https://www.queenonline.com/john_deacon
Queen Quiz: Encore (Part 3),"On the original The Works track list, what comes immediately after 'Tear It Up'?",Medium,"Queen: Complete Works (user-supplied text), Part One: The Albums; The Works track list"
Queen Quiz: Encore (Part 3),On which Queen studio album is 'In Only Seven Days' found in the original track list?,Medium,"Queen: Complete Works (user-supplied text), Part One: The Albums; Jazz track list"
Queen Quiz: Encore (Part 3),Which track opens the original Jazz album?,Medium,"Queen: Complete Works (user-supplied text), Part One: The Albums; Jazz track list"
Queen Quiz: Encore (Part 3),Which Queen studio album has both 'Crazy Little Thing Called Love' and 'Rock It (Prime Jive)' on its original track list?,Medium,"Queen: Complete Works (user-supplied text), Part One: The Albums; The Game track list"
Queen Quiz: Encore (Part 3),Which track closes the original Electric Fire (Roger Taylor) album?,Hard,"Queen: Complete Works (user-supplied text), Part One: B. Solo Albums; Electric Fire (Roger Taylor) track list"
Queen Quiz: Encore (Part 3),Who sang with Queen at John Deacon's final stage appearance in 1997?,Hard,https://www.queenonline.com/john_deacon
Queen Quiz: Encore (Part 3),Who wrote the Queen album track 'White Man'?,Hard,"Queen: Complete Works (user-supplied text), Part Three: The Songs; White Man"
Queen Quiz: Encore (Part 3),"On the original A Day at the Races track list, what comes immediately after 'Somebody to Love'?",Hard,"Queen: Complete Works (user-supplied text), Part One: The Albums; A Day at the Races track list"
Queen Quiz: Encore (Part 3),"On the original The Game track list, what comes immediately before 'Sail Away Sweet Sister'?",Hard,"Queen: Complete Works (user-supplied text), Part One: The Albums; The Game track list"
Queen Quiz: Encore (Part 3),Which Queen studio album has both 'Calling All Girls' and 'Las Palabras de Amor (The Words of Love)' on its original track list?,Hard,"Queen: Complete Works (user-supplied text), Part One: The Albums; Hot Space track list"
Queen Quiz: Encore (Part 3),Who wrote the Queen album track 'The March of the Black Queen'?,Hard,"Queen: Complete Works (user-supplied text), Part Three: The Songs; The March of the Black Queen"
Queen Quiz: Encore (Part 3),Who wrote the Queen album track 'Liar'?,Hard,"Queen: Complete Works (user-supplied text), Part Three: The Songs; Liar"
Queen Quiz: Encore (Part 3),Who wrote the Queen album track 'Who Needs You'?,Hard,"Queen: Complete Works (user-supplied text), Part Three: The Songs; Who Needs You"
Queen Quiz: Encore (Part 3),Which Hot Space track sits between 'Life Is Real (Song for Lennon)' and 'Las Palabras de Amor (The Words of Love)'?,Very Hard,"Queen: Complete Works (user-supplied text), Part One: The Albums; Hot Space track list"
Queen Quiz: Encore (Part 3),"On the original Barcelona (Freddie Mercury and Montserrat Caballé) track list, what comes immediately after 'Ensueño'?",Very Hard,"Queen: Complete Works (user-supplied text), Part One: B. Solo Albums; Barcelona (Freddie Mercury and Montserrat Caballé) track list"
Queen Quiz: Encore (Part 3),"Which News of the World track sits between 'Get Down, Make Love' and 'Who Needs You'?",Very Hard,"Queen: Complete Works (user-supplied text), Part One: The Albums; News of the World track list"
Queen Quiz: Encore (Part 3),Which A Day at the Races track sits between 'You and I' and 'White Man'?,Very Hard,"Queen: Complete Works (user-supplied text), Part One: The Albums; A Day at the Races track list"
Queen Quiz: Encore (Part 4),Which Queen studio album has both 'Headlong' and 'I Can't Live with You' on its original track list?,Easy,"Queen: Complete Works (user-supplied text), Part One: The Albums; Innuendo track list"
Queen Quiz: Encore (Part 4),Who is Brian May's wife named in Queen's official biography?,Easy,https://www.queenonline.com/brian_may
Queen Quiz: Encore (Part 4),Which Queen studio album has both 'I'm Going Slightly Mad' and 'Headlong' on its original track list?,Easy,"Queen: Complete Works (user-supplied text), Part One: The Albums; Innuendo track list"
Queen Quiz: Encore (Part 4),On which Queen studio album is 'Is This the World We Created...?' found in the original track list?,Medium,"Queen: Complete Works (user-supplied text), Part One: The Albums; The Works track list"
Queen Quiz: Encore (Part 4),Which band opened the Freddie Mercury Tribute Concert with 'Enter Sandman'?,Medium,https://www.queenonline.com/news/press-release-the-freddie-mercury-tribute-concert-the-definitive-edition
Queen Quiz: Encore (Part 4),"On the original A Day at the Races track list, what comes immediately after 'You and I'?",Medium,"Queen: Complete Works (user-supplied text), Part One: The Albums; A Day at the Races track list"
Queen Quiz: Encore (Part 4),Which Freddie solo song was revisited as a Queen ballad for 'Queen Forever'?,Medium,https://www.queenonline.com/news/press-release-new-single-face-it-alone-out-now
Queen Quiz: Encore (Part 4),On which Queen studio album is 'Crazy Little Thing Called Love' found in the original track list?,Medium,"Queen: Complete Works (user-supplied text), Part One: The Albums; The Game track list"
Queen Quiz: Encore (Part 4),"On the original News of the World track list, what comes immediately after 'Spread Your Wings'?",Medium,"Queen: Complete Works (user-supplied text), Part One: The Albums; News of the World track list"
Queen Quiz: Encore (Part 4),Which track opens the original A Day at the Races album?,Medium,"Queen: Complete Works (user-supplied text), Part One: The Albums; A Day at the Races track list"
Queen Quiz: Encore (Part 4),"On the original A Day at the Races track list, what comes immediately after 'You Take My Breath Away'?",Medium,"Queen: Complete Works (user-supplied text), Part One: The Albums; A Day at the Races track list"
Queen Quiz: Encore (Part 4),Which Queen studio album has both 'Breakthru' and 'Rain Must Fall' on its original track list?,Medium,"Queen: Complete Works (user-supplied text), Part One: The Albums; The Miracle track list"
Queen Quiz: Encore (Part 4),Which Brian May solo song opens with the short instrumental 'The Dark' on its parent album?,Hard,"Queen: Complete Works (user-supplied text), Part One: B. Solo Albums"
Queen Quiz: Encore (Part 4),"On the original A Day at the Races track list, what comes immediately after 'White Man'?",Hard,"Queen: Complete Works (user-supplied text), Part One: The Albums; A Day at the Races track list"
Queen Quiz: Encore (Part 4),"On the original Queen II track list, what comes immediately after 'Nevermore'?",Hard,"Queen: Complete Works (user-supplied text), Part One: The Albums; Queen II track list"
Queen Quiz: Encore (Part 4),"On the original Queen II track list, what comes immediately after 'The March of the Black Queen'?",Hard,"Queen: Complete Works (user-supplied text), Part One: The Albums; Queen II track list"
Queen Quiz: Encore (Part 4),Who provided keyboards and arrangements for Freddie Mercury's 'Barcelona' album?,Hard,"Queen: Complete Works (user-supplied text), Part One: B. Solo Albums"
Queen Quiz: Encore (Part 4),Who wrote the Queen album track 'Tenement Funster'?,Hard,"Queen: Complete Works (user-supplied text), Part Three: The Songs; Tenement Funster"
Queen Quiz: Encore (Part 4),"On the original A Day at the Races track list, what comes immediately before 'Good Old-Fashioned Lover Boy'?",Hard,"Queen: Complete Works (user-supplied text), Part One: The Albums; A Day at the Races track list"
Queen Quiz: Encore (Part 4),In which city did Roger Taylor's 2021 Outsider tour begin?,Hard,https://www.queenonline.com/roger_taylor
Queen Quiz: Encore (Part 4),Who wrote the Queen album track 'Need Your Loving Tonight'?,Hard,"Queen: Complete Works (user-supplied text), Part Three: The Songs; Need Your Loving Tonight"
Queen Quiz: Encore (Part 4),Which Japanese musician worked on Roger Taylor's 'Foreign Sand'?,Very Hard,"Queen: Complete Works (user-supplied text), Part One: B. Solo Albums"
Queen Quiz: Encore (Part 4),Which Fun in Space (Roger Taylor) track sits between 'My Country I & II' and 'Magic Is Loose'?,Very Hard,"Queen: Complete Works (user-supplied text), Part One: B. Solo Albums; Fun in Space (Roger Taylor) track list"
Queen Quiz: Encore (Part 4),"On the original Back to the Light (Brian May) track list, what comes immediately before 'Rollin' Over'?",Very Hard,"Queen: Complete Works (user-supplied text), Part One: B. Solo Albums; Back to the Light (Brian May) track list"
Queen Quiz: Encore (Part 4),"On the original Fun in Space (Roger Taylor) track list, what comes immediately before 'Interlude in Constantinople'?",Very Hard,"Queen: Complete Works (user-supplied text), Part One: B. Solo Albums; Fun in Space (Roger Taylor) track list"
Queen Quiz: Encore (Part 5),In which year did Queen release the rediscovered Freddie vocal 'Face It Alone'?,Easy,https://www.queenonline.com/news/watch-queen-release-newly-created-video-for-face-it-alone
Queen Quiz: Encore (Part 5),Which singer made a Queen album with Brian May and Roger Taylor titled 'The Cosmos Rocks'?,Easy,https://www.queenonline.com/brian_may; https://www.queenonline.com/news/sir-brian-harold-may
Queen Quiz: Encore (Part 5),On which Queen studio album is 'Doing All Right' found in the original track list?,Easy,"Queen: Complete Works (user-supplied text), Part One: The Albums; Queen track list"
Queen Quiz: Encore (Part 5),Which Queen studio album has both ''39' and 'Sweet Lady' on its original track list?,Medium,"Queen: Complete Works (user-supplied text), Part One: The Albums; A Night at the Opera track list"
Queen Quiz: Encore (Part 5),Which 2022 Queen box set included 'Face It Alone' and other session discoveries?,Medium,https://www.queenonline.com/news/watch-queen-release-newly-created-video-for-face-it-alone
Queen Quiz: Encore (Part 5),Which Queen studio album has both 'Put Out the Fire' and 'Life Is Real (Song for Lennon)' on its original track list?,Medium,"Queen: Complete Works (user-supplied text), Part One: The Albums; Hot Space track list"
Queen Quiz: Encore (Part 5),At which 2020 Australian benefit did Queen + Adam Lambert recreate the Live Aid set?,Medium,https://www.queenonline.com/news/queen-the-greatest-queen-adam-lambert-the-first-gig-episode-46; https://www.queenonline.com/news/out-now-queen-adam-lambert-live-around-the-world; https://www.queenonline.com/news/press-release-queen-adam-lambert-release-you-are-the-champions-for-the-world-health-organization
Queen Quiz: Encore (Part 5),On which Queen studio album is 'Bring Back That Leroy Brown' found in the original track list?,Medium,"Queen: Complete Works (user-supplied text), Part One: The Albums; Sheer Heart Attack track list"
Queen Quiz: Encore (Part 5),Which Queen studio album has both 'The Night Comes Down' and 'Modern Times Rock 'n' Roll' on its original track list?,Medium,"Queen: Complete Works (user-supplied text), Part One: The Albums; Queen track list"
Queen Quiz: Encore (Part 5),On which Queen studio album is 'White Man' found in the original track list?,Medium,"Queen: Complete Works (user-supplied text), Part One: The Albums; A Day at the Races track list"
Queen Quiz: Encore (Part 5),Which track closes the original Sheer Heart Attack album?,Medium,"Queen: Complete Works (user-supplied text), Part One: The Albums; Sheer Heart Attack track list"
Queen Quiz: Encore (Part 5),Which track closes the original Fun in Space (Roger Taylor) album?,Hard,"Queen: Complete Works (user-supplied text), Part One: B. Solo Albums; Fun in Space (Roger Taylor) track list"
Queen Quiz: Encore (Part 5),Which guitarist's 1998 album includes the song 'The Guv'nor'?,Hard,"Queen: Complete Works (user-supplied text), Part One: B. Solo Albums"
Queen Quiz: Encore (Part 5),"On the original Hot Space track list, what comes immediately after 'Calling All Girls'?",Hard,"Queen: Complete Works (user-supplied text), Part One: The Albums; Hot Space track list"
Queen Quiz: Encore (Part 5),Who wrote the Queen album track 'Fun It'?,Hard,"Queen: Complete Works (user-supplied text), Part Three: The Songs; Fun It"
Queen Quiz: Encore (Part 5),Which Queen studio album has both 'Don't Stop Me Now' and 'More of That Jazz' on its original track list?,Hard,"Queen: Complete Works (user-supplied text), Part One: The Albums; Jazz track list"
Queen Quiz: Encore (Part 5),"On the original Hot Space track list, what comes immediately after 'Put Out the Fire'?",Hard,"Queen: Complete Works (user-supplied text), Part One: The Albums; Hot Space track list"
Queen Quiz: Encore (Part 5),"On the original The Game track list, what comes immediately before 'Rock It (Prime Jive)'?",Hard,"Queen: Complete Works (user-supplied text), Part One: The Albums; The Game track list"
Queen Quiz: Encore (Part 5),On what date did John Deacon formally become Queen's fourth member?,Hard,https://www.queenonline.com/john_deacon
Queen Quiz: Encore (Part 5),Who wrote the Queen album track 'Sheer Heart Attack'?,Hard,"Queen: Complete Works (user-supplied text), Part Three: The Songs; Sheer Heart Attack"
Queen Quiz: Encore (Part 5),"On the original Queen II track list, what comes immediately before 'Ogre Battle'?",Hard,"Queen: Complete Works (user-supplied text), Part One: The Albums; Queen II track list"
Queen Quiz: Encore (Part 5),"On the original Strange Frontier (Roger Taylor) track list, what comes immediately after 'Beautiful Dreams'?",Very Hard,"Queen: Complete Works (user-supplied text), Part One: B. Solo Albums; Strange Frontier (Roger Taylor) track list"
Queen Quiz: Encore (Part 5),"On the original Electric Fire (Roger Taylor) track list, what comes immediately after 'A Nation of Haircuts'?",Very Hard,"Queen: Complete Works (user-supplied text), Part One: B. Solo Albums; Electric Fire (Roger Taylor) track list"
Queen Quiz: Encore (Part 5),"On the original Back to the Light (Brian May) track list, what comes immediately after 'Just One Life'?",Very Hard,"Queen: Complete Works (user-supplied text), Part One: B. Solo Albums; Back to the Light (Brian May) track list"
Queen Quiz: Encore (Part 5),Which David Richards contribution is credited on Roger Taylor's 'Fun in Space'?,Very Hard,"Queen: Complete Works (user-supplied text), Part One: B. Solo Albums"
Queen Quiz: Encore (Part 6),Which Queen studio album has both 'A Kind of Magic' and 'One Year of Love' on its original track list?,Easy,"Queen: Complete Works (user-supplied text), Part One: The Albums; A Kind of Magic track list"
Queen Quiz: Encore (Part 6),On which Queen studio album is 'Khashoggi's Ship' found in the original track list?,Easy,"Queen: Complete Works (user-supplied text), Part One: The Albums; The Miracle track list"
Queen Quiz: Encore (Part 6),Which Queen studio album has both 'Lazing on a Sunday Afternoon' and 'I'm in Love with My Car' on its original track list?,Easy,"Queen: Complete Works (user-supplied text), Part One: The Albums; A Night at the Opera track list"
Queen Quiz: Encore (Part 6),What was Freddie Mercury's mother's first name?,Medium,https://www.queenonline.com/freddie_mercury
Queen Quiz: Encore (Part 6),On which Queen studio album is 'Seaside Rendezvous' found in the original track list?,Medium,"Queen: Complete Works (user-supplied text), Part One: The Albums; A Night at the Opera track list"
Queen Quiz: Encore (Part 6),Which track opens the original The Miracle album?,Medium,"Queen: Complete Works (user-supplied text), Part One: The Albums; The Miracle track list"
Queen Quiz: Encore (Part 6),Which musical did Freddie Mercury record songs for with Dave Clark in 1986?,Medium,https://www.queenonline.com/freddie_mercury
Queen Quiz: Encore (Part 6),In which year did Roger Taylor release the solo album 'Fun on Earth'?,Medium,https://www.queenonline.com/roger_taylor
Queen Quiz: Encore (Part 6),"On the original News of the World track list, what comes immediately after 'All Dead, All Dead'?",Medium,"Queen: Complete Works (user-supplied text), Part One: The Albums; News of the World track list"
Queen Quiz: Encore (Part 6),"On the original The Game track list, what comes immediately after 'Dragon Attack'?",Medium,"Queen: Complete Works (user-supplied text), Part One: The Albums; The Game track list"
Queen Quiz: Encore (Part 6),Which Queen studio album has both 'Machines (or Back to Humans)' and 'I Want to Break Free' on its original track list?,Medium,"Queen: Complete Works (user-supplied text), Part One: The Albums; The Works track list"
Queen Quiz: Encore (Part 6),"On the original Queen II track list, what comes immediately before 'The Fairy Feller's Master-Stroke'?",Hard,"Queen: Complete Works (user-supplied text), Part One: The Albums; Queen II track list"
Queen Quiz: Encore (Part 6),"On the original Sheer Heart Attack track list, what comes immediately after 'She Makes Me (Stormtrooper in Stilettoes)'?",Hard,"Queen: Complete Works (user-supplied text), Part One: The Albums; Sheer Heart Attack track list"
Queen Quiz: Encore (Part 6),Which group performed a Queen medley before the main Queen set at the 1992 tribute show?,Hard,https://www.queenonline.com/news/press-release-the-freddie-mercury-tribute-concert-the-definitive-edition
Queen Quiz: Encore (Part 6),Who wrote the Queen album track 'Action This Day'?,Hard,"Queen: Complete Works (user-supplied text), Part Three: The Songs; Action This Day"
Queen Quiz: Encore (Part 6),Which Brian May solo album contains 'All the Way from Memphis'?,Hard,"Queen: Complete Works (user-supplied text), Part One: B. Solo Albums"
Queen Quiz: Encore (Part 6),Who wrote the Queen album track 'The Loser in the End'?,Hard,"Queen: Complete Works (user-supplied text), Part Three: The Songs; The Loser in the End"
Queen Quiz: Encore (Part 6),"On the original Hot Space track list, what comes immediately before 'Action This Day'?",Hard,"Queen: Complete Works (user-supplied text), Part One: The Albums; Hot Space track list"
Queen Quiz: Encore (Part 6),"On the original Queen track list, what comes immediately before 'Modern Times Rock 'n' Roll'?",Hard,"Queen: Complete Works (user-supplied text), Part One: The Albums; Queen track list"
Queen Quiz: Encore (Part 6),Which track closes the original Another World (Brian May) album?,Hard,"Queen: Complete Works (user-supplied text), Part One: B. Solo Albums; Another World (Brian May) track list"
Queen Quiz: Encore (Part 6),Which 1994 Roger Taylor album closes with 'Old Friends'?,Hard,"Queen: Complete Works (user-supplied text), Part One: B. Solo Albums"
Queen Quiz: Encore (Part 6),"On the original Barcelona (Freddie Mercury and Montserrat Caballé) track list, what comes immediately before 'Ensueño'?",Very Hard,"Queen: Complete Works (user-supplied text), Part One: B. Solo Albums; Barcelona (Freddie Mercury and Montserrat Caballé) track list"
Queen Quiz: Encore (Part 6),"On the original Fun in Space (Roger Taylor) track list, what comes immediately before 'Magic Is Loose'?",Very Hard,"Queen: Complete Works (user-supplied text), Part One: B. Solo Albums; Fun in Space (Roger Taylor) track list"
Queen Quiz: Encore (Part 6),Which The Miracle track sits between 'The Invisible Man' and 'Rain Must Fall'?,Very Hard,"Queen: Complete Works (user-supplied text), Part One: The Albums; The Miracle track list"
Queen Quiz: Encore (Part 6),"On the original Another World (Brian May) track list, what comes immediately after 'On My Way Up'?",Very Hard,"Queen: Complete Works (user-supplied text), Part One: B. Solo Albums; Another World (Brian May) track list"
Queen Quiz: Encore (Part 7),On which Queen studio album is 'Sheer Heart Attack' found in the original track list?,Easy,"Queen: Complete Works (user-supplied text), Part One: The Albums; News of the World track list"
Queen Quiz: Encore (Part 7),On which Queen studio album is 'Some Day One Day' found in the original track list?,Easy,"Queen: Complete Works (user-supplied text), Part One: The Albums; Queen II track list"
Queen Quiz: Encore (Part 7),What was Freddie Mercury's birth name?,Easy,https://www.queenonline.com/freddie_mercury
Queen Quiz: Encore (Part 7),Who sang 'I Want to Break Free' with Queen at the 1992 tribute concert?,Medium,https://www.queenonline.com/news/press-release-the-freddie-mercury-tribute-concert-the-definitive-edition
Queen Quiz: Encore (Part 7),On which Queen studio album is 'You and I' found in the original track list?,Medium,"Queen: Complete Works (user-supplied text), Part One: The Albums; A Day at the Races track list"
Queen Quiz: Encore (Part 7),Who sang 'Tie Your Mother Down' with Queen at Freddie Mercury's 1992 tribute concert?,Medium,https://www.queenonline.com/news/press-release-the-freddie-mercury-tribute-concert-the-definitive-edition
Queen Quiz: Encore (Part 7),Which Queen studio album has both 'Rock It (Prime Jive)' and 'Don't Try Suicide' on its original track list?,Medium,"Queen: Complete Works (user-supplied text), Part One: The Albums; The Game track list"
Queen Quiz: Encore (Part 7),"On which Queen studio album is 'Get Down, Make Love' found in the original track list?",Medium,"Queen: Complete Works (user-supplied text), Part One: The Albums; News of the World track list"
Queen Quiz: Encore (Part 7),"At what age did Freddie Mercury begin piano lessons, according to Queen's official biography?",Medium,https://www.queenonline.com/freddie_mercury
Queen Quiz: Encore (Part 7),"On the original A Kind of Magic track list, what comes immediately after 'Friends Will Be Friends'?",Medium,"Queen: Complete Works (user-supplied text), Part One: The Albums; A Kind of Magic track list"
Queen Quiz: Encore (Part 7),In which New Year's Honours list was Brian May's knighthood announced?,Medium,https://www.queenonline.com/brian_may; https://www.queenonline.com/news/sir-brian-harold-may
Queen Quiz: Encore (Part 7),Which Queen studio album has both 'Sleeping on the Sidewalk' and 'Who Needs You' on its original track list?,Hard,"Queen: Complete Works (user-supplied text), Part One: The Albums; News of the World track list"
Queen Quiz: Encore (Part 7),Who wrote the Queen album track 'The Night Comes Down'?,Hard,"Queen: Complete Works (user-supplied text), Part Three: The Songs; The Night Comes Down"
Queen Quiz: Encore (Part 7),Which Queen bassist played on Freddie Mercury and Montserrat Caballé's 'How Can I Go On'?,Hard,"Queen: Complete Works (user-supplied text), Part One: B. Solo Albums"
Queen Quiz: Encore (Part 7),Who wrote the Queen album track 'Coming Soon'?,Hard,"Queen: Complete Works (user-supplied text), Part Three: The Songs; Coming Soon"
Queen Quiz: Encore (Part 7),Which Queen studio album has both 'Bring Back That Leroy Brown' and 'She Makes Me (Stormtrooper in Stilettoes)' on its original track list?,Hard,"Queen: Complete Works (user-supplied text), Part One: The Albums; Sheer Heart Attack track list"
Queen Quiz: Encore (Part 7),Which 1981 Roger Taylor album was recorded largely at Mountain Studios in Montreux?,Hard,"Queen: Complete Works (user-supplied text), Part One: B. Solo Albums"
Queen Quiz: Encore (Part 7),Which track opens the original Mr. Bad Guy (Freddie Mercury) album?,Hard,"Queen: Complete Works (user-supplied text), Part One: B. Solo Albums; Mr. Bad Guy (Freddie Mercury) track list"
Queen Quiz: Encore (Part 7),Who produced Roger Taylor's 'Fun in Space' album?,Hard,"Queen: Complete Works (user-supplied text), Part One: B. Solo Albums"
Queen Quiz: Encore (Part 7),"On the original A Kind of Magic track list, what comes immediately after 'Gimme the Prize (Kurgan's Theme)'?",Hard,"Queen: Complete Works (user-supplied text), Part One: The Albums; A Kind of Magic track list"
Queen Quiz: Encore (Part 7),Which track closes the original Strange Frontier (Roger Taylor) album?,Hard,"Queen: Complete Works (user-supplied text), Part One: B. Solo Albums; Strange Frontier (Roger Taylor) track list"
Queen Quiz: Encore (Part 7),"On the original Another World (Brian May) track list, what comes immediately before 'Another World'?",Very Hard,"Queen: Complete Works (user-supplied text), Part One: B. Solo Albums; Another World (Brian May) track list"
Queen Quiz: Encore (Part 7),"On the original Fun in Space (Roger Taylor) track list, what comes immediately after 'Magic Is Loose'?",Very Hard,"Queen: Complete Works (user-supplied text), Part One: B. Solo Albums; Fun in Space (Roger Taylor) track list"
Queen Quiz: Encore (Part 7),"On the original Barcelona (Freddie Mercury and Montserrat Caballé) track list, what comes immediately after 'La Japonaise'?",Very Hard,"Queen: Complete Works (user-supplied text), Part One: B. Solo Albums; Barcelona (Freddie Mercury and Montserrat Caballé) track list"
Queen Quiz: Encore (Part 7),Which The Works track sits between 'Tear It Up' and 'Man on the Prowl'?,Very Hard,"Queen: Complete Works (user-supplied text), Part One: The Albums; The Works track list"
Queen Quiz: Encore (Part 8),On which Queen studio album is 'You Take My Breath Away' found in the original track list?,Easy,"Queen: Complete Works (user-supplied text), Part One: The Albums; A Day at the Races track list"
Queen Quiz: Encore (Part 8),Which track opens the original Queen album?,Easy,"Queen: Complete Works (user-supplied text), Part One: The Albums; Queen track list"
Queen Quiz: Encore (Part 8),"Which Queen studio album has both 'All Dead, All Dead' and 'Spread Your Wings' on its original track list?",Easy,"Queen: Complete Works (user-supplied text), Part One: The Albums; News of the World track list"
Queen Quiz: Encore (Part 8),On which Queen studio album is 'God Save the Queen' found in the original track list?,Medium,"Queen: Complete Works (user-supplied text), Part One: The Albums; A Night at the Opera track list"
Queen Quiz: Encore (Part 8),On which July day was Roger Taylor born?,Medium,https://www.queenonline.com/roger_taylor
Queen Quiz: Encore (Part 8),Which university awarded Brian May his PhD in astrophysics?,Medium,https://www.queenonline.com/brian_may
Queen Quiz: Encore (Part 8),Which Queen studio album has both 'Ogre Battle' and 'The Fairy Feller's Master-Stroke' on its original track list?,Medium,"Queen: Complete Works (user-supplied text), Part One: The Albums; Queen II track list"
Queen Quiz: Encore (Part 8),"On the original A Night at the Opera track list, what comes immediately after ''39'?",Medium,"Queen: Complete Works (user-supplied text), Part One: The Albums; A Night at the Opera track list"
Queen Quiz: Encore (Part 8),"On the original Queen II track list, what comes immediately after 'The Loser in the End'?",Medium,"Queen: Complete Works (user-supplied text), Part One: The Albums; Queen II track list"
Queen Quiz: Encore (Part 8),Which singer performed 'I Want It All' with Queen at Freddie Mercury's tribute concert?,Medium,https://www.queenonline.com/news/press-release-the-freddie-mercury-tribute-concert-the-definitive-edition
Queen Quiz: Encore (Part 8),On which Queen studio album is 'Machines (or Back to Humans)' found in the original track list?,Medium,"Queen: Complete Works (user-supplied text), Part One: The Albums; The Works track list"
Queen Quiz: Encore (Part 8),Which track closes the original Barcelona (Freddie Mercury and Montserrat Caballé) album?,Hard,"Queen: Complete Works (user-supplied text), Part One: B. Solo Albums; Barcelona (Freddie Mercury and Montserrat Caballé) track list"
Queen Quiz: Encore (Part 8),Who wrote the Queen album track 'I'm in Love with My Car'?,Hard,"Queen: Complete Works (user-supplied text), Part Three: The Songs; I'm in Love with My Car"
Queen Quiz: Encore (Part 8),Who wrote the Queen album track 'In Only Seven Days'?,Hard,"Queen: Complete Works (user-supplied text), Part Three: The Songs; In Only Seven Days"
Queen Quiz: Encore (Part 8),"On the original The Game track list, what comes immediately after 'Coming Soon'?",Hard,"Queen: Complete Works (user-supplied text), Part One: The Albums; The Game track list"
Queen Quiz: Encore (Part 8),"On the original Innuendo track list, what comes immediately before 'Ride the Wild Wind'?",Hard,"Queen: Complete Works (user-supplied text), Part One: The Albums; Innuendo track list"
Queen Quiz: Encore (Part 8),"On the original Hot Space track list, what comes immediately after 'Life Is Real (Song for Lennon)'?",Hard,"Queen: Complete Works (user-supplied text), Part One: The Albums; Hot Space track list"
Queen Quiz: Encore (Part 8),"On the original News of the World track list, what comes immediately before 'Who Needs You'?",Hard,"Queen: Complete Works (user-supplied text), Part One: The Albums; News of the World track list"
Queen Quiz: Encore (Part 8),Who wrote the Queen album track 'Father to Son'?,Hard,"Queen: Complete Works (user-supplied text), Part Three: The Songs; Father to Son"
Queen Quiz: Encore (Part 8),Who wrote the Queen album track 'Drowse'?,Hard,"Queen: Complete Works (user-supplied text), Part Three: The Songs; Drowse"
Queen Quiz: Encore (Part 8),Which 'Mr. Bad Guy' track was later re-recorded by Queen for their final Freddie-era album?,Hard,"Queen: Complete Works (user-supplied text), Part One: B. Solo Albums"
Queen Quiz: Encore (Part 8),"On the original Another World (Brian May) track list, what comes immediately after 'All the Way from Memphis'?",Very Hard,"Queen: Complete Works (user-supplied text), Part One: B. Solo Albums; Another World (Brian May) track list"
Queen Quiz: Encore (Part 8),"On the original Back to the Light (Brian May) track list, what comes immediately after 'Too Much Love Will Kill You'?",Very Hard,"Queen: Complete Works (user-supplied text), Part One: B. Solo Albums; Back to the Light (Brian May) track list"
Queen Quiz: Encore (Part 8),Which 1984 Roger Taylor album had a different US vinyl running order from the UK edition?,Very Hard,"Queen: Complete Works (user-supplied text), Part One: B. Solo Albums"
Queen Quiz: Encore (Part 8),Which A Kind of Magic track sits between 'A Kind of Magic' and 'Pain Is So Close to Pleasure'?,Very Hard,"Queen: Complete Works (user-supplied text), Part One: The Albums; A Kind of Magic track list"
Queen Quiz: Encore (Part 9),Which Queen studio album has both 'The Millionaire Waltz' and 'You and I' on its original track list?,Easy,"Queen: Complete Works (user-supplied text), Part One: The Albums; A Day at the Races track list"
Queen Quiz: Encore (Part 9),From what part of Buckingham Palace did Brian May perform 'God Save the Queen' in 2002?,Easy,https://www.queenonline.com/brian_may
Queen Quiz: Encore (Part 9),On which Queen studio album is 'Pain Is So Close to Pleasure' found in the original track list?,Easy,"Queen: Complete Works (user-supplied text), Part One: The Albums; A Kind of Magic track list"
Queen Quiz: Encore (Part 9),"Which Queen studio album has both 'Fight from the Inside' and 'Get Down, Make Love' on its original track list?",Medium,"Queen: Complete Works (user-supplied text), Part One: The Albums; News of the World track list"
Queen Quiz: Encore (Part 9),"On the original Innuendo track list, what comes immediately after 'Innuendo'?",Medium,"Queen: Complete Works (user-supplied text), Part One: The Albums; Innuendo track list"
Queen Quiz: Encore (Part 9),"On the original The Game track list, what comes immediately after 'Crazy Little Thing Called Love'?",Medium,"Queen: Complete Works (user-supplied text), Part One: The Albums; The Game track list"
Queen Quiz: Encore (Part 9),In which year did the Bulsara family move to Middlesex?,Medium,https://www.queenonline.com/freddie_mercury
Queen Quiz: Encore (Part 9),Which Queen studio album has both 'Life Is Real (Song for Lennon)' and 'Calling All Girls' on its original track list?,Medium,"Queen: Complete Works (user-supplied text), Part One: The Albums; Hot Space track list"
Queen Quiz: Encore (Part 9),"On the original Sheer Heart Attack track list, what comes immediately after 'Brighton Rock'?",Medium,"Queen: Complete Works (user-supplied text), Part One: The Albums; Sheer Heart Attack track list"
Queen Quiz: Encore (Part 9),On which Queen studio album is 'Misfire' found in the original track list?,Medium,"Queen: Complete Works (user-supplied text), Part One: The Albums; Sheer Heart Attack track list"
Queen Quiz: Encore (Part 9),Which track opens the original A Kind of Magic album?,Medium,"Queen: Complete Works (user-supplied text), Part One: The Albums; A Kind of Magic track list"
Queen Quiz: Encore (Part 9),"On the original The Works track list, what comes immediately after 'I Want to Break Free'?",Hard,"Queen: Complete Works (user-supplied text), Part One: The Albums; The Works track list"
Queen Quiz: Encore (Part 9),Who delivered a speech before the main Queen set at the 1992 tribute concert?,Hard,https://www.queenonline.com/news/press-release-the-freddie-mercury-tribute-concert-the-definitive-edition
Queen Quiz: Encore (Part 9),Which track opens the original Strange Frontier (Roger Taylor) album?,Hard,"Queen: Complete Works (user-supplied text), Part One: B. Solo Albums; Strange Frontier (Roger Taylor) track list"
Queen Quiz: Encore (Part 9),Who co-authored Brian May's stereoscopic-history book 'A Village Lost and Found'?,Hard,https://www.queenonline.com/brian_may
Queen Quiz: Encore (Part 9),What was the name of Roger Taylor's 2013 box set covering his solo work and The Cross?,Hard,https://www.queenonline.com/roger_taylor
Queen Quiz: Encore (Part 9),Who wrote the Queen album track 'Long Away'?,Hard,"Queen: Complete Works (user-supplied text), Part Three: The Songs; Long Away"
Queen Quiz: Encore (Part 9),Who wrote the Queen album track 'Bicycle Race'?,Hard,"Queen: Complete Works (user-supplied text), Part Three: The Songs; Bicycle Race"
Queen Quiz: Encore (Part 9),Who wrote the Queen album track 'Don't Try Suicide'?,Hard,"Queen: Complete Works (user-supplied text), Part Three: The Songs; Don't Try Suicide"
Queen Quiz: Encore (Part 9),Who wrote the Queen album track 'Fight from the Inside'?,Hard,"Queen: Complete Works (user-supplied text), Part Three: The Songs; Fight from the Inside"
Queen Quiz: Encore (Part 9),Who wrote the Queen album track 'Princes of the Universe'?,Hard,"Queen: Complete Works (user-supplied text), Part Three: The Songs; Princes of the Universe"
Queen Quiz: Encore (Part 9),"On the original Strange Frontier (Roger Taylor) track list, what comes immediately after 'Abandonfire'?",Very Hard,"Queen: Complete Works (user-supplied text), Part One: B. Solo Albums; Strange Frontier (Roger Taylor) track list"
Queen Quiz: Encore (Part 9),Which Mott the Hoople song did Brian May cover on 'Another World'?,Very Hard,"Queen: Complete Works (user-supplied text), Part One: B. Solo Albums"
Queen Quiz: Encore (Part 9),Which Strange Frontier (Roger Taylor) track sits between 'Masters of War' and 'Killing Time'?,Very Hard,"Queen: Complete Works (user-supplied text), Part One: B. Solo Albums; Strange Frontier (Roger Taylor) track list"
Queen Quiz: Encore (Part 9),"On the original Fun in Space (Roger Taylor) track list, what comes immediately after 'My Country I & II'?",Very Hard,"Queen: Complete Works (user-supplied text), Part One: B. Solo Albums; Fun in Space (Roger Taylor) track list"
Queen Quiz: Encore (Part 10),Which track closes the original Innuendo album?,Easy,"Queen: Complete Works (user-supplied text), Part One: The Albums; Innuendo track list"
Queen Quiz: Encore (Part 10),On which Queen studio album is 'Tear It Up' found in the original track list?,Easy,"Queen: Complete Works (user-supplied text), Part One: The Albums; The Works track list"
Queen Quiz: Encore (Part 10),In which country did Freddie Mercury spend much of his childhood?,Easy,https://www.queenonline.com/freddie_mercury
Queen Quiz: Encore (Part 10),In what year did Brian May receive a PhD in astrophysics?,Medium,https://www.queenonline.com/brian_may
Queen Quiz: Encore (Part 10),Which official Queen tribute act has Roger Taylor overseen and produced?,Medium,https://www.queenonline.com/roger_taylor
Queen Quiz: Encore (Part 10),"On the original The Works track list, what comes immediately after 'Radio Ga Ga'?",Medium,"Queen: Complete Works (user-supplied text), Part One: The Albums; The Works track list"
Queen Quiz: Encore (Part 10),"On the original Hot Space track list, what comes immediately after 'Action This Day'?",Medium,"Queen: Complete Works (user-supplied text), Part One: The Albums; Hot Space track list"
Queen Quiz: Encore (Part 10),"On the original Queen track list, what comes immediately after 'Doing All Right'?",Medium,"Queen: Complete Works (user-supplied text), Part One: The Albums; Queen track list"
Queen Quiz: Encore (Part 10),"On the original A Day at the Races track list, what comes immediately after 'The Millionaire Waltz'?",Medium,"Queen: Complete Works (user-supplied text), Part One: The Albums; A Day at the Races track list"
Queen Quiz: Encore (Part 10),What was the name of Brian May's animal-welfare campaign founded in 2010?,Medium,https://www.queenonline.com/brian_may
Queen Quiz: Encore (Part 10),During which album's original sessions was 'Face It Alone' recorded?,Medium,https://www.queenonline.com/news/watch-queen-release-newly-created-video-for-face-it-alone
Queen Quiz: Encore (Part 10),"On the original The Works track list, what comes immediately before 'Keep Passing the Open Windows'?",Hard,"Queen: Complete Works (user-supplied text), Part One: The Albums; The Works track list"
Queen Quiz: Encore (Part 10),"On the original Queen track list, what comes immediately after 'The Night Comes Down'?",Hard,"Queen: Complete Works (user-supplied text), Part One: The Albums; Queen track list"
Queen Quiz: Encore (Part 10),In which city did John Deacon make his final stage appearance with Queen in 1997?,Hard,https://www.queenonline.com/john_deacon
Queen Quiz: Encore (Part 10),"On the original Innuendo track list, what comes immediately after 'Bijou'?",Hard,"Queen: Complete Works (user-supplied text), Part One: The Albums; Innuendo track list"
Queen Quiz: Encore (Part 10),"On the original Queen track list, what comes immediately before 'The Night Comes Down'?",Hard,"Queen: Complete Works (user-supplied text), Part One: The Albums; Queen track list"
Queen Quiz: Encore (Part 10),Who wrote the Queen album track 'Body Language'?,Hard,"Queen: Complete Works (user-supplied text), Part Three: The Songs; Body Language"
Queen Quiz: Encore (Part 10),"On the original News of the World track list, what comes immediately after 'Get Down, Make Love'?",Hard,"Queen: Complete Works (user-supplied text), Part One: The Albums; News of the World track list"
Queen Quiz: Encore (Part 10),Who wrote the Queen album track 'Calling All Girls'?,Hard,"Queen: Complete Works (user-supplied text), Part Three: The Songs; Calling All Girls"
Queen Quiz: Encore (Part 10),Who co-produced Freddie Mercury's 1985 album 'Mr. Bad Guy' with him?,Hard,"Queen: Complete Works (user-supplied text), Part One: B. Solo Albums"
Queen Quiz: Encore (Part 10),Which track ends the original Freddie Mercury-Montserrat Caballé 'Barcelona' album?,Hard,"Queen: Complete Works (user-supplied text), Part One: B. Solo Albums"
Queen Quiz: Encore (Part 10),"On the original Barcelona (Freddie Mercury and Montserrat Caballé) track list, what comes immediately after 'Barcelona'?",Very Hard,"Queen: Complete Works (user-supplied text), Part One: B. Solo Albums; Barcelona (Freddie Mercury and Montserrat Caballé) track list"
Queen Quiz: Encore (Part 10),"On the original Another World (Brian May) track list, what comes immediately before 'Why Don't We Try Again'?",Very Hard,"Queen: Complete Works (user-supplied text), Part One: B. Solo Albums; Another World (Brian May) track list"
Queen Quiz: Encore (Part 10),Which Happiness? (Roger Taylor) track sits between 'The Key' and 'Loneliness...'?,Very Hard,"Queen: Complete Works (user-supplied text), Part One: B. Solo Albums; Happiness? (Roger Taylor) track list"
Queen Quiz: Encore (Part 10),"On the original Mr. Bad Guy (Freddie Mercury) track list, what comes immediately before 'Your Kind of Lover'?",Very Hard,"Queen: Complete Works (user-supplied text), Part One: B. Solo Albums; Mr. Bad Guy (Freddie Mercury) track list"
Queen Quiz: Encore (Part 11),Which Queen studio album has both 'Need Your Loving Tonight' and 'Crazy Little Thing Called Love' on its original track list?,Easy,"Queen: Complete Works (user-supplied text), Part One: The Albums; The Game track list"
Queen Quiz: Encore (Part 11),Which track opens the original Innuendo album?,Easy,"Queen: Complete Works (user-supplied text), Part One: The Albums; Innuendo track list"
Queen Quiz: Encore (Part 11),On which Queen studio album is 'Staying Power' found in the original track list?,Easy,"Queen: Complete Works (user-supplied text), Part One: The Albums; Hot Space track list"
Queen Quiz: Encore (Part 11),On which Queen studio album is 'Rain Must Fall' found in the original track list?,Medium,"Queen: Complete Works (user-supplied text), Part One: The Albums; The Miracle track list"
Queen Quiz: Encore (Part 11),Which singer joined Elton John and Queen on 'Bohemian Rhapsody' at the 1992 tribute concert?,Medium,https://www.queenonline.com/news/press-release-the-freddie-mercury-tribute-concert-the-definitive-edition
Queen Quiz: Encore (Part 11),In which city did Queen + Adam Lambert play their first full-length show in 2012?,Medium,https://www.queenonline.com/news/queen-the-greatest-queen-adam-lambert-the-first-gig-episode-46; https://www.queenonline.com/news/out-now-queen-adam-lambert-live-around-the-world; https://www.queenonline.com/news/press-release-queen-adam-lambert-release-you-are-the-champions-for-the-world-health-organization
Queen Quiz: Encore (Part 11),"On the original Queen II track list, what comes immediately after 'Procession'?",Medium,"Queen: Complete Works (user-supplied text), Part One: The Albums; Queen II track list"
Queen Quiz: Encore (Part 11),"On the original Sheer Heart Attack track list, what comes immediately after 'Lily of the Valley'?",Medium,"Queen: Complete Works (user-supplied text), Part One: The Albums; Sheer Heart Attack track list"
Queen Quiz: Encore (Part 11),Which 2014 collection included the newly completed 'Let Me in Your Heart Again'?,Medium,https://www.queenonline.com/news/press-release-new-single-face-it-alone-out-now
Queen Quiz: Encore (Part 11),Which Queen studio album has both 'Friends Will Be Friends' and 'Who Wants to Live Forever' on its original track list?,Medium,"Queen: Complete Works (user-supplied text), Part One: The Albums; A Kind of Magic track list"
Queen Quiz: Encore (Part 11),On which Queen studio album is 'If You Can't Beat Them' found in the original track list?,Medium,"Queen: Complete Works (user-supplied text), Part One: The Albums; Jazz track list"
Queen Quiz: Encore (Part 11),"On the original Sheer Heart Attack track list, what comes immediately before 'Killer Queen'?",Hard,"Queen: Complete Works (user-supplied text), Part One: The Albums; Sheer Heart Attack track list"
Queen Quiz: Encore (Part 11),Who wrote the Queen album track 'The Millionaire Waltz'?,Hard,"Queen: Complete Works (user-supplied text), Part Three: The Songs; The Millionaire Waltz"
Queen Quiz: Encore (Part 11),Which Roger Taylor solo album placed 'My Country I & II' on its original track list?,Hard,"Queen: Complete Works (user-supplied text), Part One: B. Solo Albums"
Queen Quiz: Encore (Part 11),Who wrote the Queen album track 'Crazy Little Thing Called Love'?,Hard,"Queen: Complete Works (user-supplied text), Part Three: The Songs; Crazy Little Thing Called Love"
Queen Quiz: Encore (Part 11),Who wrote the Queen album track 'Dear Friends'?,Hard,"Queen: Complete Works (user-supplied text), Part Three: The Songs; Dear Friends"
Queen Quiz: Encore (Part 11),Who wrote the Queen album track 'The Prophet's Song'?,Hard,"Queen: Complete Works (user-supplied text), Part Three: The Songs; The Prophet's Song"
Queen Quiz: Encore (Part 11),At which London venue did Freddie Mercury make his surprise 1977 ballet appearance?,Hard,https://www.queenonline.com/freddie_mercury
Queen Quiz: Encore (Part 11),Who sang 'Stone Cold Crazy' with Queen at the 1992 tribute concert?,Hard,https://www.queenonline.com/news/press-release-the-freddie-mercury-tribute-concert-the-definitive-edition
Queen Quiz: Encore (Part 11),Which 2014 Queen collection included a version of 'There Must Be More to Life Than This'?,Hard,https://www.queenonline.com/news/press-release-new-single-face-it-alone-out-now
Queen Quiz: Encore (Part 11),"On the original Jazz track list, what comes immediately after 'Don't Stop Me Now'?",Hard,"Queen: Complete Works (user-supplied text), Part One: The Albums; Jazz track list"
Queen Quiz: Encore (Part 11),Which Mr. Bad Guy (Freddie Mercury) track sits between 'Man Made Paradise' and 'Living on My Own'?,Very Hard,"Queen: Complete Works (user-supplied text), Part One: B. Solo Albums; Mr. Bad Guy (Freddie Mercury) track list"
Queen Quiz: Encore (Part 11),"On the original Happiness? (Roger Taylor) track list, what comes immediately after 'Happiness?'?",Very Hard,"Queen: Complete Works (user-supplied text), Part One: B. Solo Albums; Happiness? (Roger Taylor) track list"
Queen Quiz: Encore (Part 11),"On the original Mr. Bad Guy (Freddie Mercury) track list, what comes immediately after 'I Was Born to Love You'?",Very Hard,"Queen: Complete Works (user-supplied text), Part One: B. Solo Albums; Mr. Bad Guy (Freddie Mercury) track list"
Queen Quiz: Encore (Part 11),Which Sheer Heart Attack track sits between 'Tenement Funster' and 'Lily of the Valley'?,Very Hard,"Queen: Complete Works (user-supplied text), Part One: The Albums; Sheer Heart Attack track list"
Queen Quiz: Encore (Part 12),Which Queen studio album has both 'I Want It All' and 'The Invisible Man' on its original track list?,Easy,"Queen: Complete Works (user-supplied text), Part One: The Albums; The Miracle track list"
Queen Quiz: Encore (Part 12),On which Queen studio album is 'Jealousy' found in the original track list?,Easy,"Queen: Complete Works (user-supplied text), Part One: The Albums; Jazz track list"
Queen Quiz: Encore (Part 12),Which Queen studio album has both 'Brighton Rock' and 'Killer Queen' on its original track list?,Easy,"Queen: Complete Works (user-supplied text), Part One: The Albums; Sheer Heart Attack track list"
Queen Quiz: Encore (Part 12),"On the original The Miracle track list, what comes immediately after 'Khashoggi's Ship'?",Medium,"Queen: Complete Works (user-supplied text), Part One: The Albums; The Miracle track list"
Queen Quiz: Encore (Part 12),Which previously omitted song was restored to the 2024 'Queen I' running order?,Medium,https://www.queenonline.com/news/queen-i-queen-remixed-remastered-and-expanded-out-now
Queen Quiz: Encore (Part 12),Which Queen studio album has both 'Dead on Time' and 'In Only Seven Days' on its original track list?,Medium,"Queen: Complete Works (user-supplied text), Part One: The Albums; Jazz track list"
Queen Quiz: Encore (Part 12),"On the original Innuendo track list, what comes immediately after 'I'm Going Slightly Mad'?",Medium,"Queen: Complete Works (user-supplied text), Part One: The Albums; Innuendo track list"
Queen Quiz: Encore (Part 12),In which month of 1992 was the Freddie Mercury Tribute Concert held?,Medium,https://www.queenonline.com/news/press-release-the-freddie-mercury-tribute-concert-the-definitive-edition
Queen Quiz: Encore (Part 12),Who performed 'Crazy Little Thing Called Love' with Queen at the 1992 tribute concert?,Medium,https://www.queenonline.com/news/press-release-the-freddie-mercury-tribute-concert-the-definitive-edition
Queen Quiz: Encore (Part 12),Which 2014 Queen compilation introduced a ballad arrangement of Freddie's 'Love Kills'?,Medium,https://www.queenonline.com/news/press-release-new-single-face-it-alone-out-now
Queen Quiz: Encore (Part 12),On which Queen studio album is 'Coming Soon' found in the original track list?,Medium,"Queen: Complete Works (user-supplied text), Part One: The Albums; The Game track list"
Queen Quiz: Encore (Part 12),"On the original The Game track list, what comes immediately after 'Rock It (Prime Jive)'?",Hard,"Queen: Complete Works (user-supplied text), Part One: The Albums; The Game track list"
Queen Quiz: Encore (Part 12),Who wrote the Queen album track 'Rock It (Prime Jive)'?,Hard,"Queen: Complete Works (user-supplied text), Part Three: The Songs; Rock It (Prime Jive)"
Queen Quiz: Encore (Part 12),"On the original The Miracle track list, what comes immediately before 'Breakthru'?",Hard,"Queen: Complete Works (user-supplied text), Part One: The Albums; The Miracle track list"
Queen Quiz: Encore (Part 12),"On the original Sheer Heart Attack track list, what comes immediately before 'Stone Cold Crazy'?",Hard,"Queen: Complete Works (user-supplied text), Part One: The Albums; Sheer Heart Attack track list"
Queen Quiz: Encore (Part 12),Which Bruce Springsteen song did Roger Taylor cover on 'Strange Frontier'?,Hard,"Queen: Complete Works (user-supplied text), Part One: B. Solo Albums"
Queen Quiz: Encore (Part 12),"On the original The Miracle track list, what comes immediately after 'Breakthru'?",Hard,"Queen: Complete Works (user-supplied text), Part One: The Albums; The Miracle track list"
Queen Quiz: Encore (Part 12),"On the original Queen track list, what comes immediately after 'Jesus'?",Hard,"Queen: Complete Works (user-supplied text), Part One: The Albums; Queen track list"
Queen Quiz: Encore (Part 12),Who wrote the Queen album track 'Hammer to Fall'?,Hard,"Queen: Complete Works (user-supplied text), Part Three: The Songs; Hammer to Fall"
Queen Quiz: Encore (Part 12),"On the original A Day at the Races track list, what comes immediately before 'Somebody to Love'?",Hard,"Queen: Complete Works (user-supplied text), Part One: The Albums; A Day at the Races track list"
Queen Quiz: Encore (Part 12),"On the original Queen II track list, what comes immediately before 'Father to Son'?",Hard,"Queen: Complete Works (user-supplied text), Part One: The Albums; Queen II track list"
Queen Quiz: Encore (Part 12),"On the original Barcelona (Freddie Mercury and Montserrat Caballé) track list, what comes immediately before 'The Fallen Priest'?",Very Hard,"Queen: Complete Works (user-supplied text), Part One: B. Solo Albums; Barcelona (Freddie Mercury and Montserrat Caballé) track list"
Queen Quiz: Encore (Part 12),Which Queen II track sits between 'Father to Son' and 'Some Day One Day'?,Very Hard,"Queen: Complete Works (user-supplied text), Part One: The Albums; Queen II track list"
Queen Quiz: Encore (Part 12),"On the original Mr. Bad Guy (Freddie Mercury) track list, what comes immediately after 'Foolin' Around'?",Very Hard,"Queen: Complete Works (user-supplied text), Part One: B. Solo Albums; Mr. Bad Guy (Freddie Mercury) track list"
Queen Quiz: Encore (Part 12),"On the original Mr. Bad Guy (Freddie Mercury) track list, what comes immediately after 'There Must Be More to Life Than This'?",Very Hard,"Queen: Complete Works (user-supplied text), Part One: B. Solo Albums; Mr. Bad Guy (Freddie Mercury) track list"
Queen Quiz: Encore (Part 13),Which track opens the original The Game album?,Easy,"Queen: Complete Works (user-supplied text), Part One: The Albums; The Game track list"
Queen Quiz: Encore (Part 13),What new title did Queen give the 2024 remix of their debut album?,Easy,https://www.queenonline.com/news/queen-i-queen-remixed-remastered-and-expanded-out-now
Queen Quiz: Encore (Part 13),Which Queen studio album has both 'My Fairy King' and 'Liar' on its original track list?,Easy,"Queen: Complete Works (user-supplied text), Part One: The Albums; Queen track list"
Queen Quiz: Encore (Part 13),On which Queen studio album is 'Jesus' found in the original track list?,Medium,"Queen: Complete Works (user-supplied text), Part One: The Albums; Queen track list"
Queen Quiz: Encore (Part 13),Which Queen studio album has both 'The Invisible Man' and 'Breakthru' on its original track list?,Medium,"Queen: Complete Works (user-supplied text), Part One: The Albums; The Miracle track list"
Queen Quiz: Encore (Part 13),On which Queen studio album is 'Princes of the Universe' found in the original track list?,Medium,"Queen: Complete Works (user-supplied text), Part One: The Albums; A Kind of Magic track list"
Queen Quiz: Encore (Part 13),Which track closes the original A Day at the Races album?,Medium,"Queen: Complete Works (user-supplied text), Part One: The Albums; A Day at the Races track list"
Queen Quiz: Encore (Part 13),Which track opens the original Hot Space album?,Medium,"Queen: Complete Works (user-supplied text), Part One: The Albums; Hot Space track list"
Queen Quiz: Encore (Part 13),Which Queen studio album has both 'In the Lap of the Gods' and 'Stone Cold Crazy' on its original track list?,Medium,"Queen: Complete Works (user-supplied text), Part One: The Albums; Sheer Heart Attack track list"
Queen Quiz: Encore (Part 13),Which Queen studio album has both 'You and I' and 'Somebody to Love' on its original track list?,Medium,"Queen: Complete Works (user-supplied text), Part One: The Albums; A Day at the Races track list"
Queen Quiz: Encore (Part 13),On which Queen studio album is 'Calling All Girls' found in the original track list?,Medium,"Queen: Complete Works (user-supplied text), Part One: The Albums; Hot Space track list"
Queen Quiz: Encore (Part 13),"On the original The Works track list, what comes immediately after 'Keep Passing the Open Windows'?",Hard,"Queen: Complete Works (user-supplied text), Part One: The Albums; The Works track list"
Queen Quiz: Encore (Part 13),"On the original Sheer Heart Attack track list, what comes immediately before 'In the Lap of the Gods... Revisited'?",Hard,"Queen: Complete Works (user-supplied text), Part One: The Albums; Sheer Heart Attack track list"
Queen Quiz: Encore (Part 13),"On the original A Kind of Magic track list, what comes immediately before 'A Kind of Magic'?",Hard,"Queen: Complete Works (user-supplied text), Part One: The Albums; A Kind of Magic track list"
Queen Quiz: Encore (Part 13),Which track opens the original Fun in Space (Roger Taylor) album?,Hard,"Queen: Complete Works (user-supplied text), Part One: B. Solo Albums; Fun in Space (Roger Taylor) track list"
Queen Quiz: Encore (Part 13),Who wrote the Queen album track 'Spread Your Wings'?,Hard,"Queen: Complete Works (user-supplied text), Part Three: The Songs; Spread Your Wings"
Queen Quiz: Encore (Part 13),Who wrote the Queen album track 'Now I'm Here'?,Hard,"Queen: Complete Works (user-supplied text), Part Three: The Songs; Now I'm Here"
Queen Quiz: Encore (Part 13),"On the original Hot Space track list, what comes immediately before 'Calling All Girls'?",Hard,"Queen: Complete Works (user-supplied text), Part One: The Albums; Hot Space track list"
Queen Quiz: Encore (Part 13),Which Extreme singer performed 'Hammer to Fall' with Queen at the 1992 tribute concert?,Hard,https://www.queenonline.com/news/press-release-the-freddie-mercury-tribute-concert-the-definitive-edition
Queen Quiz: Encore (Part 13),"On the original The Game track list, what comes immediately before 'Don't Try Suicide'?",Hard,"Queen: Complete Works (user-supplied text), Part One: The Albums; The Game track list"
Queen Quiz: Encore (Part 13),Who wrote the Queen album track 'Back Chat'?,Hard,"Queen: Complete Works (user-supplied text), Part Three: The Songs; Back Chat"
Queen Quiz: Encore (Part 13),"On the original Electric Fire (Roger Taylor) track list, what comes immediately before 'London Town, C'mon Down'?",Very Hard,"Queen: Complete Works (user-supplied text), Part One: B. Solo Albums; Electric Fire (Roger Taylor) track list"
Queen Quiz: Encore (Part 13),"On the original Strange Frontier (Roger Taylor) track list, what comes immediately after 'Masters of War'?",Very Hard,"Queen: Complete Works (user-supplied text), Part One: B. Solo Albums; Strange Frontier (Roger Taylor) track list"
Queen Quiz: Encore (Part 13),"On the original Mr. Bad Guy (Freddie Mercury) track list, what comes immediately before 'Living on My Own'?",Very Hard,"Queen: Complete Works (user-supplied text), Part One: B. Solo Albums; Mr. Bad Guy (Freddie Mercury) track list"
Queen Quiz: Encore (Part 13),"On the original Strange Frontier (Roger Taylor) track list, what comes immediately before 'Young Love'?",Very Hard,"Queen: Complete Works (user-supplied text), Part One: B. Solo Albums; Strange Frontier (Roger Taylor) track list"
Queen Quiz: Encore (Part 14),On which Queen studio album is 'Dancer' found in the original track list?,Easy,"Queen: Complete Works (user-supplied text), Part One: The Albums; Hot Space track list"
Queen Quiz: Encore (Part 14),Which Queen studio album has both 'White Queen (As It Began)' and 'Some Day One Day' on its original track list?,Easy,"Queen: Complete Works (user-supplied text), Part One: The Albums; Queen II track list"
Queen Quiz: Encore (Part 14),On which Queen studio album is 'The Miracle' found in the original track list?,Easy,"Queen: Complete Works (user-supplied text), Part One: The Albums; The Miracle track list"
Queen Quiz: Encore (Part 14),"On the original The Game track list, what comes immediately after 'Need Your Loving Tonight'?",Medium,"Queen: Complete Works (user-supplied text), Part One: The Albums; The Game track list"
Queen Quiz: Encore (Part 14),"On the original Innuendo track list, what comes immediately after 'Don't Try So Hard'?",Medium,"Queen: Complete Works (user-supplied text), Part One: The Albums; Innuendo track list"
Queen Quiz: Encore (Part 14),Which 2020 album was the first live release by Queen + Adam Lambert?,Medium,https://www.queenonline.com/news/queen-the-greatest-queen-adam-lambert-the-first-gig-episode-46; https://www.queenonline.com/news/out-now-queen-adam-lambert-live-around-the-world; https://www.queenonline.com/news/press-release-queen-adam-lambert-release-you-are-the-champions-for-the-world-health-organization
Queen Quiz: Encore (Part 14),What was John Deacon's father's first name?,Medium,https://www.queenonline.com/john_deacon
Queen Quiz: Encore (Part 14),"On the original Queen II track list, what comes immediately after 'Father to Son'?",Medium,"Queen: Complete Works (user-supplied text), Part One: The Albums; Queen II track list"
Queen Quiz: Encore (Part 14),"On the original A Night at the Opera track list, what comes immediately after 'I'm in Love with My Car'?",Medium,"Queen: Complete Works (user-supplied text), Part One: The Albums; A Night at the Opera track list"
Queen Quiz: Encore (Part 14),Which track closes the original Hot Space album?,Medium,"Queen: Complete Works (user-supplied text), Part One: The Albums; Hot Space track list"
Queen Quiz: Encore (Part 14),"On the original Queen track list, what comes immediately after 'My Fairy King'?",Medium,"Queen: Complete Works (user-supplied text), Part One: The Albums; Queen track list"
Queen Quiz: Encore (Part 14),Who wrote the Queen album track 'Don't Lose Your Head'?,Hard,"Queen: Complete Works (user-supplied text), Part Three: The Songs; Don't Lose Your Head"
Queen Quiz: Encore (Part 14),Who wrote the Queen album track 'Modern Times Rock 'n' Roll'?,Hard,"Queen: Complete Works (user-supplied text), Part Three: The Songs; Modern Times Rock 'n' Roll"
Queen Quiz: Encore (Part 14),Which band performed 'Now I'm Here' with Brian May before the main Queen set at the 1992 tribute?,Hard,https://www.queenonline.com/news/press-release-the-freddie-mercury-tribute-concert-the-definitive-edition
Queen Quiz: Encore (Part 14),Which Queen studio album has both 'She Makes Me (Stormtrooper in Stilettoes)' and 'In the Lap of the Gods... Revisited' on its original track list?,Hard,"Queen: Complete Works (user-supplied text), Part One: The Albums; Sheer Heart Attack track list"
Queen Quiz: Encore (Part 14),Which track opens the original Electric Fire (Roger Taylor) album?,Hard,"Queen: Complete Works (user-supplied text), Part One: B. Solo Albums; Electric Fire (Roger Taylor) track list"
Queen Quiz: Encore (Part 14),"On the original A Night at the Opera track list, what comes immediately before 'God Save the Queen'?",Hard,"Queen: Complete Works (user-supplied text), Part One: The Albums; A Night at the Opera track list"
Queen Quiz: Encore (Part 14),Which Queen studio album has both 'Nevermore' and 'The March of the Black Queen' on its original track list?,Hard,"Queen: Complete Works (user-supplied text), Part One: The Albums; Queen II track list"
Queen Quiz: Encore (Part 14),Which French film did Brian May score in 1999?,Hard,https://www.queenonline.com/brian_may
Queen Quiz: Encore (Part 14),"On the original Jazz track list, what comes immediately after 'Leaving Home Ain't Easy'?",Hard,"Queen: Complete Works (user-supplied text), Part One: The Albums; Jazz track list"
Queen Quiz: Encore (Part 14),"On the original Sheer Heart Attack track list, what comes immediately after 'In the Lap of the Gods'?",Hard,"Queen: Complete Works (user-supplied text), Part One: The Albums; Sheer Heart Attack track list"
Queen Quiz: Encore (Part 14),"On the original Mr. Bad Guy (Freddie Mercury) track list, what comes immediately before 'There Must Be More to Life Than This'?",Very Hard,"Queen: Complete Works (user-supplied text), Part One: B. Solo Albums; Mr. Bad Guy (Freddie Mercury) track list"
Queen Quiz: Encore (Part 14),Which lyricist contributed words to 'The Fallen Priest' and 'The Golden Boy'?,Very Hard,"Queen: Complete Works (user-supplied text), Part One: B. Solo Albums"
Queen Quiz: Encore (Part 14),Which Jimi Hendrix song did Brian May cover on 'Another World'?,Very Hard,"Queen: Complete Works (user-supplied text), Part One: B. Solo Albums"
Queen Quiz: Encore (Part 14),Which Another World (Brian May) track sits between 'Wilderness' and 'One Rainy Wish'?,Very Hard,"Queen: Complete Works (user-supplied text), Part One: B. Solo Albums; Another World (Brian May) track list"
Queen Quiz: Encore (Part 15),Which Queen studio album has both 'Tear It Up' and 'It's a Hard Life' on its original track list?,Easy,"Queen: Complete Works (user-supplied text), Part One: The Albums; The Works track list"
Queen Quiz: Encore (Part 15),Which Queen studio album has both 'Mustapha' and 'Fat Bottomed Girls' on its original track list?,Easy,"Queen: Complete Works (user-supplied text), Part One: The Albums; Jazz track list"
Queen Quiz: Encore (Part 15),Which track opens the original A Night at the Opera album?,Easy,"Queen: Complete Works (user-supplied text), Part One: The Albums; A Night at the Opera track list"
Queen Quiz: Encore (Part 15),Which 1997 Queen song marked John Deacon's final studio work with Brian May and Roger Taylor?,Medium,https://www.queenonline.com/john_deacon
Queen Quiz: Encore (Part 15),Which track opens the original The Works album?,Medium,"Queen: Complete Works (user-supplied text), Part One: The Albums; The Works track list"
Queen Quiz: Encore (Part 15),"Which studio in Montreux did Brian May, Roger Taylor and John Deacon return to in 1993 to finish Freddie-era recordings?",Medium,https://www.queenonline.com/news/made-in-heaven30-years-on
Queen Quiz: Encore (Part 15),Which Queen studio album has both 'White Man' and 'Good Old-Fashioned Lover Boy' on its original track list?,Medium,"Queen: Complete Works (user-supplied text), Part One: The Albums; A Day at the Races track list"
Queen Quiz: Encore (Part 15),"On the original Jazz track list, what comes immediately after 'Mustapha'?",Medium,"Queen: Complete Works (user-supplied text), Part One: The Albums; Jazz track list"
Queen Quiz: Encore (Part 15),On which Queen studio album is 'Delilah' found in the original track list?,Medium,"Queen: Complete Works (user-supplied text), Part One: The Albums; Innuendo track list"
Queen Quiz: Encore (Part 15),"On the original Hot Space track list, what comes immediately after 'Body Language'?",Medium,"Queen: Complete Works (user-supplied text), Part One: The Albums; Hot Space track list"
Queen Quiz: Encore (Part 15),Who sang 'We Will Rock You' with Queen at the 1992 tribute concert?,Medium,https://www.queenonline.com/news/press-release-the-freddie-mercury-tribute-concert-the-definitive-edition
Queen Quiz: Encore (Part 15),"On the original News of the World track list, what comes immediately after 'Fight from the Inside'?",Hard,"Queen: Complete Works (user-supplied text), Part One: The Albums; News of the World track list"
Queen Quiz: Encore (Part 15),"On the original Queen II track list, what comes immediately before 'White Queen (As It Began)'?",Hard,"Queen: Complete Works (user-supplied text), Part One: The Albums; Queen II track list"
Queen Quiz: Encore (Part 15),Which illustrated astronomy book did Brian May co-author with Patrick Moore and Chris Lintott?,Hard,https://www.queenonline.com/brian_may
Queen Quiz: Encore (Part 15),"On the original Jazz track list, what comes immediately before 'In Only Seven Days'?",Hard,"Queen: Complete Works (user-supplied text), Part One: The Albums; Jazz track list"
Queen Quiz: Encore (Part 15),"On the original Queen track list, what comes immediately before 'Liar'?",Hard,"Queen: Complete Works (user-supplied text), Part One: The Albums; Queen track list"
Queen Quiz: Encore (Part 15),"On the original Sheer Heart Attack track list, what comes immediately after 'Bring Back That Leroy Brown'?",Hard,"Queen: Complete Works (user-supplied text), Part One: The Albums; Sheer Heart Attack track list"
Queen Quiz: Encore (Part 15),"On the original News of the World track list, what comes immediately before 'Spread Your Wings'?",Hard,"Queen: Complete Works (user-supplied text), Part One: The Albums; News of the World track list"
Queen Quiz: Encore (Part 15),Who sang 'Las Palabras de Amor' with Queen at the 1992 tribute concert?,Hard,https://www.queenonline.com/news/press-release-the-freddie-mercury-tribute-concert-the-definitive-edition
Queen Quiz: Encore (Part 15),"On the original A Day at the Races track list, what comes immediately after 'Drowse'?",Hard,"Queen: Complete Works (user-supplied text), Part One: The Albums; A Day at the Races track list"
Queen Quiz: Encore (Part 15),"On the original Innuendo track list, what comes immediately before 'The Show Must Go On'?",Hard,"Queen: Complete Works (user-supplied text), Part One: The Albums; Innuendo track list"
Queen Quiz: Encore (Part 15),"On the original Strange Frontier (Roger Taylor) track list, what comes immediately after 'Racing in the Street'?",Very Hard,"Queen: Complete Works (user-supplied text), Part One: B. Solo Albums; Strange Frontier (Roger Taylor) track list"
Queen Quiz: Encore (Part 15),"On the original Happiness? (Roger Taylor) track list, what comes immediately after 'Dear Mr Murdoch'?",Very Hard,"Queen: Complete Works (user-supplied text), Part One: B. Solo Albums; Happiness? (Roger Taylor) track list"
Queen Quiz: Encore (Part 15),"On the original Mr. Bad Guy (Freddie Mercury) track list, what comes immediately after 'Mr. Bad Guy'?",Very Hard,"Queen: Complete Works (user-supplied text), Part One: B. Solo Albums; Mr. Bad Guy (Freddie Mercury) track list"
Queen Quiz: Encore (Part 15),"On the original Happiness? (Roger Taylor) track list, what comes immediately before 'Touch the Sky'?",Very Hard,"Queen: Complete Works (user-supplied text), Part One: B. Solo Albums; Happiness? (Roger Taylor) track list"
Queen Quiz: Encore (Part 16),Which track closes the original Queen album?,Easy,"Queen: Complete Works (user-supplied text), Part One: The Albums; Queen track list"
Queen Quiz: Encore (Part 16),Which Queen member was the youngest when the classic line-up formed?,Easy,https://www.queenonline.com/john_deacon
Queen Quiz: Encore (Part 16),What was the title of Queen + Adam Lambert's 2020 lockdown charity single?,Easy,https://www.queenonline.com/news/queen-the-greatest-queen-adam-lambert-the-first-gig-episode-46; https://www.queenonline.com/news/out-now-queen-adam-lambert-live-around-the-world; https://www.queenonline.com/news/press-release-queen-adam-lambert-release-you-are-the-champions-for-the-world-health-organization
Queen Quiz: Encore (Part 16),Which Queen studio album has both 'Liar' and 'The Night Comes Down' on its original track list?,Medium,"Queen: Complete Works (user-supplied text), Part One: The Albums; Queen track list"
Queen Quiz: Encore (Part 16),Who wrote the Queen album track 'Killer Queen'?,Medium,"Queen: Complete Works (user-supplied text), Part Three: The Songs; Killer Queen"
Queen Quiz: Encore (Part 16),"On the original A Night at the Opera track list, what comes immediately after 'Lazing on a Sunday Afternoon'?",Medium,"Queen: Complete Works (user-supplied text), Part One: The Albums; A Night at the Opera track list"
Queen Quiz: Encore (Part 16),On which Queen studio album is 'Fun It' found in the original track list?,Medium,"Queen: Complete Works (user-supplied text), Part One: The Albums; Jazz track list"
Queen Quiz: Encore (Part 16),"On the original A Night at the Opera track list, what comes immediately after 'Death on Two Legs'?",Medium,"Queen: Complete Works (user-supplied text), Part One: The Albums; A Night at the Opera track list"
Queen Quiz: Encore (Part 16),"On the original Jazz track list, what comes immediately after 'If You Can't Beat Them'?",Medium,"Queen: Complete Works (user-supplied text), Part One: The Albums; Jazz track list"
Queen Quiz: Encore (Part 16),What was Freddie Mercury's father's first name?,Medium,https://www.queenonline.com/freddie_mercury
Queen Quiz: Encore (Part 16),Which Queen studio album has both 'Don't Try So Hard' and 'Ride the Wild Wind' on its original track list?,Medium,"Queen: Complete Works (user-supplied text), Part One: The Albums; Innuendo track list"
Queen Quiz: Encore (Part 16),What month saw the digital release of 'Face It Alone'?,Hard,https://www.queenonline.com/news/watch-queen-release-newly-created-video-for-face-it-alone
Queen Quiz: Encore (Part 16),Which track opens the original Back to the Light (Brian May) album?,Hard,"Queen: Complete Works (user-supplied text), Part One: B. Solo Albums; Back to the Light (Brian May) track list"
Queen Quiz: Encore (Part 16),Who wrote the Queen album track ''39'?,Hard,"Queen: Complete Works (user-supplied text), Part Three: The Songs; '39"
Queen Quiz: Encore (Part 16),"On the original The Works track list, what comes immediately before 'Tear It Up'?",Hard,"Queen: Complete Works (user-supplied text), Part One: The Albums; The Works track list"
Queen Quiz: Encore (Part 16),Who sang 'These Are the Days of Our Lives' with Lisa Stansfield at the 1992 tribute?,Hard,https://www.queenonline.com/news/press-release-the-freddie-mercury-tribute-concert-the-definitive-edition
Queen Quiz: Encore (Part 16),"On the original The Works track list, what comes immediately before 'I Want to Break Free'?",Hard,"Queen: Complete Works (user-supplied text), Part One: The Albums; The Works track list"
Queen Quiz: Encore (Part 16),How was John Deacon's name printed in the credits of Queen's debut album?,Hard,https://www.queenonline.com/john_deacon
Queen Quiz: Encore (Part 16),Who wrote the Queen album track 'Sail Away Sweet Sister'?,Hard,"Queen: Complete Works (user-supplied text), Part Three: The Songs; Sail Away Sweet Sister"
Queen Quiz: Encore (Part 16),Which performer was named on the toy guitar John Deacon received at age seven?,Hard,https://www.queenonline.com/john_deacon
Queen Quiz: Encore (Part 16),"On the original A Night at the Opera track list, what comes immediately after 'Bohemian Rhapsody'?",Hard,"Queen: Complete Works (user-supplied text), Part One: The Albums; A Night at the Opera track list"
Queen Quiz: Encore (Part 16),"On the original Barcelona (Freddie Mercury and Montserrat Caballé) track list, what comes immediately after 'The Fallen Priest'?",Very Hard,"Queen: Complete Works (user-supplied text), Part One: B. Solo Albums; Barcelona (Freddie Mercury and Montserrat Caballé) track list"
Queen Quiz: Encore (Part 16),Which Jazz track sits between 'Jealousy' and 'If You Can't Beat Them'?,Very Hard,"Queen: Complete Works (user-supplied text), Part One: The Albums; Jazz track list"
Queen Quiz: Encore (Part 16),"On the original Strange Frontier (Roger Taylor) track list, what comes immediately before 'Killing Time'?",Very Hard,"Queen: Complete Works (user-supplied text), Part One: B. Solo Albums; Strange Frontier (Roger Taylor) track list"
Queen Quiz: Encore (Part 16),"On the original Strange Frontier (Roger Taylor) track list, what comes immediately before 'Abandonfire'?",Very Hard,"Queen: Complete Works (user-supplied text), Part One: B. Solo Albums; Strange Frontier (Roger Taylor) track list"
Queen Quiz: Encore (Part 17),Which Queen studio album has both 'One Vision' and 'A Kind of Magic' on its original track list?,Easy,"Queen: Complete Works (user-supplied text), Part One: The Albums; A Kind of Magic track list"
Queen Quiz: Encore (Part 17),What charity did Queen's surviving members establish after Freddie's death?,Easy,https://www.queenonline.com/brian_may; https://www.queenonline.com/news/sir-brian-harold-may
Queen Quiz: Encore (Part 17),Which track closes the original The Game album?,Easy,"Queen: Complete Works (user-supplied text), Part One: The Albums; The Game track list"
Queen Quiz: Encore (Part 17),"On the original A Kind of Magic track list, what comes immediately after 'A Kind of Magic'?",Medium,"Queen: Complete Works (user-supplied text), Part One: The Albums; A Kind of Magic track list"
Queen Quiz: Encore (Part 17),Which track closes the original The Miracle album?,Medium,"Queen: Complete Works (user-supplied text), Part One: The Albums; The Miracle track list"
Queen Quiz: Encore (Part 17),On which Queen studio album is 'Sweet Lady' found in the original track list?,Medium,"Queen: Complete Works (user-supplied text), Part One: The Albums; A Night at the Opera track list"
Queen Quiz: Encore (Part 17),Which track closes the original A Kind of Magic album?,Medium,"Queen: Complete Works (user-supplied text), Part One: The Albums; A Kind of Magic track list"
Queen Quiz: Encore (Part 17),Which Queen studio album has both 'Who Wants to Live Forever' and 'Gimme the Prize (Kurgan's Theme)' on its original track list?,Medium,"Queen: Complete Works (user-supplied text), Part One: The Albums; A Kind of Magic track list"
Queen Quiz: Encore (Part 17),Who sang 'Who Wants to Live Forever' with Queen at the 1992 tribute concert?,Medium,https://www.queenonline.com/news/press-release-the-freddie-mercury-tribute-concert-the-definitive-edition
Queen Quiz: Encore (Part 17),Which track closes the original Jazz album?,Medium,"Queen: Complete Works (user-supplied text), Part One: The Albums; Jazz track list"
Queen Quiz: Encore (Part 17),"On the original A Kind of Magic track list, what comes immediately after 'One Vision'?",Medium,"Queen: Complete Works (user-supplied text), Part One: The Albums; A Kind of Magic track list"
Queen Quiz: Encore (Part 17),"On 2024's 'Queen I', which song comes immediately before the restored 'Mad the Swine'?",Hard,https://www.queenonline.com/news/queen-i-queen-remixed-remastered-and-expanded-out-now
Queen Quiz: Encore (Part 17),"On the original A Night at the Opera track list, what comes immediately after 'Sweet Lady'?",Hard,"Queen: Complete Works (user-supplied text), Part One: The Albums; A Night at the Opera track list"
Queen Quiz: Encore (Part 17),At which London venue did Roger Taylor's 2021 Outsider tour end?,Hard,https://www.queenonline.com/roger_taylor
Queen Quiz: Encore (Part 17),Which Queen studio album has both 'Bohemian Rhapsody' and 'God Save the Queen' on its original track list?,Hard,"Queen: Complete Works (user-supplied text), Part One: The Albums; A Night at the Opera track list"
Queen Quiz: Encore (Part 17),Which track closes the original Back to the Light (Brian May) album?,Hard,"Queen: Complete Works (user-supplied text), Part One: B. Solo Albums; Back to the Light (Brian May) track list"
Queen Quiz: Encore (Part 17),"On the original Queen track list, what comes immediately after 'Modern Times Rock 'n' Roll'?",Hard,"Queen: Complete Works (user-supplied text), Part One: The Albums; Queen track list"
Queen Quiz: Encore (Part 17),"On the original Sheer Heart Attack track list, what comes immediately before 'Now I'm Here'?",Hard,"Queen: Complete Works (user-supplied text), Part One: The Albums; Sheer Heart Attack track list"
Queen Quiz: Encore (Part 17),"On the original News of the World track list, what comes immediately after 'Sleeping on the Sidewalk'?",Hard,"Queen: Complete Works (user-supplied text), Part One: The Albums; News of the World track list"
Queen Quiz: Encore (Part 17),Who led the ensemble finale of 'We Are the Champions' at the 1992 tribute concert?,Hard,https://www.queenonline.com/news/press-release-the-freddie-mercury-tribute-concert-the-definitive-edition
Queen Quiz: Encore (Part 17),"On 2024's 'Queen I', which song comes immediately after the restored 'Mad the Swine'?",Hard,https://www.queenonline.com/news/queen-i-queen-remixed-remastered-and-expanded-out-now
Queen Quiz: Encore (Part 17),"On the original Fun in Space (Roger Taylor) track list, what comes immediately before 'Good Times Are Now'?",Very Hard,"Queen: Complete Works (user-supplied text), Part One: B. Solo Albums; Fun in Space (Roger Taylor) track list"
Queen Quiz: Encore (Part 17),"On the original Mr. Bad Guy (Freddie Mercury) track list, what comes immediately after 'Man Made Paradise'?",Very Hard,"Queen: Complete Works (user-supplied text), Part One: B. Solo Albums; Mr. Bad Guy (Freddie Mercury) track list"
Queen Quiz: Encore (Part 17),Which Back to the Light (Brian May) track sits between 'I'm Scared' and 'Let Your Heart Rule Your Head'?,Very Hard,"Queen: Complete Works (user-supplied text), Part One: B. Solo Albums; Back to the Light (Brian May) track list"
Queen Quiz: Encore (Part 17),"On the original Electric Fire (Roger Taylor) track list, what comes immediately before 'Surrender'?",Very Hard,"Queen: Complete Works (user-supplied text), Part One: B. Solo Albums; Electric Fire (Roger Taylor) track list"
Queen Quiz: Encore (Part 18),On which Queen studio album is 'Man on the Prowl' found in the original track list?,Easy,"Queen: Complete Works (user-supplied text), Part One: The Albums; The Works track list"
Queen Quiz: Encore (Part 18),On which Queen studio album is 'Need Your Loving Tonight' found in the original track list?,Easy,"Queen: Complete Works (user-supplied text), Part One: The Albums; The Game track list"
Queen Quiz: Encore (Part 18),To whose spirit did Queen dedicate the 'Made in Heaven' sleeve?,Easy,https://www.queenonline.com/news/made-in-heaven30-years-on
Queen Quiz: Encore (Part 18),How did young John Deacon save for his first proper guitar?,Medium,https://www.queenonline.com/john_deacon
Queen Quiz: Encore (Part 18),Which Queen studio album has both 'Rain Must Fall' and 'Scandal' on its original track list?,Medium,"Queen: Complete Works (user-supplied text), Part One: The Albums; The Miracle track list"
Queen Quiz: Encore (Part 18),On which Queen studio album is 'Who Needs You' found in the original track list?,Medium,"Queen: Complete Works (user-supplied text), Part One: The Albums; News of the World track list"
Queen Quiz: Encore (Part 18),Which lake appears behind Freddie Mercury's statue on the 'Made in Heaven' cover?,Medium,https://www.queenonline.com/news/made-in-heaven30-years-on
Queen Quiz: Encore (Part 18),On which Queen studio album is 'Now I'm Here' found in the original track list?,Medium,"Queen: Complete Works (user-supplied text), Part One: The Albums; Sheer Heart Attack track list"
Queen Quiz: Encore (Part 18),Who joined David Bowie and Queen on 'Under Pressure' at the 1992 tribute concert?,Medium,https://www.queenonline.com/news/press-release-the-freddie-mercury-tribute-concert-the-definitive-edition
Queen Quiz: Encore (Part 18),On which Queen studio album is 'Seven Seas of Rhye (instrumental)' found in the original track list?,Medium,"Queen: Complete Works (user-supplied text), Part One: The Albums; Queen track list"
Queen Quiz: Encore (Part 18),In which year was Brian May appointed CBE?,Medium,https://www.queenonline.com/brian_may
Queen Quiz: Encore (Part 18),Who wrote the Queen album track 'One Year of Love'?,Hard,"Queen: Complete Works (user-supplied text), Part Three: The Songs; One Year of Love"
Queen Quiz: Encore (Part 18),"On the original The Miracle track list, what comes immediately before 'Rain Must Fall'?",Hard,"Queen: Complete Works (user-supplied text), Part One: The Albums; The Miracle track list"
Queen Quiz: Encore (Part 18),For which theatrical work did Brian May compose music at Riverside Studios in 1987?,Hard,https://www.queenonline.com/brian_may
Queen Quiz: Encore (Part 18),Who wrote the Queen album track 'More of That Jazz'?,Hard,"Queen: Complete Works (user-supplied text), Part Three: The Songs; More of That Jazz"
Queen Quiz: Encore (Part 18),"On the original The Game track list, what comes immediately after 'Don't Try Suicide'?",Hard,"Queen: Complete Works (user-supplied text), Part One: The Albums; The Game track list"
Queen Quiz: Encore (Part 18),Which track opens the original Happiness? (Roger Taylor) album?,Hard,"Queen: Complete Works (user-supplied text), Part One: B. Solo Albums; Happiness? (Roger Taylor) track list"
Queen Quiz: Encore (Part 18),Which track closes the original Mr. Bad Guy (Freddie Mercury) album?,Hard,"Queen: Complete Works (user-supplied text), Part One: B. Solo Albums; Mr. Bad Guy (Freddie Mercury) track list"
Queen Quiz: Encore (Part 18),Which 2009 solo single marked Roger Taylor's return to recording?,Hard,https://www.queenonline.com/roger_taylor
Queen Quiz: Encore (Part 18),"On the original Sheer Heart Attack track list, what comes immediately after 'Stone Cold Crazy'?",Hard,"Queen: Complete Works (user-supplied text), Part One: The Albums; Sheer Heart Attack track list"
Queen Quiz: Encore (Part 18),"On the original A Kind of Magic track list, what comes immediately before 'Who Wants to Live Forever'?",Hard,"Queen: Complete Works (user-supplied text), Part One: The Albums; A Kind of Magic track list"
Queen Quiz: Encore (Part 18),"On the original Electric Fire (Roger Taylor) track list, what comes immediately after 'Believe in Yourself'?",Very Hard,"Queen: Complete Works (user-supplied text), Part One: B. Solo Albums; Electric Fire (Roger Taylor) track list"
Queen Quiz: Encore (Part 18),"On the original Fun in Space (Roger Taylor) track list, what comes immediately after 'Good Times Are Now'?",Very Hard,"Queen: Complete Works (user-supplied text), Part One: B. Solo Albums; Fun in Space (Roger Taylor) track list"
Queen Quiz: Encore (Part 18),"On the original Happiness? (Roger Taylor) track list, what comes immediately after 'Revelations'?",Very Hard,"Queen: Complete Works (user-supplied text), Part One: B. Solo Albums; Happiness? (Roger Taylor) track list"
Queen Quiz: Encore (Part 18),"On the original Happiness? (Roger Taylor) track list, what comes immediately before 'Old Friends'?",Very Hard,"Queen: Complete Works (user-supplied text), Part One: B. Solo Albums; Happiness? (Roger Taylor) track list"
Queen Quiz: Encore (Part 19),On which Queen studio album is 'A Kind of Magic' found in the original track list?,Easy,"Queen: Complete Works (user-supplied text), Part One: The Albums; A Kind of Magic track list"
Queen Quiz: Encore (Part 19),Which track closes the original A Night at the Opera album?,Easy,"Queen: Complete Works (user-supplied text), Part One: The Albums; A Night at the Opera track list"
Queen Quiz: Encore (Part 19),Which track opens the original News of the World album?,Medium,"Queen: Complete Works (user-supplied text), Part One: The Albums; News of the World track list"
Queen Quiz: Encore (Part 19),Which track opens the original Sheer Heart Attack album?,Medium,"Queen: Complete Works (user-supplied text), Part One: The Albums; Sheer Heart Attack track list"
Queen Quiz: Encore (Part 19),Which track closes the original The Works album?,Medium,"Queen: Complete Works (user-supplied text), Part One: The Albums; The Works track list"
Queen Quiz: Encore (Part 19),In which month of 1995 was Queen's 'Made in Heaven' released?,Medium,https://www.queenonline.com/news/made-in-heaven30-years-on
Queen Quiz: Encore (Part 19),In which London-area town was Brian May born?,Medium,https://www.queenonline.com/brian_may
Queen Quiz: Encore (Part 19),"On the original Queen track list, what comes immediately after 'Liar'?",Medium,"Queen: Complete Works (user-supplied text), Part One: The Albums; Queen track list"
Queen Quiz: Encore (Part 19),Which Queen studio album has both 'If You Can't Beat Them' and 'Let Me Entertain You' on its original track list?,Medium,"Queen: Complete Works (user-supplied text), Part One: The Albums; Jazz track list"
Queen Quiz: Encore (Part 19),"On the original The Works track list, what comes immediately after 'Machines (or Back to Humans)'?",Medium,"Queen: Complete Works (user-supplied text), Part One: The Albums; The Works track list"
Queen Quiz: Encore (Part 19),Which track closes the original News of the World album?,Medium,"Queen: Complete Works (user-supplied text), Part One: The Albums; News of the World track list"
Queen Quiz: Encore (Part 19),Which choreographer created Freddie Mercury's surprise 1977 charity ballet routine?,Hard,https://www.queenonline.com/freddie_mercury
Queen Quiz: Encore (Part 19),Who wrote the Queen album track 'Fat Bottomed Girls'?,Hard,"Queen: Complete Works (user-supplied text), Part Three: The Songs; Fat Bottomed Girls"
Queen Quiz: Encore (Part 19),"On the original The Miracle track list, what comes immediately before 'Scandal'?",Hard,"Queen: Complete Works (user-supplied text), Part One: The Albums; The Miracle track list"
Queen Quiz: Encore (Part 19),"On the original A Kind of Magic track list, what comes immediately before 'Gimme the Prize (Kurgan's Theme)'?",Hard,"Queen: Complete Works (user-supplied text), Part One: The Albums; A Kind of Magic track list"
Queen Quiz: Encore (Part 19),Which track opens the original Another World (Brian May) album?,Hard,"Queen: Complete Works (user-supplied text), Part One: B. Solo Albums; Another World (Brian May) track list"
Queen Quiz: Encore (Part 19),"On the original Hot Space track list, what comes immediately before 'Las Palabras de Amor (The Words of Love)'?",Hard,"Queen: Complete Works (user-supplied text), Part One: The Albums; Hot Space track list"
Queen Quiz: Encore (Part 19),"On the original Jazz track list, what comes immediately after 'Dead on Time'?",Hard,"Queen: Complete Works (user-supplied text), Part One: The Albums; Jazz track list"
Queen Quiz: Encore (Part 19),Which Bob Dylan song appears on Roger Taylor's 'Strange Frontier'?,Hard,"Queen: Complete Works (user-supplied text), Part One: B. Solo Albums"
Queen Quiz: Encore (Part 19),"On the original Innuendo track list, what comes immediately before 'I Can't Live with You'?",Hard,"Queen: Complete Works (user-supplied text), Part One: The Albums; Innuendo track list"
Queen Quiz: Encore (Part 19),Who wrote the Queen album track 'Funny How Love Is'?,Hard,"Queen: Complete Works (user-supplied text), Part Three: The Songs; Funny How Love Is"
Queen Quiz: Encore (Part 19),"On the original Barcelona (Freddie Mercury and Montserrat Caballé) track list, what comes immediately before 'The Golden Boy'?",Very Hard,"Queen: Complete Works (user-supplied text), Part One: B. Solo Albums; Barcelona (Freddie Mercury and Montserrat Caballé) track list"
Queen Quiz: Encore (Part 19),Which Barcelona (Freddie Mercury and Montserrat Caballé) track sits between 'Barcelona' and 'The Fallen Priest'?,Very Hard,"Queen: Complete Works (user-supplied text), Part One: B. Solo Albums; Barcelona (Freddie Mercury and Montserrat Caballé) track list"
Queen Quiz: Encore (Part 19),"On the original Strange Frontier (Roger Taylor) track list, what comes immediately after 'Killing Time'?",Very Hard,"Queen: Complete Works (user-supplied text), Part One: B. Solo Albums; Strange Frontier (Roger Taylor) track list"
Queen Quiz: Encore (Part 19),"On the original Electric Fire (Roger Taylor) track list, what comes immediately after 'People on Streets'?",Very Hard,"Queen: Complete Works (user-supplied text), Part One: B. Solo Albums; Electric Fire (Roger Taylor) track list"
Queen Quiz: Encore (Part 20),Which Queen studio album has both 'Body Language' and 'Action This Day' on its original track list?,Easy,"Queen: Complete Works (user-supplied text), Part One: The Albums; Hot Space track list"
Queen Quiz: Encore (Part 20),Which Queen studio album has both 'I'm in Love with My Car' and 'You're My Best Friend' on its original track list?,Easy,"Queen: Complete Works (user-supplied text), Part One: The Albums; A Night at the Opera track list"
Queen Quiz: Encore (Part 20),On which Queen studio album is 'The Loser in the End' found in the original track list?,Medium,"Queen: Complete Works (user-supplied text), Part One: The Albums; Queen II track list"
Queen Quiz: Encore (Part 20),On which Queen studio album is 'Lily of the Valley' found in the original track list?,Medium,"Queen: Complete Works (user-supplied text), Part One: The Albums; Sheer Heart Attack track list"
Queen Quiz: Encore (Part 20),What was the title of Roger Taylor's 2021 solo album?,Medium,https://www.queenonline.com/roger_taylor
Queen Quiz: Encore (Part 20),Which Queen studio album has both 'The Fairy Feller's Master-Stroke' and 'Nevermore' on its original track list?,Medium,"Queen: Complete Works (user-supplied text), Part One: The Albums; Queen II track list"
Queen Quiz: Encore (Part 20),On which July day was Brian May born?,Medium,https://www.queenonline.com/brian_may
Queen Quiz: Encore (Part 20),"On the original Innuendo track list, what comes immediately after 'Headlong'?",Medium,"Queen: Complete Works (user-supplied text), Part One: The Albums; Innuendo track list"
Queen Quiz: Encore (Part 20),On which Queen studio album is 'It's Late' found in the original track list?,Medium,"Queen: Complete Works (user-supplied text), Part One: The Albums; News of the World track list"
Queen Quiz: Encore (Part 20),Which drummer played on Brian May's 'Back to the Light' album?,Medium,"Queen: Complete Works (user-supplied text), Part One: B. Solo Albums"
Queen Quiz: Encore (Part 20),Which Queen studio album has both 'Somebody to Love' and 'White Man' on its original track list?,Medium,"Queen: Complete Works (user-supplied text), Part One: The Albums; A Day at the Races track list"
Queen Quiz: Encore (Part 20),Who wrote the Queen album track 'In the Lap of the Gods'?,Hard,"Queen: Complete Works (user-supplied text), Part Three: The Songs; In the Lap of the Gods"
Queen Quiz: Encore (Part 20),Who wrote the Queen album track 'Nevermore'?,Hard,"Queen: Complete Works (user-supplied text), Part Three: The Songs; Nevermore"
Queen Quiz: Encore (Part 20),"On the original A Kind of Magic track list, what comes immediately after 'Who Wants to Live Forever'?",Hard,"Queen: Complete Works (user-supplied text), Part One: The Albums; A Kind of Magic track list"
Queen Quiz: Encore (Part 20),Who wrote the Queen album track 'Dreamers Ball'?,Hard,"Queen: Complete Works (user-supplied text), Part Three: The Songs; Dreamers Ball"
Queen Quiz: Encore (Part 20),"On the original News of the World track list, what comes immediately before 'Sleeping on the Sidewalk'?",Hard,"Queen: Complete Works (user-supplied text), Part One: The Albums; News of the World track list"
Queen Quiz: Encore (Part 20),Who wrote the Queen album track 'If You Can't Beat Them'?,Hard,"Queen: Complete Works (user-supplied text), Part Three: The Songs; If You Can't Beat Them"
Queen Quiz: Encore (Part 20),"On the original Queen track list, what comes immediately before 'Son and Daughter'?",Hard,"Queen: Complete Works (user-supplied text), Part One: The Albums; Queen track list"
Queen Quiz: Encore (Part 20),Who wrote the Queen album track 'Las Palabras de Amor (The Words of Love)'?,Hard,"Queen: Complete Works (user-supplied text), Part Three: The Songs; Las Palabras de Amor (The Words of Love)"
Queen Quiz: Encore (Part 20),"On the original The Miracle track list, what comes immediately after 'Rain Must Fall'?",Hard,"Queen: Complete Works (user-supplied text), Part One: The Albums; The Miracle track list"
Queen Quiz: Encore (Part 20),"On the original Back to the Light (Brian May) track list, what comes immediately before 'Resurrection'?",Very Hard,"Queen: Complete Works (user-supplied text), Part One: B. Solo Albums; Back to the Light (Brian May) track list"
Queen Quiz: Encore (Part 20),"On the original Fun in Space (Roger Taylor) track list, what comes immediately after 'Let's Get Crazy'?",Very Hard,"Queen: Complete Works (user-supplied text), Part One: B. Solo Albums; Fun in Space (Roger Taylor) track list"
Queen Quiz: Encore (Part 20),Which A Night at the Opera track sits between 'The Prophet's Song' and 'Good Company'?,Very Hard,"Queen: Complete Works (user-supplied text), Part One: The Albums; A Night at the Opera track list"
Queen Quiz: Encore (Part 20),Which Innuendo track sits between 'These Are the Days of Our Lives' and 'The Hitman'?,Very Hard,"Queen: Complete Works (user-supplied text), Part One: The Albums; Innuendo track list"
Queen Quiz: Encore (Part 20),"On the original Fun in Space (Roger Taylor) track list, what comes immediately after 'Laugh or Cry'?",Very Hard,"Queen: Complete Works (user-supplied text), Part One: B. Solo Albums; Fun in Space (Roger Taylor) track list"
